doc_id,filename,mime_type
1RKzjRZ2T4TkaF1s9fEPD6flQeM6zVkU3r3uin2RfhDQ,Call For Locus Open Source Team (LOST)- 2027 (Responses),application/vnd.google-apps.spreadsheet
1L_SvmmutORcLkjpoPm3jtBR6aoGLYJlN,LOCUS_2027_Community_Partnership_Confirmation_FINAL_SIGNED.pdf.pdf,application/pdf
1JSRPF3eAJ_ue7PB9wCaJdSfgEPjdemTzJ4rT1k_tGh0,"LOCUS 2027, Call For Campus Ambassadors (Responses)",application/vnd.google-apps.spreadsheet
19-Esa5EalpVPwqS__lusLvvKF7YKzYcG_IDIyq5g5MA,LOCUS_2027_Day6_Instructors_and_Mentors,application/vnd.google-apps.spreadsheet
1tTlTGe-q6LU5Ojf0CdLImerOzS2-HY-EiZ9i2G5qdbk,LOCUS_2027_Software_Fellowship_8_Day_Registration,application/vnd.google-apps.spreadsheet
1eQPMnyn38LQUntXQ0rq30q9wKCmbAsMubdmsWO6Aye4,LOCUS_2027_Day5_Instructors_and_Mentors,application/vnd.google-apps.spreadsheet
1-mDbKK-pxfNhI752D4LdPt8gbfZs8eBPjW74zP2PCRg,LOCUS_2027_Day4_Instructors_and_Mentors,application/vnd.google-apps.spreadsheet
1gvzhLHUVXR2PzmdeLXXS5shANfiPKB8KJJcaR8v2Vkg,LOCUS_2027_Day3_Instructors_and_Mentors,application/vnd.google-apps.spreadsheet
1Id00svdCX5amMCeT0nq2-xrX5cEv8gP4iY-ouUGLoGA,LOCUS_2027_Day2_Instructors_and_Mentors,application/vnd.google-apps.spreadsheet
1kHP7TqOmvbJ7zCvc8JaYD75Qa0z0sYqtrylK-hbUSWU,LOCUS Registration Sheet,application/vnd.google-apps.spreadsheet
1T810hKmvk_eWru0hcWlk48ceY1CjcD8URsiYgfmDW3s,LOCUS_2027_Software_Fellowship_Registration_Sheets,application/vnd.google-apps.spreadsheet
1qJztlU6avsu5tbY0wEYaorI2Sxfk_YEn,Locus_Prospectus_2027.pdf,application/pdf
1CfhZ1NKvl8VxNDW-TfkcXmctK9qgb4Ci,Locus_Prospectus_2027.pdf,application/pdf
1VBNXZ9kjOyPjbG3O5YSzpYBuDMil503z,Locus_Prospectus_2027.pdf,application/pdf
1YGdZb1v9zYyOy5KqCfeLHvfMKb-xWJO0ewXFvz5aaeQ,letters locus 2027,application/vnd.google-apps.document
1R8-zACq0B1H2UyfgnpuDHM8Rons8p3uEjphTXCyRFNs,LOCUS 2019 sponsors,application/vnd.google-apps.spreadsheet
1OT20Zo1d_DUL-jcQ5qE8NPc9frgQ1hUNr-0gUj7_P7Y,letters locus 2027 - Line chart 1,application/vnd.google-apps.spreadsheet
1SlGbSCCNWRJqOG0aAKjyOyIbz7L8u560t6p7IRx_yic,"Call For Campus Representatives: LOCUS 2024, Pulchowk Campus (Responses)",application/vnd.google-apps.spreadsheet
1byvRh0SJPiulJh-pN2fsadiTHkb0Kjf7SGJg1mmknoc,Copy of LOCUS 2026 expenses,application/vnd.google-apps.spreadsheet
1h5cl-h1tfM9eqFMGsOHE0TdUvSfLtisQQXDpp0t8b1U,LOCUS  POLICIES,application/vnd.google-apps.document
1cttGXumXeiNyIP7tNgik4cNEqwO-DtaUTH4U11udHi4,LOCUS Marketing Team  (Responses),application/vnd.google-apps.spreadsheet
1wy1IpOXwIHrst2oE1ZlQpGAcBpArW_fuMY__1AjewHM,Locus History,application/vnd.google-apps.document
1auUbsSXFQQu4UMs9ZtW8ZnLhkO6bMEQKCwnRAuCv_-8,Copy of Locus2026_x_PMCARC Music Eve : Call for Performers and Emcees (Responses),application/vnd.google-apps.spreadsheet
1JNgl-diuxxQHgfgwTc9CGoEUcJOuMGePscCqYRKod2s,Copy of Locus2026_x_PMCARC Music Eve : Call for Performers and Emcees (Responses),application/vnd.google-apps.spreadsheet
1ibLpiORDoMKvRykx9QX4sATJ9WRWHBfRIlGiHdl9--M,Call For Volunteers LOCUS 2026 (Responses),application/vnd.google-apps.spreadsheet
1_mpmtg2KKk6GcVnhdbA_LQwYxvuGo7RSmvl3SJPxM3A,Copy of Locus2026_x_PMCARC Music Eve : Call for Performers and Emcees (Responses),application/vnd.google-apps.spreadsheet
13ZqeqMzpdl21Hpu9HM6BnlheUackez6780O7OYZO8ic,Locus2026_x_PMCARC Music Eve : Call for Performers and Emcees (Responses),application/vnd.google-apps.spreadsheet
1e-qjdPQFDUu-UGmx3gR056q4_2dGb0HLvEsG0pouYLo,mou-RAN-locus2026,application/vnd.google-apps.document
14h3mt8YEGFDMWrPP48-y5p-AKxbPGIUwu_73YcKzzYs,Walkathon - LOCUS 2026 (Responses),application/vnd.google-apps.spreadsheet
1v8jdDksKsTgkCblRoQuLKPARqBYx16xIR5VXQPtNPjk,Copy of Locus2026_x_PMCARC Music Eve : Call for Performers and Emcees (Responses),application/vnd.google-apps.spreadsheet
1-jKAZefL8LGosTocwhsKCTBv4YwnnTNWztrItuzv3a4,LOCUS 2026 Hardware Fellowship – Feedback & Email Confirmation Form (Responses),application/vnd.google-apps.spreadsheet
1Qjwcp48JOiu4_GBwRGzc_VNgDct7gNkoVczajL6ZqH0,Dolphin dive locus 2026,application/vnd.google-apps.document
1Hc6iqYmi_vjcJ4mlivr_haVFjmyvbjS9rVe6HQr91NY,Meeting Schedule for For Volunteers LOCUS 2026 (Responses),application/vnd.google-apps.spreadsheet
1owIgzoL-cawB-BOM0367gLk51S83_eKsrHVws8Bl8cY,Copy of BOYS_LOCUS_CUP_2025,application/vnd.google-apps.document
1M7R6TLAaiRzoj98pDCIzhOorYpJEbl9F,Copy of BOYS_LOCUS_CUP_2025.pdf,application/pdf
1SxCBrSZ4eE_PNyEg2TIWvFQNC_ow-wbycywqZ7fJxXU,dolphin-dive-mou-locus2025,application/vnd.google-apps.document
1MOak3XELHL4eZn0YXRZnt5Mpuo8XU3vW,An Overview of LOCUS.pdf,application/pdf
1VvMHYtBYAHEb2hhx3ykSn9LHQD6EKTGL,Biggest Tech Event in Nepal LOCUS.pdf,application/pdf
1pHMoBq_0V87P17kz-CCVKaB1mZjhdSdX,How LOCUS Elevates Student Careers and Tech Aspirations.pdf,application/pdf
1b11Bmhz4M3ksyU301zCsvunsfsqfU8hd-eRKP1n7ryo,mou-broadwayInfosys-locus2025,application/vnd.google-apps.document
15JLsRUQeDb4h80EZ9QBebnnT1II2vha-,Locus Proposal 2026.pdf,application/pdf
1q9Pa-pnqp5J55CrhsIxJo8S2-fAypRlpKzJmYRQcOd8,Locus Open Source Team (LOST) (Responses),application/vnd.google-apps.spreadsheet
11jzSWzlrmQd37MQI0wWy8R3hnfykuhSLuB2RKt3o4tI,LOCUS X Hukut X GadgetByte Partnership,application/vnd.google-apps.document
1Bx3bwYhU-spr58JpTj-McBTuHKfLdLUCwu2y7MdgZLM,LocusCommitte2026,application/vnd.google-apps.document
16k0_aa8unrQ8ucnNWX7VHmfi3vPn2ankiKilEkF0rXE,stalls-locus2025,application/vnd.google-apps.spreadsheet
1QU7Bw0W9_YJYF3rTTKpBBfhtqM-daQ1L_XeQ9EG0H9M,closing_locus2025_library_request,application/vnd.google-apps.document
1xbfzToKFaR7FrwCDnX6_LUYIowP5EANcyfV96tuAnNk,LOCUS 2025 Confirmed Sponsors,application/vnd.google-apps.document
1Wyv6O2ed2uQwV-0uPM6p9lc_TvmFT0yFZvDlEFdV-lU,Alternative Technology x LOCUS Patternverse 2025 Closing Event,application/vnd.google-apps.document
1OCAytSIbHV4stlZT2_Rdt68KI_LuR0bKNIr9Et-CvC8,LOCUS Research Symposium Event Brief,application/vnd.google-apps.document
1Xcb3VZ3luHQsIn7xhUr0dDUA-6z2sjiiMTImHPr812c,"Outline for LOCUS Research Symposium (February 23, 2025)",application/vnd.google-apps.document
1Hxn_Y_HfZIKF2EdmDe6gJXCJaO0CI-yQHyxNgwevY3A,LOCUS Research Symposium: Paper and Poster Submission (Responses),application/vnd.google-apps.spreadsheet
1j1waNDKPhENIe2gP3kDxRLUtcXwe-u32tZ6bbFi9hDI,LOCUS 2025 Photography Competition (Responses),application/vnd.google-apps.spreadsheet
1P1782mq3EMEQzIt9hZuErp4DYO8l5pGTdLe04wtleEQ,Outline for LOCUS Research Talk Show,application/vnd.google-apps.document
1JJibZs1Gc4GPAq56xVXE_-Ba5rjBpAoSLmEipcYdRyI,LOCUS Research Talk Show Event Brief,application/vnd.google-apps.document
1OsPxJxqYELt_fXWSed5JLkcLb7rBMu3Rg8JZ7ylQXpo,LOCUS Research Talk Show Event Plan,application/vnd.google-apps.document
1Nq0YgCKb0MxYOj8Lb3AXFXF6VUZj8qbJQFIwS3mQoIA,Locus Volunteers,application/vnd.google-apps.spreadsheet
1D_lDdGe54eYK_olDT7aBIJXoHe4KS9lIL-8eZkGTWRc,LOCUSxNDA,application/vnd.google-apps.document
1_qem95ej3OW1T9S7HNsU_L2rz654Q32p,SponsorshipDetailsxLOCUS2025.docx.pdf,application/pdf
1G0jmMyFAKYArrI6FfAocXsLZQ6dNYcl_,Prospectus LOCUS 2025.pdf,application/pdf
1lznmGXgo9qiI9vRyA9GcZDVooQTJH3Mc,Prospectus LOCUS 2025.pdf,application/pdf
1kzsH-rw4ToiaxEVfzUET3OAYwk3tTpBQlMP0UWxt-vo,Walkathon - LOCUS 2025 (Responses),application/vnd.google-apps.spreadsheet
1Ho1_GRhyQva4JrOQ9e1Lkv7QC-9l8nbufOX_DGIJVLg,Call for LOCUS_2025 RoboEvents Coordinator/SubCoordinator (Responses),application/vnd.google-apps.spreadsheet
16xiqDlL66H0CNYOJevztH4jDitvTYCaa,LOCUS2025Prospectus.pdf,application/pdf
1A1qzNnm-yusPzaI-JNBCECR8WEhc5bgu,SponsorshipDetailsxLOCUS2025.pdf,application/pdf
19CoUkyciDosL-24MJ0EC2GFdj68AL43j,SponsorshipDetailsxLOCUS2025.docx,application/vnd.openxmlformats-officedocument.wordprocessingml.document
1LnyX8N0AfQGHFSP5ctHGNj_gfG7Fd7ZFZlNAnkgVX7o,Call for Locus Designers (Responses),application/vnd.google-apps.spreadsheet
1wxf9AXGgFpNQKyPvr07s5jK4MmZQgWedXy_epXcn-ZE,mou-ihub-locus2025,application/vnd.google-apps.document
1uCrzvS9_K1AaWboiXJVWoysVW9HDRjeAVC2NT5bfkkQ,locus--the--locus,application/vnd.google-apps.spreadsheet
1D8aDpwHErEoANLXZ_IaAh88vKYhWJ1SCYvxLZuKtkzs,LOCUS x NDA First Meeting,application/vnd.google-apps.document
1d3lEtIgIecRISMgq-0P8HlnsuJN4Vh3V,Copy of locus-layout-stalls.pdf,application/pdf
1hYtEGS-KcjF1i_H9H0kcmHCBZQhz5lst,An Overview of LOCUS.pdf,application/pdf
1ZcbmMSqTh9yP_ZBklSzoEhAWAZ936ZPL,An Overview of LOCUS.pdf,application/pdf
1bnFWCezObxT3GO8y89vhaSU9JAuSCX_77NsaxHbod7E,Flashmob LOCUS 2025,application/vnd.google-apps.spreadsheet
16nvUjFmipeD-XBTGtu5tpZPymecniCr2,SponsorshipDetailsxLOCUS2025.pdf,application/pdf
1p6WzLEBqwNBwebz560-MhqvqJ9PJQJEk,Locus Hardware Components Remaining.docx,application/vnd.openxmlformats-officedocument.wordprocessingml.document
1el1IYs6HFv5bDZY5rIwMrnzUgJjIL5IT,Prospectus LOCUS 2025 (2).pdf,application/pdf
1T8xA_dAjYw3YDSCGpab0gnocWqCI6ifx,SponsorshipDetailsxLOCUS2025.docx,application/vnd.openxmlformats-officedocument.wordprocessingml.document
1a8R6_-NPfph4CTOLsPJTuDKp8mUROKSh,Locus IOE.docx,application/vnd.openxmlformats-officedocument.wordprocessingml.document
1r79WTHeWNkC-pcrLzfIvqjeKltG5asJh,Prospectus LOCUS 2025.pdf,application/pdf
1bWv38r4llsF3QFaknnHfbeERgVDc9e7T,dolphin-dive-mou-locus2025.pdf,application/pdf
1R7IyM8TSUMHAUX5mCiOtPo93XQc1ZDb2,Prospectus LOCUS 2025.pdf,application/pdf
1qym1myWsvmlskgovyY7_Y6Qn4FWTo_r4,Prospectus LOCUS 2025.pdf,application/pdf
1i3Aa5ZN-91X11QNQC3VYNDAnhZpjfnW6,Prospectus LOCUS 2025.pdf,application/pdf
1JtYYK6re8TtUiInj41xBkxwztvh12m6i,Prospectus LOCUS 2025.pdf,application/pdf
1Ip8WLIwTkKRI4An0_COh4j4cCVzS262Q,Prospectus LOCUS 2025.pdf,application/pdf
1QhdXytZgdW6E2VQuA9dx9HQREFeDMQ0M,Prospectus LOCUS 2025.pdf,application/pdf
1tfSuQ9f3Z3wmlhFwd1skhTzSVAC8fTyv,Prospectus LOCUS 2025.pdf,application/pdf
1y-6DIenHxbkXX9eslC4DEvZMqMpeuK3c,Prospectus LOCUS 2025.pdf,application/pdf
1ErotB4owtZE_-cseBKfERPPr37YKZAF_,Prospectus LOCUS 2025.pdf,application/pdf
1N_F5vPinS7-PqzZ6_iRwQl9n2pPf5wJQ,Prospectus LOCUS 2025.pdf,application/pdf
1r1amXdLqJddKeGAlFDTntC_otqsvtwYk,Prospectus LOCUS 2025.pdf,application/pdf
1fQoIFZRK1jT_Xxc3cXZXN_yiibitgZAr,Prospectus LOCUS 2025.pdf,application/pdf
1uhJJm5a4KV2P1qR6JibwVnGVayeB-tTC,Prospectus LOCUS 2025.pdf,application/pdf
1g0bXDw5oDF14I3IUBPtb_UK1CKVdJvz8,Prospectus LOCUS 2025.pdf,application/pdf
1ewLBmj4wir6ZDNE1FcjAtFt_wDsRQAEm,Prospectus LOCUS 2025.pdf,application/pdf
1wkac9BaM5eWQy61JMwsR9Td3yZGoXvK4,Prospectus LOCUS 2025.pdf,application/pdf
1tgP1KF-AssRpmNiqRZqIErdDSTOjOGyo,Prospectus LOCUS 2025.pdf,application/pdf
1mn0IB9GwXnTtMTEkmUErN54lV7Ks_ziX,Prospectus LOCUS 2025.pdf,application/pdf
1wqb3tDH4eTmmYsyjUA747dSYe9b-Lxjt,Prospectus LOCUS 2025.pdf,application/pdf
1qIkrVEZ5Fyq69PJ76MgNKKs32a6Zvd4X,Prospectus LOCUS 2025.pdf,application/pdf
1saZw29JZ3_uxcfKsG8pJVw6E8CxdZeSp,Prospectus LOCUS 2025.pdf,application/pdf
1jbkPmXx-LQfg9TnVmE7hykXoZuKLow4D,Prospectus LOCUS 2025.pdf,application/pdf
1exyHRLa77Gl8-t2vN_OgsI4WU03_BgF0,Prospectus LOCUS 2025.pdf,application/pdf
1nCclzEZCFDZm3o5Z5q_J-oAzxJq9icnx,Prospectus LOCUS 2025.pdf,application/pdf
1ri5ukDcHjm2CQKIgyV-_NUqoO_03ck_T,Prospectus LOCUS 2025.pdf,application/pdf
1m2VgnPl-_IAIYdJERwHKpd0hIeTN6WBk,Prospectus LOCUS 2025.pdf,application/pdf
12dAVCH6FJioxfN1JKKGzyy2GF4JVONgmyx4JOBrfxoQ,Call for LOCUS Research Collegiate  (Responses),application/vnd.google-apps.spreadsheet
196vGBTx86CnIc8UH9A3ZNLZfpVUimcNW,LOCUSXNAAMII.pdf,application/pdf
1NxSfBk68yHsQZk4TVQkAYQi8SNMQuk4k,Prospectus LOCUS 2025.pdf,application/pdf
1ivoV0J7hdld5Phg4-TnQmHDsE4poCegA,Prospectus LOCUS 2025.pdf,application/pdf
1FsGpz65CO5qxxTzyKf1hQYHd99Ttjm7L,Prospectus LOCUS 2025.pdf,application/pdf
1hd2-nUiRu2ryr4eF8JRf_40qOuRSYsvV,Prospectus LOCUS 2025.pdf,application/pdf
1IL5WkOgfw6SWWLeQLAxk93M69NWyWDl3,Prospectus LOCUS 2025.pdf,application/pdf
1e-KdbWMgkJhBT31oVUHOqRcy8WV7AFJL,Prospectus LOCUS 2025.pdf,application/pdf
1KgCBeklovix6-j-Q1Jbhyh7M4UtJLFsg,Prospectus LOCUS 2025.pdf,application/pdf
1yXoSPbzCYC3beXTczaRMK536Md0MB-HK,Prospectus LOCUS 2025.pdf,application/pdf
1SOfjjAYFkPwT9ZmD7VJresjG_j-BUOxX,Prospectus LOCUS 2025.pdf,application/pdf
1S41giObI_p-nFuxlh30RpbpLoh8INQSS,Prospectus LOCUS 2025.pdf,application/pdf
1FDp8itRxGOZ2B2-oS--lRrwb7poLOjFC,Prospectus LOCUS 2025.pdf,application/pdf
1OkDhsjdJj5fIO6cDvDXasBe3_YLlzb-P,Prospectus LOCUS 2025.pdf,application/pdf
1w6nJDRrCF2ALxBqZXl74vDM96Bg9Szp0,Prospectus LOCUS 2025.pdf,application/pdf
13oh-x_S6TGYWoXWlCM1MgOtnufjurewJ,Prospectus LOCUS 2025.pdf,application/pdf
1C34ELPoLWb1Q2vmpkzogtjZrQaKqvkLG,Prospectus LOCUS 2025.pdf,application/pdf
1mHfiz0C2F2RJBl_Ctam3fFvPnUKKUURM,Prospectus LOCUS 2025.pdf,application/pdf
19fOvW6oRpvOzLquNN_ipw54ZleCYs3Gv,Prospectus LOCUS 2025.pdf,application/pdf
1jVrJ_0YJQNUgG3lkN1A_TLsutEworNmk,Prospectus LOCUS 2025.pdf,application/pdf
1K5ORjmAqBB-ZPW9xDTrihHoSonfR6L2Y,Prospectus LOCUS 2025.pdf,application/pdf
1CNqm-S83mnmAe7oGScfmS-xlwlTzzmLO,Prospectus LOCUS 2025.pdf,application/pdf
1D-64sW0NrRE-45E6gWyRTwEB6bK6qk2j,Prospectus LOCUS 2025.pdf,application/pdf
1uDRG9fLMAw4PYmY6E1zIkyqM9SDdBXDU,Prospectus LOCUS 2025.pdf,application/pdf
1rl0ZwUHhwwyYCzJ5Gzb3yDLX05v3XUqJ,LOCUS2025Prospectus.pdf,application/pdf
1yNXveisLkd2eSVp-KQJNRjdjq534abvc,Prospectus LOCUS 2025.pdf,application/pdf
1CH_vqpLdhCINCzyYAikP6ml045EESa75,Prospectus LOCUS 2025.pdf,application/pdf
1nF7Z_sEu8a7uOGLkhO3YzrzMs3ODRbQT,Prospectus LOCUS 2025.pdf,application/pdf
1qGBguNrLhVuB1FS6Ce8ueHGoNlscBuQk,Prospectus LOCUS 2025.pdf,application/pdf
1OsPMDGIJb923oJI_sGNqNY5cMkoapIXg,Prospectus LOCUS 2025.pdf,application/pdf
1NG8qwhJO_fNWPvaqX3YSxmfLkNP5l2Ab,Prospectus LOCUS 2025.pdf,application/pdf
1qPlg-CD3O5ott0Hl7M0qy-0YLd7lhQ_C,Prospectus LOCUS 2025.pdf,application/pdf
1AmLOGpOzPfCnMSrxX6Xt7PzT6JW-OZ8Z,Prospectus LOCUS 2025.pdf,application/pdf
1OZ8UgecyK5g_uibTRTHmcPfwhrfBwPlt,Prospectus LOCUS 2025.pdf,application/pdf
1Itnq4UaEmoJ4yzYFvJEXTaKe-FX6cfki,Prospectus LOCUS 2025.pdf,application/pdf
1D0FWbGWuGFa1WDG_hZCXz5zgACmEBoJy,Prospectus LOCUS 2025.pdf,application/pdf
1ALOMxuBe3mmp4XcRu77w9OU13qjpDz3u,Prospectus LOCUS 2025.pdf,application/pdf
1FTlw6dEaHeObJ4qqadgft_QwSxalYL0o,Prospectus LOCUS 2025.pdf,application/pdf
1mGShf7WOlFJpnGYdNKtXBRD-fmEpva_t,Prospectus LOCUS 2025.pdf,application/pdf
1OZSQHMSmPPzZXjZ7tIqfNPT4vYntznH6,Prospectus LOCUS 2025.pdf,application/pdf
1QiR7sv2GSPTtxDs35zm63c3Gg0OZltS0,Prospectus LOCUS 2025.pdf,application/pdf
1rt5HkjIEoHTu7P70bpywxqqmWThjBBDx,Prospectus LOCUS 2025.pdf,application/pdf
1pRBP9Jo4YvuVQ83-YzTqYpmPOusCzKah,Prospectus LOCUS 2025.pdf,application/pdf
1wZET-LyEL5oHUHHtdK5sgzktXG_LpDRa,Prospectus LOCUS 2025.pdf,application/pdf
1hCvd_vvuxwCJk-VAP4ST5UjYhWk-uXFY,Prospectus LOCUS 2025.pdf,application/pdf
1xZIQ4DXmRrvzgIQ3m-LgNtni7q0lovkk,Prospectus LOCUS 2025.pdf,application/pdf
1la-hFKcScfJn3lVl2tp9birPms_gHS26,Prospectus LOCUS 2025.pdf,application/pdf
1zwINIYZRILp5p02cYdd-XJiFqKRNdr_e,Prospectus LOCUS 2025.pdf,application/pdf
1geVBbzpmwVHZcpvkzAU6JPHL3rgWnMoN,Prospectus LOCUS 2025.pdf,application/pdf
1t6wYKVlSHiFrKMSigWZSpaoZpWjG4Eft,Prospectus LOCUS 2025.pdf,application/pdf
1pWdzL4L_-L8N4YnqrUPiUDm9i4xlOI2H,Prospectus LOCUS 2025.pdf,application/pdf
1-VEAXY6PjXuZKBGMAoF-57lU_jhgp5Rg,Prospectus LOCUS 2025.pdf,application/pdf
1HaapBISKsY_NtWq7kvIs70eLl8fgo-Gv,Prospectus LOCUS 2025.pdf,application/pdf
1HZQXgRfzEy-U_3brYOcs9E80YGwUwZ4n,Prospectus LOCUS 2025.pdf,application/pdf
1vThZ2E0XVt2tMTO_IPe9TSvS_nD3n3D1,Prospectus LOCUS 2025.pdf,application/pdf
1epZf0xfxhHw-UP7dZxR27vHayrE98wRt,Prospectus LOCUS 2025.pdf,application/pdf
1m_UJ7mn3VfWHRoDpbpMQqMoAmHWY8zDy,Prospectus LOCUS 2025.pdf,application/pdf
1kauoMwwbC0plMT3--uXbVUUljtPwTu8F,Prospectus LOCUS 2025.pdf,application/pdf
1SuZCJ_kHohSsfoCaTURleZvn0bW0avNy,Prospectus LOCUS 2025.pdf,application/pdf
1nYDnX2JIFEvfDeC1_SIpqqwP6GTA8Crn,Prospectus LOCUS 2025.pdf,application/pdf
1SIAr1EdVv1u5V7MYGeEyE9wZ-yOLfWdW,Prospectus LOCUS 2025.pdf,application/pdf
1H9dxaAw3F3bFEko94Kfj0oE4tMiqk6nC,Prospectus LOCUS 2025.pdf,application/pdf
1CzK8wGLTPAoZ2ngwY7i90BlKX3o5Gkem,Prospectus LOCUS 2025.pdf,application/pdf
1fJmqwTFof9w3KZVJdErMryyARCFVsPYd,Prospectus LOCUS 2025.pdf,application/pdf
1HKIG9NeS6B7Y0aOYPNU8u7UBwg2-1PDQ,Prospectus LOCUS 2025.pdf,application/pdf
1IuIukkY8nf0MxHKag3EucddLZMTgYLhu,Prospectus LOCUS 2025.pdf,application/pdf
1a_Qss-9Aw6gCrJ0bwtnsUjDq1gLFKA4L,Prospectus LOCUS 2025.pdf,application/pdf
1mtbeirT-OwdtEhjyy1kw-xiqIZMDXxrO,Prospectus LOCUS 2025.pdf,application/pdf
19_ykAFNRRlhNx1tQniKjm1hOG5jvgXAz,LOCUS2025Prospectus.pdf,application/pdf
1eBzlms1WMeLyVA6PEG5OdkSZCtMM6Drp,Prospectus LOCUS 2025.pdf,application/pdf
1ko9FAFIj0U5lYLfZb4mSKeuTPvrGOsZ1X0eAMZihARM,HWF-Reg-Form for LOCUS CRs,application/vnd.google-apps.spreadsheet
1902AMFugq9qizpOwrA8nEzwP6oto_fdj,Locus2025_Prospectus.pdf,application/pdf
1emxvJPJUYdzt4clkaqoVWWotZFOvApjo,Locus2025_Prospectus.pdf,application/pdf
1PWkhpff9ZQrZIQszXLnd7u05I4TSXEFR,Locus2025_Prospectus.pdf,application/pdf
1XACrd4v3MP3z9ZhG9b5VLqLUwV7--jeX,Locus2025_Prospectus.pdf,application/pdf
1JVyymeCMt-IPUAqQ28LCCpbPjCiKy2Lx,Locus2025_Prospectus.pdf,application/pdf
1U4PSJiRvmR7TtoEQuYXzEFQXRNDARRJ9,Prospectus LOCUS 2025.pdf,application/pdf
1Z7HGtib8Xi92T4QQCMcyUyh_0GFg8bqB,Prospectus LOCUS 2025.pdf,application/pdf
1lz3J7x1bd8kEMLL6BBWbMmPKtPk72kQJ,Prospectus LOCUS 2025.pdf,application/pdf
1Wj4olI17kE0R3rGQ_jY5TqLeiNlgB3AA,Prospectus LOCUS 2025.pdf,application/pdf
1GEcUgChkEUwPrLyajmXKjTrsHGcmLa8y,Prospectus LOCUS 2025.pdf,application/pdf
1MucQ_9iIgrywCEOB2CrCMqfRsw0-CJq7,Prospectus LOCUS 2025.pdf,application/pdf
1tNuR02MFuQxApdzMJnuyfCP74fIcWvPF,Prospectus LOCUS 2025.pdf,application/pdf
12lyefMoe0ItPPGePfcF_achuvXYQEFH-,Prospectus LOCUS 2025.pdf,application/pdf
1LeOiFXl5tO5bWBYZd_k86s7q7fa8Zo06,Prospectus LOCUS 2025.pdf,application/pdf
1jAN-zHV3x3-Se23wlc0zK-WXcLQobmzW,Prospectus LOCUS 2025.pdf,application/pdf
1E2zLVKFWxOyNkC9MnfZ2gTf1zZXdrwIF,Prospectus LOCUS 2025.pdf,application/pdf
15gy5gcA0vkTr6qMyWQ48ch7okGMAAtST,Locus - AD Banner.pdf,application/pdf
1cPhOdJKNiDWq4UM7xGPrRA57P55s0FIckN49GuUrASU,PreEvents Detail- LOCUS,application/vnd.google-apps.document
1tf-tysYk1xpELZpyNS0E_b3hpeSfxJOkmTUrjFlP48g,"Call For Campus Representatives: LOCUS 2023, Pulchowk Campus (Responses)",application/vnd.google-apps.spreadsheet
187uFLwdAFA7WqkdR-5YgNKlpNaPRhKvK,LOCUS 2024 Prospectus_draft (1).pdf,application/pdf
17Kmoz81BmRTJIxzIF_NdPtUug08kwoNSTEKnl7twAkc,GIRLS FUTSAL- LOCUS2024 (Responses),application/vnd.google-apps.spreadsheet
1DTZYRDasLGNnmTwmqh4EVvnqYtxDMIWposkzWnCdDSI,LOCUS MUSIC EVE,application/vnd.google-apps.spreadsheet
19dySKnhOZO2VYqCJX-jxX4JSOsQpGIIi,theme_locus.pdf,application/pdf
1_9c0avB6JEE4DjHCllzkJHGoI6SJrLdX2op4lVrJRwQ,Locus Video Editors (2024 New)  (Responses),application/vnd.google-apps.spreadsheet
1q8M_vVzcip4tdHLCfyVcdowx4D3_y8ro,LOCUS_2024_Theme.pdf,application/pdf
157-2_mkULEres0vbkbQm4qtgryplDbYo,LOCUS 2024 Prospectus_draft.pdf,application/pdf
1jricm_M9G7-2AWOvTWlAuqqAGvzOG5K-,Sponsorship details LOCUS 2024.pdf,application/pdf
1Cyhr6dZ16r56NBjLw0myEpNmuZRlVoOL,MOU_LOCUS and connectIPS_Sponsorship_10122023.docx,application/vnd.openxmlformats-officedocument.wordprocessingml.document
1Hj4c8kJRSz5HBO3_x8qwyOoDxTaInyUM,LOCUS 2024 Prospectus_draft (1).pdf,application/pdf
19oE90FaKXMbKNDBaXWLmI0DdLTT7RY9x,LOCUS 2024 Sponsorship details.pdf,application/pdf
1k_81NeY9MV3zT7jXfdAjedkjHnV5fM6E,LOCUS 2024 Sponsorship details.pdf,application/pdf
1Uxy1Gz61xf_dS7sos7lclk0DvFmHiG8W,LOCUS 2024 Prospectus.pdf,application/pdf
1RCb5JxPlLXGoMAQOTk5a4SzJliGlh5TjLuEWKSRBuEA,Copy of LOCUS2024_CIT_InsideValley,application/vnd.google-apps.document
1NQfsDjB1Sbz4-rdSTjg5E5dlVRvjnSgU,Non-Disclosure Agreement Locus _29112023.pdf,application/pdf
1dYOMelz2AHJY9B0RMzEEgTh-83_uTjdP,Locus Photography Proposal.docx,application/vnd.openxmlformats-officedocument.wordprocessingml.document
165wAwjylSH4ZGqCtxJkDQ8ss2pn2M-PQM6CUQC5w2SE,LOCUS MOU,application/vnd.google-apps.document
1D2b5LiLzTMZP03sNUfeJGiKX1dp_p_Qi,LOCUS MOU.pdf,application/pdf
1sd760u-tCTTBBmH1WsK2VWOx0lcb8Geu,Agenda for LOCUS Theme Release 2024.pdf,application/pdf
1tykqQL3NrZFTD21LLtmPkxXTDBrnytW8R9lzDhuoin8,TENOSR-LOCUS-MoU,application/vnd.google-apps.document
1ht-8w3Gve6S1hpxngsDZmdqb9WfrkObfZfs5ay-gMq0,"Locus 2024 tiktok team, videography team, videoediting",application/vnd.google-apps.spreadsheet
1RNhwVF-FQ0EJPrfCoty3lDWBo28cG_p38E1rBfay3uk,LOCUS 2024 media team social handle (Responses),application/vnd.google-apps.spreadsheet
1Y-JNKf7xTJU8nashdnSanVuEvt67u18pmlg-Xl3504M,Locus Software Team,application/vnd.google-apps.spreadsheet
1jvoAO41LIMV_DlJzJokSXwXcPAyOlfIWZeM8l1rRDLc,LOCUS 2023 Exhibition Report,application/vnd.google-apps.document
1RLz9PkIPX8PBoHUhKm1D__IupE-mt0ypA6TWbnm5zzM,fablab x locus log sheet,application/vnd.google-apps.spreadsheet
1d1urIsq2nKlMGlS91rCzalqEDq1syLeIR3bJeCyGETs,Copy of LOCUS CD with email,application/vnd.google-apps.spreadsheet
1bQUzFmleSe6fyJyE1FK80_-sh5JIiRKeEJL4j5gTVgE,LOCUS CD with email,application/vnd.google-apps.spreadsheet
1aO6gsXj--tPiVOz2Nr3YjKujOp81Q7IMJOBReOkzqWw,Locus Projects spreadsheet,application/vnd.google-apps.spreadsheet
10MMF4SLOMqY7Z8jWEdwus8v16zSQC5-S,+2 Quiz LOCUS 2023.docx,application/vnd.openxmlformats-officedocument.wordprocessingml.document
1558ZPfq_D1QGq3e7uLLatiEHYk7e7w-1,Locus Photography Proposal.docx.pdf,application/pdf
1aYjqkiz5rU6r9cZIVKi2zQ0zOeiRf-M3dca9gCg_1RU,Copy of WTIU Subgrant contract with LOCUS and WLiT,application/vnd.google-apps.document
1M7SOPKHSdXPQn6pFXaFlS2XfibNA4f8y,f1soft_locus-MoU.docx,application/vnd.openxmlformats-officedocument.wordprocessingml.document
1f3wyRTe21ShOsHfi2EbQ7mq9ZUi7jczNMxEq1NSxmPg,LOCUS college visit schedule for info-session,application/vnd.google-apps.spreadsheet
1JSUrWaCSvvnWhX67mDyvc-ASFaQQ3tG8,ProspectusLocus2023DigitalView.pdf,application/pdf
1gtYQBsU-SdWQaMZnvP3AOWWYUXSEw4nVc1iOL1gON6w,LOCUS Meeting: 2079/08/25,application/vnd.google-apps.document
1TqPmYNlc99FMTNzCoaMwOzGqVEs9wkYq,ProspectusLocus2023DigitalView.pdf,application/pdf
1MWyzB8ebPKBkzEsr6nDYzcS3GDg9-2VM,ProspectusLocus2023DigitalView.pdf,application/pdf
10KVWyp7xnNcULfltj9KryR7r89E_TPpg,LOCUS 2023 Project Guidelines.pdf,application/pdf
1XVeAQ6UVznJPc4jSQmYx8DBFbfDfBjsC,LOCUS 2020 Report Compressed.docx,application/vnd.openxmlformats-officedocument.wordprocessingml.document
1T_BKUyqmzr-_PcYELpqfbLSMM9wifY6Hdwx82JU-d2g,LOCUS Project Registration Form (Responses),application/vnd.google-apps.spreadsheet
1Roj_zKq-ZwNprg2eDd901voP0ikW0Sz40nhDrk6PpWQ,LOCUS Photography Competition Registration (Responses),application/vnd.google-apps.spreadsheet
1W1dCFfARcj3x0W_DgjWY4A8fOOSo_IgjisDcgitb7mA,LOCUS,application/vnd.google-apps.document
1UOe1dbXudBDfuumu8ps_R6XoEDEi0w632rGCuxZVlqc,Locus Plus 2 Colleges List,application/vnd.google-apps.spreadsheet
1amjZTSac0W9soFZGS2XLSIT6jOP5igHQ1-eR6RcAdXM,Winners of LOCUS Events,application/vnd.google-apps.document
1GZJ_bMd9_Hb9QnfQMHNd5AN92Q_bwpHp,Locus Spelling fix.pdf,application/pdf
17Y1nDeQLz_CQSNnWD5Ldg-kV5farSiZqjNYs1RwsD7M,LOCUS Instrumentation Project Registration Form (Responses),application/vnd.google-apps.spreadsheet
16FTdGdKAD7LOuF9dJJUqYCwY-tlhpNsOAK-41vjqE6I,Locus 2021 Sponsorship Agreement,application/vnd.google-apps.document
1CPos3347BHZEc8ebwaA01am3-iUmgsVr,Locus 2021 Sponsorship Agreement.pdf,application/pdf
1OVv84bwKVVVoWCaejNofKfqNLmWDfUr9x1D3uymzGm4,DOTA Locus Gaming (Responses),application/vnd.google-apps.spreadsheet
1guV25X_TpyLsQ7LDYaC5ikuPx6YtdwDROt5YAiiM6vU,LOCUS Committee 2021 Form,application/vnd.google-apps.spreadsheet
1bVMywlccLCRskBgZ_jwCYhi5m5JZv42R,List of Business Incubators NEPAL LOCUS Institute of Engineering.xlsx,application/vnd.openxmlformats-officedocument.spreadsheetml.sheet
1sZ4DQgnpGLDj7uys5YWIR87F1WUahBIuZpKw6fkDp1E,LOCUS Refund/Material submission form (Responses),application/vnd.google-apps.spreadsheet
1JlEvnGBCdNrhYk1LcUqNniBeZvmiDwMxMWlG8a0lJNs,Second LOCUS-GCA Webinar on Azure (Responses),application/vnd.google-apps.spreadsheet
1FJRk3ORb0OFoyN5YL_w-PjTMnUTj4V0TL47puooKA0Q,LOCUS GCE Azure Contacts,application/vnd.google-apps.spreadsheet
1BhvuxuMhYyANAXsF8_C8eTGQU56Yr1vosG8_ZoEEvK0,LOCUS GCA Azure (Responses),application/vnd.google-apps.spreadsheet
1YAoZu8Lb3MQIX4xqpuHA1YcF5wETC-DulsfiMoMBq24,LOCUS GCA Pulchowk Workshop (Responses),application/vnd.google-apps.spreadsheet
1xJ4xLWDQq5uNtufU3v7rI1DEx96lSJfCx7vy2qpNFMc,LOCUS Projects Judging,application/vnd.google-apps.spreadsheet
1t-8L4z5jRJgQeP9FxBsOaSY2a73aEpFtyO4J4T3mAN0,LOCUS Documentation Submission form Form (Responses),application/vnd.google-apps.spreadsheet
1orMWNHcWudeu0JC4Sl9GKfPoS6m0pG_dRFu1tI0i0RA,Guests for LOCUS 2020 ,application/vnd.google-apps.spreadsheet
1FHdVkPj76PhItyIfUfqQbywdPTyfQlfLzLwrWWPUFkI,LOCUS 2020 Volunteer form (Responses),application/vnd.google-apps.spreadsheet
1q1IFvP8hEEc0UHX9IpNmgIWxdMRzpqV1_wmuwmm0BNE,LOCUS Walkathon Participants,application/vnd.google-apps.spreadsheet
1TMxENhUc5eDO0PoJfd9TriwRky3lrozeXkXpk6ADmvg,LOCUS 2020 CR form (Responses),application/vnd.google-apps.spreadsheet
1HUJOe6deYN6qfv6S2tnWE11QxqQv0uyHTiri6X3rSQ4,LOCUS Scavenger Hunt,application/vnd.google-apps.document
1Pbqwf_aZ7tMNTWw6ZlQ7P0Isbc68ud0sZlyZQyM3PlM,Locus Marketing Assignment,application/vnd.google-apps.spreadsheet
1I1E0bN0HPTCeLR4aS8GUQzbWKXn4yMtxQNilxxIWGe0,LOCUS Photography Workshop Registration (Responses),application/vnd.google-apps.spreadsheet
1dly_TQEWPySsxcyAobdwlqcpt9gCdQn-3zI_ycMpFOg,Locus 2020 Electrical AutoCAD Workshop (Responses),application/vnd.google-apps.spreadsheet
1HDubf80LdZbC2q0RqGzU_5YDBjHioSm94LDdtmRSEGU,LOCUS 2020 Participation form (Responses),application/vnd.google-apps.spreadsheet
1igIkmh6VCA3tvPNUiVRzZTLhZHYQ79gJpre81TN7ctk,LOCUS 2020 Workshops and Seminars,application/vnd.google-apps.document
1m_Hr_fGf3dOWT89hWmo7wsOEbDfneFdk,LOCUS Cup Khalti Poster.pdf,application/pdf
19XPU8D63pTGCwgQOyKUcsMy1I3bMiNah,Locus Cup A4.pdf,application/pdf
1W9Vu3GPsDLJpYXbWJA3NI0WOFqoMluBY,Locus Cup A4.pdf,application/pdf
1f7amt5_C7Kj0h-8M_tM7NL8CimOocBJy,Locus Cup A4.pdf,application/pdf
1Qkx7niP_iIANbWQTFEONx3rkSshPV0w3,LOCUS Cup Khalti Poster.pdf,application/pdf
1iK9vhv0DBvOH6dCE2vAhzJHS3eMVnLX_lW4et6HYtJc,Report LOCUS 2019,application/vnd.google-apps.spreadsheet
1D5KZDkljM73YGqL_wX6O-Z-5CHz2CVaODNIZ7_sHjo8,LOCUS 2019 EXHIBITION MANAGEMENT FORM (Responses),application/vnd.google-apps.spreadsheet
1gwxp7xg27EkGzJzoI7yzhG_heKZLZXd9,LOCUS 2019 proposal.pdf,application/pdf
1gQsrYx4ScUZgsosgFxfEXmzxC2ttdbkq7_feFhNHsCY,LOCUS 2019 FLASH MOB REGISTRATION FORM  (Responses),application/vnd.google-apps.spreadsheet
0B8ptdYzYr7_xMm9QMU5mZXlDRHRHeE5SNXJzSWFzdjlzRzk0,Locus design.pdf,application/pdf
1aQWac_sIJJf2lse4J6nrnAJDh4azZzODFKpqHEB8RGk,LOCUS Sponsors 2018,application/vnd.google-apps.spreadsheet
1dgwJ8y-K6ZjURFnUjzwP69LmnPVTJyes-7600Eq096Y,Reference no for letters.,application/vnd.google-apps.spreadsheet
1TdEcYJmDbs_qUb3WFMtmquLwbtQHmoscDfxSFgjXdZ8,Copy of energy_building_hall,application/vnd.google-apps.document
1bFC7VR6vlacsiDP_FuU6pgx9j6QFWy9auFcRBBGM7Vk,energy_building_hall,application/vnd.google-apps.document
1jYh49Gm5ddnPi4A9r_mjO94R-9AGOZX2wvPkfsLFr2M,Copy of blank,application/vnd.google-apps.document
1RiaS82_wWRqxxKsVt5MHCnPGoeEg9i6uBNotFGTDffo,blank,application/vnd.google-apps.document
1oQlG5NdIjgsIPfOSMyoXCKx6AplRebqV,sponsorship_letter(final).docx,application/vnd.openxmlformats-officedocument.wordprocessingml.document
1qR1KGV55LK83GBjzJeap0d1OM8nLotjPAYTZ4PWUiac,light_repair,application/vnd.google-apps.document
1woZnH_-s2pweMBuSbajNNOuOyZ1BKsJL8VWTZkjICOg,sample_letterhead,application/vnd.google-apps.document
13oxmnkftRxO5cd7ILuxdVxITOz-1dgrsP4Li1sk4v5k,Red hat Academy Free Courses (Responses),application/vnd.google-apps.spreadsheet
1F5qQ9MGMqXjKP5qlpvDIZf713x2ivSz2ixa9W1A_Ts0,library_hall_quiz,application/vnd.google-apps.document
16exUXmp3STGG4TWUsP2TWurgrnR_2D2-fonaDUfQG04,invitation_closing_ceremony,application/vnd.google-apps.document
1mk2OkP2GFOaZnagegFftz0yw6liLTu59uIlBTn4UUWA, Fintech Info Session (Responses),application/vnd.google-apps.spreadsheet
1rjAuFyFMKYQiU7C-bH33KOE7UnudFVLDf8Py5qxGsMc,ictcconf_letter,application/vnd.google-apps.document
12FSPiLD_7ywAA5vqYWQc8au-Pz0SSl-C4UEjrVCTQEo,fsu_fund_locus,application/vnd.google-apps.document
1dxZYopr_R_O6CdlkjKd484bVQ_C7xji8JPzD93Jfn7E,fsu_fund_hf,application/vnd.google-apps.document
1XQkfJ2-IpK-aANmC8HhUy3P9A5zlZEQV-lDO6OniYcU,fsu_for_HF,application/vnd.google-apps.document
1B-2TXj4JM-MgK-3XM4uTp3LuuM8dnt6r6xgxJm1mq8Q,amount release neaec,application/vnd.google-apps.document
1eBWS07WCylkGdvAqb_5g4OncTfmAI3w1mFCvS41F7Zs,plus2quiz,application/vnd.google-apps.document
1E9paD7N1iXWHZMKj8BFUwICzhDOd4aQFQ4bkLHcT4co,sagarmatha,application/vnd.google-apps.document
1c5cm66cQHuArDg_niZRRB0aXOoDEQD3ggvSTz-jvLPM,football_ground,application/vnd.google-apps.document
1qbIGOBYKq3b_aJL5vtH-3vCvQq2H7KshqxgiwlXqaAI,new_committee,application/vnd.google-apps.document
1tkySCZeSnDrpjzQPNKcwaQ59n4nSPBjET04-JhPhxYo,chief dean,application/vnd.google-apps.document
1I0gl9csPKhWPHCfKtTkxx5q41mzLuewn_FI9RSQ8_SY,invitation_colleges,application/vnd.google-apps.document
1Uw_W8H2dWwKiMjViu_zJ-TKFCPeawz3Nw2Poxlsx4C4,ghanshyam_roboevents,application/vnd.google-apps.document
1vnCX0fV1m6t9Tkh5AQGG-Qv1UYGONW1MmzFqAvLSEx8,cdo_music_eve,application/vnd.google-apps.document
1OVNGXDUDRSH0O95B2F4MNzJctY-C6R6gXNoF3RBxx54,store_letter,application/vnd.google-apps.document
1wdYkvByGDQfWvgSCqg1y2-26-tNLErxQzdzTDAfgm5k,judge_projectdemons,application/vnd.google-apps.document
15aG-VvnViAJInn5PxYVlROgItMV6KVuqz0mS26xLwFw,khowpa,application/vnd.google-apps.document
1ilFgW-4_lMM8QYWp2E5-kjrHrdgRgRMh9yF17TSeM6Y,letter_to_minister,application/vnd.google-apps.document
1bDuo4qiS7Zu8hOtldHSwrjOuLoWt-YF3VMptRJY1AV4,letter_to_department_professors,application/vnd.google-apps.document
1H57Z5UKmPfXw4GReeK8TRKJusCKMqQbg5uElnCHsTGE,sagarmatha,application/vnd.google-apps.document
19c1S1DcC99insN7DVR9VOMm2f0odbM-yKKNPlEGnFk0,siddhartha_bank,application/vnd.google-apps.document
1xN1QfxGNMyqNnU7HxfHTZzN0QCluu7v1HnX4z7M2gJo,kathmandu_engineering_college,application/vnd.google-apps.document
1duuQXED67XhwU2I5Q5XOv4wVECSP_C-74ygYJ4znLZw,letter_to_cit,application/vnd.google-apps.document
1B3Sl7AiIht7pFoj2I4hjzwmJ2L_8I3EaHpzQ_K8YrO8,store_letter,application/vnd.google-apps.document
1_5alzUliyJR163i7cLb3Me0WFqCLAZA-JaB1mU3OFLY,letter to minister,application/vnd.google-apps.document
1BF9O--rxX9KEy-8yZf0wHli7NXtExpXcbmGjkU4qYqo,students_flashmob,application/vnd.google-apps.document
1f_zBwSFJdI5PxZypYFZ-rYIOMF1z5u6fdC_9sD2aBE0,Electricity_Permission 2026,application/vnd.google-apps.document
13Yttki3YQrF6ClMOlsrZ4wJY0sjFthC8X4e6vPL08sI,classleave_letter,application/vnd.google-apps.document
1uMbRqig3atYSfEsfYzgcstXiHk5lY2SKpFgK4xXMBT0,universal,application/vnd.google-apps.document
1v-x_4xDbtWv_ol-KuOw0NNri__yaK7O0x0lX-8E6qqc,flashmob_permit_college,application/vnd.google-apps.document
1yIbPlNfR88udcx1CdAEZN_UzddjXHxlmDnjwMAz5BG0,HCOE,application/vnd.google-apps.document
1RYnAjG1rskNdBB-Qo91xKy2dAQyiAuSJ2bPP6VUtHL0,Flashmob permit,application/vnd.google-apps.document
1N9aT66jNA8UQ7tx536B0W9_NpPeoqxhW-yjrFwMxQ4A,ntc,application/vnd.google-apps.document
1r5QgfwDLQahnJvApoubftQR_CX65iWUkPuFiSV56IuI,Judge invitation sks,application/vnd.google-apps.document
1pr7l7w52vjPld1k8JoCeO0ebuWeymdt8QnFeoXgiY_E,mahanagar,application/vnd.google-apps.document
1UERWW8CHwXxfnXrI1gZ2OgbBqYDaBXN0a25hWycecVc,venue,application/vnd.google-apps.document
1bRLH8XBoH2aGbmSeEvF11-x_Zw8XPIwq9wH6rCJnETE,NEAEC,application/vnd.google-apps.document
1VV5ZzA5tB6meKZscZ3KPk-PW0rMj_jERNuVpv9E_GbE,letter_todepart_codejam,application/vnd.google-apps.document
182AcKL1J8h1zatLCh01OjQwH9obZoe-gdnDs1pW9d1c,Electrical Hall,application/vnd.google-apps.document
15Ku9tOPGFk8zn_7Y_Ufrwry6Fp0sJMYX5U8w6DiYRes,letter_to_metropolitan,application/vnd.google-apps.document
1TBwTN8qgXPayUACHf9Qg0w3Ub0W08VAMDl1P3Yl2f8U,Invitation,application/vnd.google-apps.document
17jM9Yy28lyxQ_rQOFfaUENTgORT3jY6epfVaV_OvKMg,F-Hall_letter,application/vnd.google-apps.document
1aMyFBwyujy_yT41ejU1eNmbo3_Z1_e5VbNdYadpaF-A,Letter to department_SF2026,application/vnd.google-apps.document
196_KPggRPYvtmF27q3DEWMlQxLndqYUv7SP5A9xaEaw,library_hall,application/vnd.google-apps.document
1q9l2NMiWXJF6CYT8_wv-lXqhFPtS7gIrJ_5JrFGVfdc,letterhead_blank,application/vnd.google-apps.document
1ForX_xSsH7p8MTu1EGSZ-uLo1wTXkrcWOoxN1rcJNSQ,invitation letter,application/vnd.google-apps.document
1KFe-6_tcm08OXureyCo7L9lUdBFimwVn2fl-oM6pIoc,ghal,application/vnd.google-apps.document
14Jog1u8ao39JUeItkdWxzNUExQPd_fpOnJkzgPpW5Y8,solu,application/vnd.google-apps.document
1Y_MyJqc_0Hut61QBRH5zRKQby2r6rEiEs6x94ETuebw,letter_to_colleges,application/vnd.google-apps.document
1MGtp0xQFwcBwaZB3r4ocN7PIPTyEPtEsM98MHsF9jEI,Kick lifestyle,application/vnd.google-apps.document
1KbffUXGT8SqMTU6-fN2Bi6qLrIfKGDzEfeNF92grc7A,embark_college_hall_book,application/vnd.google-apps.document
13VYQ1QFNzBmNcj0OHeazozffo7kSuy32Yn9Q0p41GQI,Library_hall_enerygy hackathon,application/vnd.google-apps.document
1yRm9F_YiehJg0d9VoNWCqDVbbRecGe8HkJtoxSfZV08,FSU_SF_letter,application/vnd.google-apps.document
1Bu-3z-T3l-PG4JFu7L6TqZpZckl5n9l5-lvQY2KIaDA,invitation,application/vnd.google-apps.document
1K0SlBrsPQUMa6HY-86s6Tlj5l4caB51BylEi9TSlGfQ,fsu_locusfund,application/vnd.google-apps.document
1oSWOvE-4XR1rrHWZMl-74tp2f71r5b2OPeCM6rKOCLA,Light_repair,application/vnd.google-apps.document
1HbJXnVHZ2zZzxV_NeTEAsoYQeky0WUBhaRZuObVoWC8,Invitation_themerelease,application/vnd.google-apps.document
1giraZ9Iuib8eaMtYmBPqwWN7MOpYpGA5Pguz7d2BSWs,deerwalk confirmation letter,application/vnd.google-apps.document
1JkpSkkGIPmqifOmDejZNz6gwj9KkLzvk41rJMNuoa40,Copy of Invitation_themerelease,application/vnd.google-apps.document
1Re7yBL6BpHxCNxxOPTTRsWwuZKeEGK2d5jYAhaAa3_Q,Copy of HOD,application/vnd.google-apps.document
1nZIVtPZeVCf9XjMaZUKVSeir8Zh5RTsczjDfEHex8XE,DHOD,application/vnd.google-apps.document
1-80b92_lfNXE6fvn0sAv06nuY6gAbIcYBxz9sglz1wc,Copy of bank statement,application/vnd.google-apps.document
1PfY_Xj-xQuutqaO0-MLLAQYIJNhotuL13ukkYIc2L_g,asst_campus_chief,application/vnd.google-apps.document
1u1l0vKBHeDk3ZHTSFYjPzfYAmaVtbW6GBY5ZqnSfDIs,dean,application/vnd.google-apps.document
1Tn_hW8YaJ9wW1UfPoqHVt_HcrqU1sV0vVpnQKcrQ2QM,HOD,application/vnd.google-apps.document
1Xk3uyz6ANiTPY0Lg9Pef9aqi3tFV6gb2I-bIURMevzA,Shree_Shiva_MaVii,application/vnd.google-apps.document
14r12jT_BbPhKblSUXrc8JcgyGbGx2V4JV3ZclSQsAB4,Cit_letterto_principal_nepali,application/vnd.google-apps.document
1i4cme1ldd7_SXf6JOIfz6DKNu5hV6ulQAyYcK5w7Wo4,Letter for SF_closing,application/vnd.google-apps.document
16Nne5OXeryPK3_gb9HMGi9GoiaUjkPGp8y6rnmpscAU,letterpad,application/vnd.google-apps.document
181ehpiLFXkJhjH4d1WgqT_5xJoF4MVnvYGH5ei5BHYY,2page letterpad,application/vnd.google-apps.document
18SidD5LQejloAlDm9Ub87A1v_YdOk3ze,CodeJam.pdf,application/pdf
1zLhdvI-eIxRg0PLcdMa71NJ-6geqNHvLkwIDHaPyfWE,bank statement,application/vnd.google-apps.document
143xxm9DQ_9Gif5bj1JaIGYlVkQFCkmCVzKbDlMEs__E,Gmail Track,application/vnd.google-apps.spreadsheet
1lBnMqxOS-9rOS3bYmlIdZL5w93fW1zbI,Call for LOCUS Research Team (Responses) - MMS-Sheets Settings.json,text/plain
1cpylq_mU2y6j_8EnjyS239sm4qiBHS6KflvKo2dBXRE,Stall Registration 2025 (Responses),application/vnd.google-apps.spreadsheet
11COYGlQ3taXxj3mw47XH4cF-F8i0-6FPyo78j1yvSCc,Stall Registration (Responses),application/vnd.google-apps.spreadsheet
1U3J-H4fie9GNWvyj1keVu5SZP8cwfABuyFC1nSTO9E8,internet_resources_worldlink,application/vnd.google-apps.document
1DNJYvp_KCKXjfKtKTkMQarzXDt7YkCe7QsOx3VzsCsU,Refund Form (Responses),application/vnd.google-apps.spreadsheet
1wMszP8FGYl1jb_uv77TbEC0ge8SaTGoZ,Agenda for LOCUS 2024 Closing Ceremony (1).pdf,application/pdf
1LC7v1B2IwcbxSysuaVHCOGjqSwzsc_tprYhfEuHuwLM,Refundable Participants,application/vnd.google-apps.spreadsheet
1Ei10HOvOLeA2Nl7xfaXweH1MWr71U0o5UHVBtKXQKa4,Fintech Info Session (Responses),application/vnd.google-apps.spreadsheet
1FU5P2612Zp1pgoVHF3d3LRGZr2WT26j3rggM4GSF7Z8,Jamboree GRE Info Session (Responses),application/vnd.google-apps.spreadsheet
1UB84SyyysTtp3mrdpmbwmgYscW4uPhZrOPm1eukkOwY,Project_Stalls,application/vnd.google-apps.spreadsheet
1fZHAZiF8Ige1MVVNBjtjqrrPWy-SDAz-,locus-budget-2023.xlsx,application/vnd.openxmlformats-officedocument.spreadsheetml.sheet
1Wkpn7-b6b9H6E4ihV6RkTXo5AQkCUy_cowwYGI_30cQ,energy-hackathon,application/vnd.google-apps.document
1yTfi4c1kGu68jeu8KYnczImJfTO9jKqQ,Colleges Information.xlsx,application/vnd.openxmlformats-officedocument.spreadsheetml.sheet
13Hu9FrRxT8eRnTIN_J1tM6qawo6RIjkp,Registration.pdf,application/pdf
1bLjUEcr6C3eXthNl2G2ENOqnIMbMs-F0,Partners - Copy.pdf,application/pdf
1pmjz7FNmn3ukDVF_cZmiO-jlgqEtqc61,PROJECTS.docx,application/vnd.openxmlformats-officedocument.wordprocessingml.document
18Wng1OAtQuH_lVa96Dgz49C__lgV4yKa,Delta Core Logo.pdf,application/pdf
1ktlp1PTi0WG7jwYzOtssRa2K8pmhjBagYJPKaNF0x-g,2020 Class Representative contacts,application/vnd.google-apps.spreadsheet
1HLRctNMTVlb5tBxglLZC3a42snn-9M-hXkcAp5Cg0jE,"HOME ELECTRIFICATION PARTICIPANTS"" LIST",application/vnd.google-apps.spreadsheet
1DHknjK-boQIdT74Id8rSdJfrtLHsErS2,Anmol_Shrestha_CV.docx - ANMOL SHRESTHA.pdf,application/pdf
1nP2kscINqp0AMmV80D4mvNbUdWP3ZJSz,ap_lcv - ASHISH PANDEY.pdf,application/pdf
11D3Vonf71JwMQo9Jk57VMbezk6Sc3-mY,AmanLocusCV - AMAN PARTEL.pdf,application/pdf
1aLhchmooUn_mvDSmwzw3DBlcBGBk6Gri,Badri_Bishal_Baniya_CV - Badri Bishal Baniya.pdf,application/pdf
1mWEzfXtK0AalUSJe3ZMMkZkxt7feBt-m,Shreyam-Regmi - Shreyam Regmi.pdf,application/pdf
14cs6emVdeal7O9hx2JrLLYdKNwBC7EYz,Vicky_Kumar_Sah_CV - Vicky Sah.pdf,application/pdf
1JLy0FlSTxxMtEUbyFBzOcoaXpgqRJ1HT,Resume - Ankit Pokhrel.pdf,application/pdf
1noPDfURLVjR3MwkO4_J0iAQAcqruAy6b,Bali Kumar Wad - Resume  - Bali Kumar Wad.pdf,application/pdf
1xb21hSHvU28J6WaA-grLl_LcK8pHJWsT,Resume (2) - Aayush Ojha.pdf,application/pdf
19XUsZKhtGHA8GUZNfUEQIzKTxBbgJJzz,cv-dsi3 - Asmita Jha.pdf,application/pdf
1Kx4Tg2Kgu3W0Pz7cZhk5l8Qo98ZfFyko,saroj_resume - Saroj Paudel.pdf,application/pdf
1APLWj7xnJz6s6O5rBc_5V5kQ_ckWfc8f,cv - DARPAN GIRI.pdf,application/pdf
1a3bQkFxgMuvvvjT3c31WlSwPYYECppJz,Prayash_kafle_CVs - Prayash Kafle.pdf,application/pdf
1cEwkV8aEONUTj1sC10WqlwuDnXekGa29,Abhiyan-Khanal-cv - Abhiyan Khanal.pdf,application/pdf
1gnvO90Kq64Y2982JyppcziuamaQYfUfR,locus_lost_resume - PRAVAS PAUDEL.pdf,application/pdf
1UmPFXxN1LssnRnws09t83I86UKDawod7,Nirnaya-Basnet-cv - NIRNAYA BASNET.pdf,application/pdf
1RqjtGrlNw3eC5Cw52YpiaC2VSOD-oE9U,resume - Pradip Gyawali.pdf,application/pdf
17SZvpvj-1hI8YO_j_EcDanxsi7lF1wkw,CHHABILAL PUN MAGAR_resume_1 - Chhabilal Pun.pdf,application/pdf
1rnPOPqM3tt_-Px2_O4MkDfn0EAlr3w8K,Radhe_Krishna_Sah-Resume - Radhe Sah.pdf,application/pdf
1i6OIpM473zDTw5saW8NcGy5FV9ROnm8m,Khagendra_CV - KHAGENDRA NEUPANE.pdf,application/pdf
1y9lCiSBu7K2ZafAAr1Pugzn8E0dZ2ko1,resume (1) - Kritesh Bhattarai.pdf,application/pdf
1gVzErWOnyw26LMd7FUTqXcT0nE1vJiZ6,Letter head 2027.pdf,application/pdf
1Ex0baSp663ysWQUSBbdy2Qbbt_6__9kX,Software fellowship 2027 payment Locus Pulchowk - Binod Dhakal.pdf,application/pdf
1-05KO2tozWHrXYDVZ5uMY6r_-r54xAw8zT1bhvo0irI,Winner Details,application/vnd.google-apps.spreadsheet
1SYRUOuXffPNHb3PweWPZ3_VX4KXQibWGYLCDyYhwh_0,Robo Events,application/vnd.google-apps.spreadsheet
1AFk94RP9LZcL-ezvw_Mq8C6lxro7s0U8Q9RRrs5i6Oo,Photoshop Workshop Syllabus,application/vnd.google-apps.document
15O8IwNM9nhayWWYId2jEt_CsKe7ctykL1HOvX4UezFQ,Copy of Photoshop Workshop,application/vnd.google-apps.document
1Wu2ctSaCLh28S4qykyG-EcGdS6hMEePBma3FW3rxbWU,Photoshop Workshop,application/vnd.google-apps.document
1FnWCZC0OCngtD1JNIfCnUIwJkZ5r58AHlRNnA1g8T-0,schools_and_colleges,application/vnd.google-apps.spreadsheet
1-F0BkJdpdqj5nEDLB1XEPWPK_aoxnOw5,schools_and_colleges.xlsx,application/vnd.openxmlformats-officedocument.spreadsheetml.sheet
10rdDFATKQnfESmGOeGatl3oUQOBBaRFgGCx5aPMUhdA,schools_and_colleges,application/vnd.google-apps.spreadsheet
1Xtv0fB0gYN7IXTPlCQcMLtiZlpjuOrv6qFNpaL8uDvQ,schools_and_colleges,application/vnd.google-apps.spreadsheet
1Dpl0bjw_x0SE6yhh8nz-6LzZmH4mJ9fdMWB1H87dG5A,schools_and_colleges,application/vnd.google-apps.spreadsheet
1s1gtTxOzJaTFEOyJmyGIFdFLQBKhoTjH7Uo9lteFNzI,schools_and_colleges,application/vnd.google-apps.spreadsheet
1ponU6EaGbDwKbQzgypdN5GxLYjmp4IwMAQiqTlvBh-Y,Sample_letter,application/vnd.google-apps.document
1w2Q0H0FNOL4urKV4XaZ9MCUsr3_TUJ-G-raueZ_Lfpk,schools_and_colleges,application/vnd.google-apps.spreadsheet
1Wh2Nv_silz_TlEcKknYCD2JcwHbNc9Vk,letters.pdf,application/pdf
1p3Jgtj_Orrw9ts84Q05iV03jXJ3Tx1bral6GVgJUDXI,LOCUS Research Symposium 2026: Paper and Poster Submission (Responses),application/vnd.google-apps.spreadsheet
1KgdOuUFOVGEOmX7U_HHQ_YmtJ34QWV9RadjeE9W_rL4,Copy of LOCUS Research Symposium Proposal,application/vnd.google-apps.document
1VeNWMnsnmVrUCjE7Invj5deuR0n6R-BOB9UHQLcPiGI,ConceptNote NAST,application/vnd.google-apps.document
16KK-DCPSu1KA1w8tukkGQmP49bDPC9sav-Wbe-aUTas,Research Team 2026 draft,application/vnd.google-apps.document
1q2JFq574sfLarO6jFLVbKzdbm2nrf4tLZcv8mhLtO6A,Copy of LOCUS Research Symposium Event Brief,application/vnd.google-apps.document
1ru9iOFteUlRN42O_bwpYqn6qxqdzzlum,Copy of Proposal for locus symposium.docx,application/vnd.openxmlformats-officedocument.wordprocessingml.document
1axifPGpVAyqznhua3Q3gtFkwKpddDKDdsFEZ4GAb21E,Robo Events 2026 Registration (Responses),application/vnd.google-apps.spreadsheet
1YxefhARR4FhtkM5iOS6iOXD81WFfy77RNnW1WlMmXvQ,Robo Events Organizers,application/vnd.google-apps.spreadsheet
1ZZ-_2ur5L2YPPO-OZM1h1JvjeA8VT9xngXbej_mkz5s,Cyber Shield,application/vnd.google-apps.spreadsheet
1x6V1IYIokMvdLfmuibT1yN3H8xnCKMVr9x9iMzugBI0,Shared Teams List,application/vnd.google-apps.spreadsheet
1B8dc595eTPMaU8jGuRKNy7BkYBNjDnbh1Pq2nBoYFoY,Main Event Planning,application/vnd.google-apps.spreadsheet
1MAC0WUGDHMTioOW4kjYbcuNYWjeJD895eMUD4Mj0W-w,Shared Game Sheet,application/vnd.google-apps.spreadsheet
1lGmS_vsPLprNIAH4cejj8_ui1b5QQCTi6n58ab7G7mI,Hack-A-Week-2026-Planning,application/vnd.google-apps.spreadsheet
1ONklOH3qmS-RXntuiSm0K-h0o22JtaTnogPcv7G7JcA,Hack-A-Week 2026 Details,application/vnd.google-apps.document
1qj7yxmkzZymrU89cAMo4_XNVBUm2AoKbmVHW7Ed7vIg,Hardware Fellowship Proposal - 2026,application/vnd.google-apps.document
1-KAEyP_-sjxZLP5iUH-tePMz5E0HtRe7Uk2FjCizMPU,LOCUS 2026 expenses,application/vnd.google-apps.spreadsheet
13WSwloD3W3wD1M7ITT5R9TpafDRQu_hfIk45SP10Zy4,Printing Expense Sheet Yujal,application/vnd.google-apps.spreadsheet
1H_vBvVWlrNFyBXjoImMON6YW_zz_3fAQ6c8EI4fjjlw,BudgetBreakdownEbpearls2026,application/vnd.google-apps.document
1VK5fYuwWe-VUz-BXzAZSE4c87E38W9S3X8OFFE8fkPQ,Expenses,application/vnd.google-apps.spreadsheet
12Sn4NtaGxK7xsMBCLBHGfIlE9XxNxgFYLH7tLMrGSG4,WorldLink MOU 2026,application/vnd.google-apps.document
1iCq91gsV1TYVj2lR4LYOq5UEMG4rdkJf,MOU Training Partner Updated.docx,application/vnd.openxmlformats-officedocument.wordprocessingml.document
1TOmvZFQF-KAHZ6kG57npncsFZSJkg165Ys-POKpXY6A,Mou_PCPS,application/vnd.google-apps.document
1LI_qGJPixKHFWIEm5pVAtQAROHqPwt2l,Sarathi Academy.docx,application/vnd.openxmlformats-officedocument.wordprocessingml.document
1QKmdCSM6LcEE-XUFxF5Rqy-ycmKLklbn,Jamboree 2.docx,application/vnd.openxmlformats-officedocument.wordprocessingml.document
1Kvw8VJxoFFF-xzk7cTW5qZiayoISyQXr,Jamboree stall mou.docx,application/vnd.openxmlformats-officedocument.wordprocessingml.document
1yJTCPd-SO9HbG2YXy0he4fVUEGaQ2VhJ1cjUPD1BasI, Mou_Dlytica,application/vnd.google-apps.document
1NAJD6l81vvsEisd1P6WYsavT7L6nqxXUmC0eEQ1fQsQ,MOU-Nativesplug,application/vnd.google-apps.document
1dL2mReKHt9nHk3TyyB-VYG1vZiSQBnPtukBgDRhS1Hk,NCHL_MOU,application/vnd.google-apps.document
1Y7uS7F5-Tfy4KWunvf3hYvpCQ_FHa_5O,LeapFrog MOU.docx,application/vnd.openxmlformats-officedocument.wordprocessingml.document
1SRx0Vk1oaWWXi2JlhAktn84WNHlX7606,Stall sponsor mou.docx,application/vnd.openxmlformats-officedocument.wordprocessingml.document
1fAwqLejD5d8hNCIYzHxAJxQ4Mp9mtL26MLqAToU4tBQ,Mou_Logpoint,application/vnd.google-apps.document
1zVFG92RSWBxcMwdlL5PTSxqr9PU6UwG9,MoU_TrainingPartner.docx,application/vnd.openxmlformats-officedocument.wordprocessingml.document
1CGJcgdInjrU3YyUQD_gQcY1FRBAknOVDko8qoxAq5i4,MoU - SecurityPal ,application/vnd.google-apps.document
19rT67rLIeXaIvhsMr0YR-PrcQ2WgbhDDKMHPDhlsqMQ,MOU_Niural,application/vnd.google-apps.document
1rlm4kwFBDbYG3ShBjU6XUEuXjwDlsh2e,Copy of MoU_TrainingPartner.docx,application/vnd.openxmlformats-officedocument.wordprocessingml.document
1dC8TX7eKI7kftanapOa-uoEuxb4h9R-4IlvZYnN8wmo,MoU_EB_Pearls,application/vnd.google-apps.document
1siVQxkE8NyPTBi8bNszDBKC-cb9z0GoW,MoU(The Computer Durbar).docx,application/vnd.openxmlformats-officedocument.wordprocessingml.document
1B3eXEoZhJD6UA5GxWn5TX1kkjKXjxyureANjMDMsiJs,MOU_SparkUp,application/vnd.google-apps.document
1b765AxewCSfNUMZpAIuI3oaZVY00Q0I8,MoU(ICT Frame).docx,application/vnd.openxmlformats-officedocument.wordprocessingml.document
1W2MTEzSG1_ecxVKaitEhyQbmBBke6yy2KUVNX6fgqj8,Software Fellowship 2026: Registration (Locus CR) (Responses),application/vnd.google-apps.spreadsheet
19q_4zkyIVpbIgdI0txY42svcbef84X3-kD0Ugj7HwDY,LOCUS 2026 Software Fellowship – Feedback & Certificate Confirmation Form (Responses),application/vnd.google-apps.spreadsheet
1b-qUX_xSdH9r4GJaDn0PYBalZs0MsfuNDKAeBRBjt3A,Photoshop Workshop Registration Form (Responses),application/vnd.google-apps.spreadsheet
1samzN0DPkUZGfJIzGK8_M7yqAO8kTNTNBs-4wMIUAeY,Software Fellowship 2026: Registration (Campus Ambassador) (Responses),application/vnd.google-apps.spreadsheet
1Y0r2oXSKT8ieP1MQKMkXcGKcxUlYIYisa6l8x67PF3E,Software Fellowship 2026: Registration (Creatives) (Responses),application/vnd.google-apps.spreadsheet
1HtNMX-0QMPLQrpuLJF_DVETzaKCNoISTB8ppUExYE9k,Locus Open Source Team (LOST) - 2026 (Responses),application/vnd.google-apps.spreadsheet
1-cL6BUcr1qz_uKfOmGxDv2R-xrhZQeA2gLRRkyEh5VQ,Call for LOCUS Research Team (Responses),application/vnd.google-apps.spreadsheet
1C5t5_aqY_Vv84mSp7XaCSrBb6slpFZQPiMJOlGxFciI,Call for Abstracts (Responses),application/vnd.google-apps.spreadsheet
1bALwvrlSW9ZT0mY-Zw455o3ll6I1hCMxdYgL8WkOjJg,Final Flashmob Team- LOCUS 2026 (Responses),application/vnd.google-apps.spreadsheet
1auVVtqQVIDdaKNtCl76KHIUrH5Z9jk5KSvyAqWWbdBc,Call for Flashmob2026 (Responses),application/vnd.google-apps.spreadsheet
1fUucWja6OJOoXPQb-1TG8f3L6WnGYsI1,Dronacharya Proposal.pdf,application/pdf
1f00b-J88PxpDBIXGtuaGBiyY5vh2eVU2,RoboWarz Proposal.pdf,application/pdf
1X5VTZVcrzUr9wea6oX1i-45PwN-5e0YV,Robopop Proposal.pdf,application/pdf
1VKxAY3IzYHcJQojft2qru-_r3SPm9-ki,Robosoccer Proposal.pdf,application/pdf
16Cii06GeIv0qm2wwSpIO_eE4dC71HCXl,Prospectus_2026.pdf,application/pdf
1rZ7EWPUJAtVg2Wodqk6U6TkcwzSBaDbl,merchandise partner.docx,application/vnd.openxmlformats-officedocument.wordprocessingml.document
1g3YDdSPANzf1Uj_jiqu_seRsuyqILJ7TIgZenXtWVbY,Locus Proposal 2026,application/vnd.google-apps.document
1L5W6lalo9fCa8YVVBFLDcvocIfnjU3p1,Locus Proposal 2026.pdf,application/pdf
1qJd2M4xWIPKdgoAAaQXli4zlH6gEtiZY,Copy of Software Fellowship Sponsorship Proposal 2026 .docx,application/vnd.openxmlformats-officedocument.wordprocessingml.document
1WN_r91H_q41D3VgW1r5VLZw3WEtAvtgO,Software Fellowship Sponsorship Proposal 2026 .docx,application/vnd.openxmlformats-officedocument.wordprocessingml.document
1sXVnyWrtKXDy_qW7pqzWQIUAryF8Hj4l,Software Fellowship Sponsorship Proposal.pdf,application/pdf
10c9X0m1jRMwdUipGJRZdH5lsSuNwq_SMg8_t9tnruwg,giz9.0,application/vnd.google-apps.document
1OPv02kaUztUcTm-z5etS5e7uHdtQpB27GO7NTbZZQLQ,Letter Ref.no sheet,application/vnd.google-apps.spreadsheet
1tpG8uNINfqTG5jOt6tUjpK86_t5IXcsnPdNKh2zw0jw,formation 6-19,application/vnd.google-apps.document
1VD1hnJD4Nc02sYPK6LjCEkIeQRfRlfjG,formation 6-19.pdf,application/pdf
1xCrOdrCSCP5hkVdqkKWY_EbP4NyaLdpV,Committee_Transfer.docx,application/vnd.openxmlformats-officedocument.wordprocessingml.document
1MYZY8k6nVvQ5GZwQBNvFStzd_PCoRmMK,Committee_Formation.docx,application/vnd.openxmlformats-officedocument.wordprocessingml.document
1ga2CZta4KFu1rWhj3r2VJn5TZxEQE8brvHSxqUF5bNE,Agenda for LOCUS 2026 Closing Ceremony,application/vnd.google-apps.document
14lP7AccHRQUTogOZwTfi_XQX8tnUNhytemwtFQ3wbog,Agenda for LOCUS 2024 Closing Ceremony,application/vnd.google-apps.document
1SH9i0NXDg9yKKLWtyUtB_RitSnniWbzRVdxC4OEeeAM,Schedule for LOCUS 2024 Energy Hackathon 7.0,application/vnd.google-apps.document
1vRmKAdJKTk7WMxiUXQi4Am3BYR2IuWoBMNmS3EjkYZE,Girls-To-Code 2026 (Responses),application/vnd.google-apps.spreadsheet
1fh4U04IYVAnLhYf_lCGm5Y27khbDjIKxW4nTmitnn6c,Girl-To-Code (Responses),application/vnd.google-apps.spreadsheet
1CjVp33elG5qy93gGaGGRFb8yZ8TMc9wkf9JjZ4G34QQ,Mentors Girls To Code,application/vnd.google-apps.spreadsheet
148T344i8rlIgZBdFuMz7aL4CufuzrcjXMixeTsfwRM8,girls_to_code_participants,application/vnd.google-apps.spreadsheet
1WHw1HRuEEVBEsN1gyhPD5MAWDzqsNG8qCuqNpqaWEqY,GirlsToCodeEventDocument,application/vnd.google-apps.document
10YZVbZVR-nRpZIlwbKgny_pW7wOsDtW2k8c5WlhyA7Q,attendance_girls to code,application/vnd.google-apps.spreadsheet
1e1IERk6Va6iWhu5qZrO51NP4tGiShdWImgjTj_PC0oc,Girls2Code2024,application/vnd.google-apps.document
1sTn1xqUHxp-NIyObLQcFlxX0_gjCS7PUnv2MUXIsvJY,Robolinedash ,application/vnd.google-apps.document
1_UtibvO_dTWNdqChUVJjsu0JvbVd3EcMtYxs7KKL5B4,ROBOPOP RuleBook - 2024,application/vnd.google-apps.document
1kMKq00uWRZQc5tsIYqZ3yyVsaemBX4K-,ROBOSOCCER GUIDELINES.pdf,application/pdf
1UX5lh2iojr9DzNiVnzsK4HprFuhQ_T5t,Robolinedash.pdf,application/pdf
1dnC_4kZ4-EB7QscUv7pIHgbdl6aLTP8T,Dronacharya 2024 Rulebook.pdf,application/pdf
1hBYiM5LHnODHeZmF57L1kQyb4xNNgv80,ROBOPOP RuleBook - 2024.pdf,application/pdf
1Pf_KNcZevCjRQFDEQ-Ws7HMkWUEZthjK6SNbp9V3tIk,WRC Permission,application/vnd.google-apps.document
1HqnmKCOiTaVc6SxqglS6mcrbXQEzNfvxlZYdMMqjfiI,Ashbin_Electrical,application/vnd.google-apps.document
1cz8EQlXbIhm-tpMjsRfym7u8fqt0CePT4BCSs0BBgJU,electricity_permission,application/vnd.google-apps.document
1LaHMhm7iBSYtz-tT5yT1kGAnI3u9jCEgHxPb6M16lyM,RENTAL ,application/vnd.google-apps.document
1gbZXjPQpobyUcYCglj3bAOOdR_zScSqhFA-QRuqTeoc,Invitation_Advisory Board,application/vnd.google-apps.document
1mWyw4OUV0-3sWLzJSF4HDV-97CXMS4CYu01jvBs2zzo,General Form,application/vnd.google-apps.document
1fJrE1hAlZ4VcjCpe2J9VKei_NP9yYTQ4aUsDzsNBrdk,invitation,application/vnd.google-apps.document
1TtrE9B_0glYdCVbryTqXfxy1CyctNG91kMEr7EfhDJo,Dean,application/vnd.google-apps.document
1tWTH0uIJUI8qLIZFQZ7EtIwpNgOZyvGyNwXlXWpi1E0,celeb,application/vnd.google-apps.document
1dURXsNTspBMdYiwJdFasFu1bqv6pbT5BM0xvl0cZITM,Vice Chancellor,application/vnd.google-apps.document
1Rrb3EWUAVuaSGfqzGcjD66ypeL69anTBgtNEKF9r2EU,Campus Chief,application/vnd.google-apps.document
1jJ45kjUOayWTAPxywgbhAhcRrtjXXdcJCgeBM8ITwxA,koshi_permission,application/vnd.google-apps.document
1iij1tFD1-_Dql-FhdZ-9Vo2Oamg_9ZtmSZPGzdPfKGo,Director of IT Innovation Center,application/vnd.google-apps.document
1-KLlYhCcZH2XOjcrbX5y_R-Pekn53xt-3AE4HRXEf-o,The Dean,application/vnd.google-apps.document
1cOLD69s8bcATvmDNENkvh7ncsXhOJ6Zf0omSLrvQogs,Inivitation for Exhibition_Health_Minister,application/vnd.google-apps.document
18Ef6VtOMRfwMPlGyW0Pfe9Dtpt4wL_EMz8XQy73LGDs,Communication Minister,application/vnd.google-apps.document
16nnltIZUhjmo2ZWX2UOZNYebluwFrYIHoaxY1zDfWdc,INVITATION_LOCUS2024_,application/vnd.google-apps.document
16lHZdyywZhbf69Gzvp3Lkto93tX8U6XGGTTEHNx4FUA,MOVIE_ Celebrity_Template,application/vnd.google-apps.document
1myixPenjpliMqeuc1GUM5iBLpmTkwekl7UE1g2vkzMI,Campus Permission for campus space for fintech session,application/vnd.google-apps.document
1ByBobBXieWVJkGkK-5a25qvH5XzrBL2vvtVMeR_7KNs,Library Hall Permission,application/vnd.google-apps.document
1yUA6CmQAnGjcGktccKuGusQMG6QM0B_J89OZx_h6vMs,Campus Permission for campus space during exhibition,application/vnd.google-apps.document
18Un4uMwD1Zxkn9rbPAhfz3VSjW7dGPd1ze0abQJr5MU,Campus Electricity Request,application/vnd.google-apps.document
19BnBYeBr2k0lQrR4K-YVLp2RSKSMzHmxtf4krPI2zmY,Lalitpur-Police-Safety,application/vnd.google-apps.document
1DAzRBdQUZjT674bCBjf8zKMwKLQp1Z-JFPgCPexo5Vg,CDO-Permission-Eve,application/vnd.google-apps.document
1zoVVz8XNJHXKnE86UimUAai8cQYPLDZ59eIbI7vawKE,Campus Permission for music eve,application/vnd.google-apps.document
16g61quIF08cD5-kylhjpw6ZtG-Y6BjAmsmJVFuXhWbg,Colleges Resources,application/vnd.google-apps.document
18mlyMPacq-yaYl8kY1p_NIG9yv6k0rTgh8t-uMQ3kqQ,Request for Paint & Resources ,application/vnd.google-apps.document
1I4WFAioz9qgvbvJBNbXgK7uWMrJ2OTtFyUgTkPHhkXU,Request-for-Carpenter,application/vnd.google-apps.document
1yr734VvBcGeSyaVHdiSm1gO0_qFA1Lh4Fr_R6O1MJpE,NCIT permission,application/vnd.google-apps.document
14J83DWpydj7EnqsCuiAdOO0WHHOi7lF-R9Z8gAyDWUY,Resources List,application/vnd.google-apps.spreadsheet
1C1HWcOLyhuTKgLcVjUOHbFUvslHwSdfWVIEU01es4Hc,Dronacharya 2024 Rulebook,application/vnd.google-apps.document
1eTdrR0H6udd3EskVwpS-obmD8z7z5-bo,MOU IDS.docx,application/vnd.openxmlformats-officedocument.wordprocessingml.document
15_YQoziGLbBzjONiQvgR54PJgWS0aPQT,MOU IDS-locus2024.docx,application/vnd.openxmlformats-officedocument.wordprocessingml.document
1sytVZowhLFpBi_pXuF6cHIm2aap-tww_,Engineering ko betha.docx,application/vnd.openxmlformats-officedocument.wordprocessingml.document
1fpAnmJkgf3rG30gKzT46Mta1wkTrhUhI,MOU ParadgymTV.docx,application/vnd.openxmlformats-officedocument.wordprocessingml.document
1_HajY7_Vu7mRJ435ffv5TqSV2U8VE4HJ,DEV Community Nepal.docx,application/vnd.openxmlformats-officedocument.wordprocessingml.document
1YQs5auYdGSg7UY7i9XUOSdJmumGVcvoj,ICT Samachar.docx,application/vnd.openxmlformats-officedocument.wordprocessingml.document
13bYHLW7BozCQZ2o0qJWK5oCdLhj7R0tC,MoU_ICT Byte.docx,application/vnd.openxmlformats-officedocument.wordprocessingml.document
1zIKH0p-dx6slnPP3m8iYIvPWeWJ48teX,ICT Frame .docx,application/vnd.openxmlformats-officedocument.wordprocessingml.document
1cDPJ5wIVqMUPQ0x57jKT6g8Uz9ySL0K6CEzjB-FPw7c,Cosmos,application/vnd.google-apps.document
15MCPoQw7r9xkmd9qUBR2KOaemVZ9daTPsYiIs6htkGc,Civil Mall,application/vnd.google-apps.document
1bfEhqH1LfG161byzqI2c4p2ZPw-XnADUhBR8eVywBs8,Basantapur_Request,application/vnd.google-apps.document
1c0C09g7Au8MS95QxmHIgZ3G2dtkIY-1GgKEfKYVeQDQ,keC,application/vnd.google-apps.document
13l3e6yEBOUJUAAzBeY-7i1apXRHzMCzm2wJ9NRMoXCY,Flashmob_ACEM,application/vnd.google-apps.document
1zYYW_m22XxDs2a36HjnDL6U0vq5IHELGflKCoADw2b4,NEC,application/vnd.google-apps.document
1TdwzgE9_xOszQPyCLFZxRg_y-53fxiHtnjlm2yuvT9w,Hack-A-Week2026 Details,application/vnd.google-apps.document
1VIvwLj3-BBiBGXsLlQVhpjw-BDcHXVhZ3vV1BZuWTgc,Hack-A-Week2025 Details,application/vnd.google-apps.document
1ESvVJtrIVGHWxBQnr9LMdLERcMxUryTN45S-HOdkiN8,Hack-A-Week-Day 1,application/vnd.google-apps.spreadsheet
1wIoe1qV8ylvVp5Cqyf3OnAz6q3RyyQkzeesEIM8Tl7A,Categories Explanation,application/vnd.google-apps.document
1GUZ4S23wU_hpardHw5-a_3LF0NdG6O7dwBuTbV7zA1k,Hack-A-Week Details,application/vnd.google-apps.document
1YRfKQK3Ya3ZMihIPGAN-l-HlWWK0ZwIyBxYBMkzA3dU,Sponsors,application/vnd.google-apps.spreadsheet
1BhEhtiUnmBoPODOrHM6zoYXkKJVk68Jx,LOCUS_HackAWeek2024_Proposal.pdf,application/pdf
19WigARHEVS5CMx8BHjS0DmysAixfiQL_XOmwVlQfz_E,Mail template,application/vnd.google-apps.document
1J2ko06Y8la71_Ev5H9jrIDK4AbWRofRg,Sponsorship details LOCUS 2024.pdf,application/pdf
1jS0AUTEs5qRu2n3bQPj9IJmMfCbhSMLS,LOCUS_2024_Theme.pdf,application/pdf
1V5kPlewovs80VDUHNFpbkVkDDZlGAW-T,LOCUS 2024 Prospectus_draft.pdf,application/pdf
1Vqh6QcBypwlZ1A4GQkjg3Xhy4jzE-fbPL5qm-UW3TLk,Template_Letter,application/vnd.google-apps.document
1px0yR4hkWsfYyXa7Ax_VqkUH4YBjoRPls2Y4fE1zark,Template_Letter_plus_two,application/vnd.google-apps.document
1qPn2T57EWEnRMWv2FgMoPaGlxDH3k-vV,Plus Two Project Details.docx,application/vnd.openxmlformats-officedocument.wordprocessingml.document
1kqDK7ugI61pluPoTaBqW3pkW0vL7QTrz3K8PqSUxVzw,Padmakanya,application/vnd.google-apps.document
1oY_yLjj9JGEHhxdIkH0-TeT5MwWrDt6gXBLHtPoSFYs,Softwerica,application/vnd.google-apps.document
1np_Wc-TQzOEcg6Knp2G-eRDCOrH84PoturqpiT4y2EI,LOCUS 2024 project registration form,application/vnd.google-apps.spreadsheet
1O5L2Y4mlz-45QgIr6si-ywNrAN3k6cUukM3eZJ8P_sI,Exhibition REPORT 2024,application/vnd.google-apps.document
10fsWCeTK-JfEQEakQgx8PjLQNCtORbeMvoX2mbcGYjU,Copy of LOCUS 2024 Project Registration Form (Responses),application/vnd.google-apps.spreadsheet
1Lz1kbDqLHnH1bRbASap2LVOqtXOOBcQ2cv6FcD5z6dE,ProjectRegistrationCodeCamp (Responses),application/vnd.google-apps.spreadsheet
1ANVdTG-uHFCz_earMDncmB1GCHl82O35,LOCUS 2024 Project Guidelines.pdf,application/pdf
1wImKOa0kcTTA1GccxrMntXvIIYUETvTEDZJ1WUuj118,LOCUS 2024 Project Guidelines,application/vnd.google-apps.document
1_2zXszNBksTA6NXqaRxJfVkPxunJ97Q4,Past Projects - Sheet.pdf,application/pdf
1KySlOYbvYP9OXeOl9p5-OZYNktlgFzJa,theme_locus.pdf,application/pdf
1WetLeLdHpnjo_dVJN7VmzISXOudLCmYhvVtOOg-6iws,Theme_Release_Electrical,application/vnd.google-apps.document
16jvzAOL_BcNtWSDApfpAEPzsXEKV8h0sFesFzgEeKAc,Closing-Ceremony-Invitation,application/vnd.google-apps.document
1Z0DboxIC0hiRxYuMaG-W_afcjV5ADFA0W0Eq1JzLRJU,Theme_Release_Jyoti_Sir,application/vnd.google-apps.document
1bD8L9QWRimqeruYCmZhSEdYgzW4saCn5gvlbpv3jbnQ,ParadgymTV,application/vnd.google-apps.document
1M3MMna39_ettI7COgR0A6j5v6QU2qP48D_jjfC6ZAOg,himalayan,application/vnd.google-apps.document
1fK7GrOqXzACmCb10Qw1ckgjHyuDx4R4iTvghemxnRjI,kantipur,application/vnd.google-apps.document
1ucn5IfIdf_DgLnQi96RBCHyB-QeEfqurvn951FZ8nVU,avneus,application/vnd.google-apps.document
1e4URgXZA9PO6oS5vArmq3E3m51bocQAaS5YGm_nHIlc,AP!,application/vnd.google-apps.document
10sF2WMXPRHhig51VRv-5CpvxeZKJejtLOZwSETzgre8,FSU ,application/vnd.google-apps.document
1sSY7teIm5RO6ggUU3Otn9vFt1xgupGAISyOaiYPgo4c,BEL_Sunday_1st,application/vnd.google-apps.document
1MjAHPygVQfK_CkIxljekPudU1gp6xE1m9qIrvFtRraE,BCT_CD_3rd,application/vnd.google-apps.document
146nxihBxAzUrzcEbayQ1DRZJVxW5XdDSyBE8iPGQnfM,BCT_D_Sunday,application/vnd.google-apps.document
1k65GXZx5nitbf4Hc56sYn9k4trawTzxj-jqgpEg-3ac,BCT_B_Sunday,application/vnd.google-apps.document
1-YrXalEutVLOTHV1J65eyHSCqEs4649rx84LcziNrh0,Flashmob-Electrical,application/vnd.google-apps.document
1RXFOMD6SdZu43AX5VOl-TfpKIXY0CgdB55nPvWSE6mM,Flashmob- Electronics,application/vnd.google-apps.document
1Ca1xp_yn8jmRF3E744JkOeIp35Yl28kXuZPuhTmp7VU,Exhibition_Mohan,application/vnd.google-apps.document
1c7jQSvw7OKh1PcWxl1SXQ4Yt5wTQ1pK95YApAu-fIZg,Theme_Release_FSU,application/vnd.google-apps.document
14TqZakhdPuRWpJJzSWfZEdwBMGiA-nJCJvCFDutlZgc,Exhibiton_invitation_president,application/vnd.google-apps.document
1m37-M9E77DIjLUpevSwpHl-ZQH3ExMYXhXEi57dEsyk,NTA,application/vnd.google-apps.document
1WANVcn2M_xlPkLe_YQ31wVjqXkKjUzGgIV8eOOE3diE,NAST,application/vnd.google-apps.document
1r7OTrh2eeDc6jXlWHlauA6lYe7euYBxvEJJQCNAvhoQ,Lalitpur_HACKAWeek,application/vnd.google-apps.document
1Vwg1D5YNGRpjsg0BjKsb_klKnmdA9EdfZgQz4d937uw,NIC_Mahabir_Pun,application/vnd.google-apps.document
1puXs7fDl356rNDgwzsqQC0wvEqad_dsmpPuMxgOyb4s,Invitation Football,application/vnd.google-apps.document
1wvnEnKIoryKiFghuQszLn-7H8FnjZgd_f85JGHvtE8g,Theme_Release_Media,application/vnd.google-apps.document
10GmE5OVZXsxSmCrdjaqslKhs0JKV5v7YlvopNJLzl3I,Theme_Release_Dean,application/vnd.google-apps.document
1S5tEQa39C2SheaIYYLjQljlgRSaTQr_1n1YPxUsSEWM,Theme_Release_Assistant_Campus_Chief x 3,application/vnd.google-apps.document
14Vm78A4X7pRik-IXcAFQ5LV35NctjPngO5MrJqHFOIM,Theme_Release_Campus_Chief,application/vnd.google-apps.document
1Ja6NOxkQrCidzug0C6pyiAgE1rPT0OwFU_89qSstc2E,Theme_Release_Architecture,application/vnd.google-apps.document
1j3Ga98fnbbUJKESfnt646UWLNt22_g2wZKjlqG6rW7A,Theme_Release_Chemical,application/vnd.google-apps.document
1w1NBQXUPiK0ziFuZDLQtZP9vJ0CLwXfAXU3rkmkolY0,Theme_Release_Mechanical,application/vnd.google-apps.document
1u5ZtSRFLqN12nCZAn_bCHHZ4sas3yF-qOgxCuKx7KJg,Theme_Release_Civil,application/vnd.google-apps.document
16nGKMRs5YWKbW4YBSaI2E8dt-Myurq22TfLD10tiv-I,Theme Itinerary-2025,application/vnd.google-apps.document
1bIv-QIV19itQ4mCefmvgleV3WM1R4-uHY9WbsQ1MuYM,Agenda for LOCUS 2024 Exhibition,application/vnd.google-apps.document
1uHCRc5TvPp3_ov8RuO_R3uVhFGQ5djDN58N2l35CrDw,Agenda for LOCUS Theme Release 2024,application/vnd.google-apps.document
1xQrep8H1HRfp7zFFCCN5hVJy90F-YYtjRA_U_GhMcpA,final_script,application/vnd.google-apps.document
1P6cc7V8gs9vR-kbu2DPVgtXKYsIkuZ2PmVW9LALU6AM,Closing Ceremony,application/vnd.google-apps.document
1zespjK_S1HbzUF9yF3D0_lyYk1aE3B3FHyjLtzmXjzc,CIT ,application/vnd.google-apps.document
1tpzM9h_iwJJHLmNNoJ6F2lAIRpW_RAGIXOD_vnxNUwM,Untitled document,application/vnd.google-apps.document
1DbKN3lFEtuN3pxWm-HKDSjM2XvUYfLgfwKJgwkkD2Wg,"8th August, 2024",application/vnd.google-apps.document
1cBmwSTeCPMtbv2h9YSITulz6T5owTN36IYEgWkAg0mg,27thJuly_ExecMeeting,application/vnd.google-apps.document
12xZsxQDlBX4d-bac5mJuPbtqAr1JlfopoZoqu_LaMBw,26th July 2023_Executive Meeting,application/vnd.google-apps.document
1wu1PW0yNEyG04SfFDLrCEG3VMzYUzN-ReaBs6hT0dDA,2nd Executive Meeting,application/vnd.google-apps.document
13vF3Qzr99_e9BJn-R9zV1AlyJGV1Ys8kUuauiX1vKTI,Energy Hackathon  7.0 Proposal,application/vnd.google-apps.document
1QBgX7jOVc8gNeDeGiCSYDnoVUu2TwCl9eIISNq6147s,Sponsor Contact List,application/vnd.google-apps.spreadsheet
1ZC8Hv-LsAOIV6XiKkEFz-pHJ-uAea9Z-PQSebWsgcNM,Judging_sheet,application/vnd.google-apps.spreadsheet
1798vrP3FKZR9DzOWgFy3qH6NMeyKdYt100cx5vh97qI,Stall,application/vnd.google-apps.spreadsheet
15IFKRhbE7vIwNgXQmM5uEwjWr5zLqo4A,Sponsorship details_2024.docx,application/vnd.openxmlformats-officedocument.wordprocessingml.document
1FJZ33KNJKUpwqnqpy6JcATv83dXMulvEx1uirtimmlM,Energy Hackathon  Proposal,application/vnd.google-apps.document
1kmDA2fLuwAyPVD92CcCbnBZVo672oTiD,LOCUS 2024 Prospectus_draft.pdf,application/pdf
1OA1o2henBJWkq6mzh04iBYKeLPNG4TUiCnWtOFvtvn0,Advisory_Board,application/vnd.google-apps.spreadsheet
16e7xFbQ1XDkWQfM5N9kl27frJx92kWPzwxQSPIkxE-A,Locus Campus Representatives - 2024,application/vnd.google-apps.spreadsheet
1SKtmnQZdAo8pYAJ5LSgTMIjC1e1l8TjTEhSV2-lILBE,Closing Details,application/vnd.google-apps.spreadsheet
1bNwYt8yGhudmHPzjLKGF9Bzq5lUuHbT0cXnf10oRfhs,Class Representatives 2024,application/vnd.google-apps.spreadsheet
1TUnolGEqIuvDoBpX-bCk9mOVKQSxVo2LdIKmrqOgtks,Committe Contacts 2024,application/vnd.google-apps.spreadsheet
1FAliBHbUINUdO1BUkVfSPJ6_QZz5cQQQXgbJMzxkpZQ,Copy of Locus Campus Representatives - 2024,application/vnd.google-apps.spreadsheet
1uhUncbWj8XJEHgCEiRBs6KA9gGbyjHARXyEv6JYmcpQ,committee members social info,application/vnd.google-apps.spreadsheet
1KNQ_JU_ufksXoFd8JPOjyM07NDefbO1sMpYxP8KD5Hg,CRs,application/vnd.google-apps.spreadsheet
1JRalM2YXWX_0z-2Jcv_hu86AE09f-u_y,Pranjal_Chaudhary_Resume - Pranjal Chaudhary.pdf,application/pdf
1p879iuxqh-1QqNKcjhH4kgE5WOTcGqMvJJRM4Jv-NLs,Mahesh_Bhandari_CV_Fixed - Mahesh Bhandari,application/vnd.google-apps.document
1vceXFSprYDKBYDH5wcrKAFDU6TxprH-Y,dixit simple cv - DIXIT REGMI.pdf,application/pdf
1qXAJEFBGP6FZRKSaBBbmtMu4GSLUX_m4,Resume_Aashutosh_locus - AASHUTOSH YADAV.pdf,application/pdf
1LXXXmA6Upq84bcV7dz-uxmkb71Tr2VrO,Jenisha_Shrestha - Jenisha Shrestha.pdf,application/pdf
19B0sNYuxEOhhqyCZ2zRhLuqil2dl2B-s,PRASTAV PANDEY - Prastav Pandey.pdf,application/pdf
1OpgnW7Ed7gowcRuSQtM7-_nBChxLLcSu,ISHAN GAUTAM - Ishan Gautam.pdf,application/pdf
1qKxHf1RaqQsBXeHvjLU0vvqH-i-Usckh,flocus.ioe (1) - SAYA PARAJULI.pdf,application/pdf
1Q_oDfMPH9PaaF6RacDirbUrcGLzVL9fB,LOCUS Graphics Submission - Dhan bahadur khattri.pdf,application/pdf
1GCCfggWTrA69mvn2q-Qg7yWV2Ofy2dhN,LOCUS_2025_POSTER - MUSKAN SINGH.pdf,application/pdf
1Pj-2nCmb63dxw56k5ZbgxEsf3a3GevoD,LOCUS_2025_POSTER - Muskan Singh.pdf,application/pdf
1gHvA_HvRwGm_eYYV2vPwzgfIRwmhZbad,LOCUS Research Symposium 2025 (6) - Shreva Shrestha.pdf,application/pdf
1KRj9Hc6GYeEgtfd7mkelWgP4dGqeZVkg,LOCUS_2025_POSTER - MUSKAN SINGH.pdf,application/pdf
1JFOhMExIij93CYqaDqKUasJccWHzYUz2,LOCUS_FINAL - MUSKAN SINGH.pdf,application/pdf
1D9eMWXAmuf3uar8gv3K29VOFJdq5pdSK,LOCUS_RESEARCH_PAPER_MUSKAN_SINGH - Muskan Singh.pdf,application/pdf
194SbkSvjwF6s1uVt7nS10DlkYdCeDV_f,LOCUS Research Symposium 2025_PAPER - MUSKAN SINGH.pdf,application/pdf
1dSPg6mJ_ItTBY3vx-sUuC9NUz4iZKuA1afj4K7BSZ2I,Robo Events 2025 Registration (Responses),application/vnd.google-apps.spreadsheet
1CTh4lIJyBs7X24MbWWUdPYnS8VoQ8FHDFvY06Va9ODw,HR Roboevents,application/vnd.google-apps.document
1v3xS1afhMDPSRcosA4bLdMwwegTveKVkymkWIWZDioU,Robo-Events Companies Sponsor,application/vnd.google-apps.spreadsheet
10jpN8--h4muqnMuAuhwahpcW3A6Yf96bl3OXqDThQd4,Logistics Needed for RoboWarz RoboSoccer Arena,application/vnd.google-apps.spreadsheet
1h4w3kpwqXkNV3NNSiOtRztQivmWNSQYw,Copy of Day 2 stall allocation.xlsx,application/vnd.openxmlformats-officedocument.spreadsheetml.sheet
1nYAadBY858EfSyAG29De2PWggIPZczTb,Day 2 stall allocation.xlsx,application/vnd.openxmlformats-officedocument.spreadsheetml.sheet
1fnIYoZNDsE8ztt2z1zobYqtMdPBrBFiePVFa0RR2Jbk,Day 1 voting,application/vnd.google-apps.spreadsheet
1x8sNHiZXRS1RIVPZy44HQf-f2As7r9yu,Project_binpin.xlsx,application/vnd.openxmlformats-officedocument.spreadsheetml.sheet
1LdgAJkp1_PZDVooza9GBM5n48fYFuMX1Lf6FMs9cc_I,Untitled document,application/vnd.google-apps.document
1OJ5DNPTDH-i_4BkRYllndjUIK2HX6PeB,Project_binpin.xlsx - for mailing .pdf,application/pdf
1J20bxi1CnfpSTd1o7VOzMe0QCkUsLd9y,attendance.xlsx,application/vnd.openxmlformats-officedocument.spreadsheetml.sheet
1cQEVCiOqt9HdNqrY_wZ1xbpEOqhgci2v3-U5EY92bhE,Project Guidelines new,application/vnd.google-apps.document
1PWQf9FQZfJrWyqdSpCtQ8-ojKUEyZI2w,locus-layout-stalls.pdf,application/pdf
1g0s2m7Ukvxef35oKk1rMoKkXsZdyirO-,past project new.pdf,application/pdf
1Z8w2OWtepkcziw1l98gpH_z181xuPcPf,Project Guidelines new.pdf,application/pdf
1Ke9CUM7MYK-_fpQi7kKP_m5zOWBFrSPOmxpzbIvngnA,past project new,application/vnd.google-apps.document
1lHVoi45-b4coudyIQr2oxZ686pnwGB1cx66rXkXgI8E,Sponsor Consultancy List,application/vnd.google-apps.spreadsheet
1v16_muVNl0ZNZxUYqCkTRxDLtGnsNSij1O5r27Esng8,+2_Quiz Sponsorship Proposal,application/vnd.google-apps.document
15zCgdqE2--bmm2F_ejUu8nLgckPzqUYdqCodl7CrbvU,BOYS_LOCUS_CUP_2025,application/vnd.google-apps.document
1ePRKA0meh21VmSTqZjb4txdqKJIODAYAYXUoy6PXI7o,COMBINE_LOCUS_CUP,application/vnd.google-apps.document
1TH-adPLu505xnfGN2qGDi6afP_XeR1rPAi9voYZUPPM,hack-a-week-2026,application/vnd.google-apps.document
19mhO1m-CUEUCEyZOYRcxyRpFcVg5M1tPMmQoAJOX08Q,An Overview of LOCUS,application/vnd.google-apps.document
1zLVQYK-f0YA9nzdIfUPFrQU5MPOQq7KnyFcLBDrVC8s,Prospectus LOCUS 2025,application/vnd.google-apps.document
12cHON6LGeyssXsySUok-gBhedwRDK4L5,SponsorshipDetailsxLOCUS2025.docx,application/vnd.openxmlformats-officedocument.wordprocessingml.document
1TksiOqq_FIEm4VW19p6tmijkZzUEi_0O,+2_Quiz Sponsorship Proposal.pdf,application/pdf
16h5cNWEPxoSYJr70LpuzZBJbLwdOh3gG,COMBINE_LOCUS_CUP.pdf,application/pdf
1MtBVeITesJU-hWSZEHLh_39HuwgSiAwW,LOCUS_GIRLS_FUTSAL.pdf,application/pdf
1v7g7GTE5zm2sEwcd-x6-TDcaCERSHT34,BOYS_LOCUS_CUP_2025.pdf,application/pdf
14JG1j1sVv24EcKQjZsfW0lxD4v4G9QRf,themedraft.pdf,application/pdf
12FDbuQUU0xEp5gEjWOXS4_BAVoGSsmBM,LOCUS Cubing Nepal 2025 Proposal.pdf,application/pdf
1WKWXcdOJ2w0lDFthAMeLPb0KPgJAUmfI,CodeCamp2025.pdf,application/pdf
1xunVGUTcHDI99OY0_OW9Z5m-5JKVjyZY,hack-a-week-2025-proposal-draft.pdf,application/pdf
1uN9p0uW9XHZrbWlt6yldcx-cSD_gXTTQ,WIA x CIT.pdf,application/pdf
1U1TCMQdWGd_PEoMOP9hzKaAJUZ22MFvyaoEI5_mV_p0,letter for NEA 2026,application/vnd.google-apps.document
10h9i46jLdSteLQvfAKZyf8JzIegNsZSWkTreczM0Jzo,invitation_energy_hackathon,application/vnd.google-apps.document
1nTSAEvhWkD2G4W0WFSe9KGhiNrPxYMa8GoYfQvjaxd8,codejam library book,application/vnd.google-apps.document
1H-QWLm-pf1uUSGjCaOv_jNjAJ8bsUCexv_2mygiR5os,invitation_theme_letter_to_sir,application/vnd.google-apps.document
1q7zGAXb39Ds3D0v8wpsY7-ny2hmK29M3LkohY3jJQx0,WIA x CIT school proposal - Elixir Academy,application/vnd.google-apps.document
1G6XM7L1vNWLbNCM5ZzIHrjZxITfy0A782_5MdxmzX2M,CIT school proposal-Nepali,application/vnd.google-apps.document
1RiQ90iZ2Z4SfPQV8u-A4Hjhvco6LEul4HAVgux0v7iY,Invitation to colleges _locus2025,application/vnd.google-apps.document
1s8yv-fWbo1AEnHL-QjK6OsMXp6rhplQ2gy17lrGCXdw,ThemereleaseInvitationEducationMinistry,application/vnd.google-apps.document
1LNIEwb2QptOv4RLSvv-8mmwFZSxwWj3B4sIc08e7hoo,LibraryHall_Symposium,application/vnd.google-apps.document
1SJazSHI7ywtkLSJf9jQ-H9XCgTwtkrfwjTUcil7_sKQ,ROBoeventsk ko material,application/vnd.google-apps.document
19CD3SpPJTiduPG0-5crFX-cUyZLnOWowLKTQwUQpj8w,energy hackathon letterpad,application/vnd.google-apps.document
1ry6Y-CIL7hSbjfGIud1V6ze0pO-KU4kDA1JlQtQHSZE,letterpad for NEA,application/vnd.google-apps.document
1j79WucKHC1fJQ8GKkFAW49p1uTYI-CaN5Y4DuUA0L6s,Copy of LibraryHall_HackAWeek2025,application/vnd.google-apps.document
1EjKzccUcSPG-wDmTD7C7OV4X_RkAIZ3Gda3nO6eG3yQ,LibraryHall_HackAWeek2025,application/vnd.google-apps.document
1ysDPEdxvuM99uLoGIeqR70casIABncIxj66QrOGzJec,LibraryHallOrientationxCITClosing,application/vnd.google-apps.document
1Kpaxotet8DDwMG-DX0ZJygtM4eNGFAIyPYsXXE8fZxQ,Letterpad for Cube Solving,application/vnd.google-apps.document
13Y3I5XFMZm6kQ_4HQPptz9E77rGx8Qz7-ohq0NpguQM,itinerary_to_secretary_of_MOEST,application/vnd.google-apps.document
1Qgb5TMFwlB9vKcuB45u9r71DZd496VpI-fuHb7MeMt8,request letter singha durbar,application/vnd.google-apps.document
1BwPdZAir00buS1YtHG7PIsB8UnXcZRPoPdrar6GScAQ,Copy_Of_CIT school proposal,application/vnd.google-apps.document
1sRsu_1_mrKh-ss4vvf99WrIQ14nP6JHOtImdngI1vYM,Revised Expectations and Commitments,application/vnd.google-apps.document
1XU4k5vH3IsmC6BwXT-bs-w4pi8M6L1th8kyyIJgEW8w,Copy of LetterPad Letter GIZ,application/vnd.google-apps.document
1gucz3YvDxhY674SzVieMtNUl25KS8VpG38c-sRi9Xb8,LetterPad Letter HWF,application/vnd.google-apps.document
1xuVjU6vc7ZwtqYmKUxIX2f8E5Fb_lBs7Ez_5e_6Dox4,LibraryHallSF,application/vnd.google-apps.document
1Nd5rqR4DMscu-YDp5FU-lJsjuDojxxFIpdqDdSk8mec,Prize Distribution closing ceremony,application/vnd.google-apps.spreadsheet
1_B2eo9nZBSMxHMTwaMYiRXx0P3R_GC15Re4pbVsrgnM,Sponsor Amount Details,application/vnd.google-apps.spreadsheet
1zHvcLRKMX_ZZ3biYc7qZiHqigJOGMCHJ,Finance_Coordinator_Handover_Guidelines.docx,application/vnd.openxmlformats-officedocument.wordprocessingml.document
14ElvM6-QMF2pdx8kT3kQiX3J3jH8O3QXqELV8CrU_Ys,LOCUS 1st part sem expenses,application/vnd.google-apps.spreadsheet
1XBl9JMg4KoqTA2HQlmho2_TH95Gki56Mu8IeFp8hgDo,GirlsToCode2025,application/vnd.google-apps.spreadsheet
1YlcWbaD_kj02xnQ3jpBjJa3E23yR4bN8,LOCUS 2025 Girls Futsal Expense.xlsx,application/vnd.openxmlformats-officedocument.spreadsheetml.sheet
1ZiHMbLQFM2OCHac8P6A3CkWRCNphk6Kn8bGBcmIw4MM,Theme Release Expense,application/vnd.google-apps.spreadsheet
16WomIP_dhsaMAtfQVfkWaqQr_0SjDjwstwp3amq60cs,kec_visit,application/vnd.google-apps.document
18meKTFW6sNs627djGC8wOizatszoKxeV,_ElectroTech Week_ MATLAB and PLC_Registration (Responses).xlsx,application/vnd.openxmlformats-officedocument.spreadsheetml.sheet
1R9oFlgizRsgfo7j0iHTBLOcuQnM6NNEitYP2JJIr_zI,list of Event,application/vnd.google-apps.spreadsheet
165ilAX91gpzBcreYlBU0p7wp2aq0YH0drRC6h4ndEV8,Call for Creative Team 2027  (Responses),application/vnd.google-apps.spreadsheet
1-yz_cDhnk_zBbvMcrl3kNlOGrq0UStP7oQ_bYXeXrGM,Form Responses from  Campus Representatives  ,application/vnd.google-apps.spreadsheet
13z_Kx9DE81k7DTrXog5U-W-nx6VX9jz_RTcE5UjMPY0,Copy of Campus Ambassadors for LOCUS 2025,application/vnd.google-apps.spreadsheet
1YCPZsDeJvtryxibUpaYpU44MuOFJ0N94mSZoCA00TMg,Campus Ambassadors for LOCUS 2025,application/vnd.google-apps.spreadsheet
14jxl8vKSu9dB_wg0nfu6A6zD6T6FZulglKghHX0az7A,Copy of Campus Ambassadors for LOCUS 2025,application/vnd.google-apps.spreadsheet
1QhLFXWzUl432piKEM8JRbAdo6Eh9cepQoVTVt4XuSdk,LOCUS 2026_committee_contacts,application/vnd.google-apps.spreadsheet
1eaLtR9lJJMP9N4rBCJQ5HYbCTUZbbSOneJJT8Qfn7SI,Committe members,application/vnd.google-apps.document
1nuEWQUp8h0vnouSv5Oly5scLykaKqwm4,LOCUS PAN Registration.pdf,application/pdf
1kZ_ongT3dpW7KL3UQnJis75a2ElupaEkBLDydoQ-GdM,Work Distribution,application/vnd.google-apps.spreadsheet
1uynkTM3xs3cUa4ycuqHmneU536hspYYN8e61Y1tPHes,Media partner Proposal ,application/vnd.google-apps.document
1foXgcxGy-032B1f6XHsHEP-qjzMLHWSM,Media partner Proposal .pdf,application/pdf
1pZIhK-fq25IVZQ1Uz5NM8s4f87P1zoQfdhFIbEki_nU,Media Partner Proposal,application/vnd.google-apps.document
1T3DBeN3eu5p5f4wzmn2rBgSitC5UV5l5,Media Partner Proposal.pdf,application/pdf
1Fo78elKn5iTS61kRrDnu1PJvm1zzWJ4j,Mozilla Proposal Document.pdf,application/pdf
1QIFxrbRt5UNYW3vq-EmC5qYfIH6LuqJeekDqN5xe1JM,Robowarz_2020_Rulebook_1,application/vnd.google-apps.document
0B8ptdYzYr7_xdHVIc2g2NVJBa0ZoZHg1U3lOTEx0ejFNNHJJ,Robo_warz_details.pdf,application/pdf
1-Oo3JIA7S2j0IMukEoBLWua7ebuMQUNP,Robowarz_2020_Rulebook_1.pdf,application/pdf
1UBISKEMQ8pvwCoOHHCoDkh3u1dejuHZj,Call for Participants Robo Warz A4.pdf,application/pdf
1CqrbPIXH4WL7-zGd5bQo4EzhEPP_FUXD,Call for Participants Robo Warz A4_2.pdf,application/pdf
1BfVfQ0JyThMDIkkM88Xt7s-LOTcNFFQC,Dronacharya-2020-rule-book_1.docx,application/vnd.openxmlformats-officedocument.wordprocessingml.document
1GbRXufJfY0HCFTgHpnMHLiQXouNTSVd6,Dronacharya-2019-Rule-book.pdf,application/pdf
1w1C3x9kOeT2KIkebqIsvjm-02GCRekoV,Copy of Dronacharya-2020-rule-book_1.docx,application/vnd.openxmlformats-officedocument.wordprocessingml.document
1muxe1Ap6VGDEzQhjwmDBSEdorjkS8whM,Dronacharya Info.docx,application/vnd.openxmlformats-officedocument.wordprocessingml.document
1XAp-r6JY5mhYJmtz5y9GuOTr6gQbCuFnCW2Bmkfql_M,Robo Pop Registration Form 2020 (Responses),application/vnd.google-apps.spreadsheet
1Rd0j2JZ8fALH0sgje-tq_f3Y_Xn2ApZn,Robopop Sponsorship Proposal.docx,application/vnd.openxmlformats-officedocument.wordprocessingml.document
1X0mAz5icVYJr7O1NR9vfyGqPUiq6UrckQ6X-6TqYmCY,robopop,application/vnd.google-apps.document
1EWOx6aVpVCwpHJb3rA_YphLSzPBBmb4t,Participation Certificate.pdf,application/pdf
1MaZ12rbx3RGIg5Ar0eONHn6booYFL-Iv,Call-for-Participants-Robo-POP-A4.pdf,application/pdf
1ut-QnJfXw91Tel0fHDVb9d3adP039e9k,robopop.pdf,application/pdf
1jXNPcSUhz4jX88dH8Ivsnpc9Hvue5UkrC4cLjTxo5BU,Career Outlook (Responses),application/vnd.google-apps.spreadsheet
1R8Ve8CDSPeDQq3OlcRb0Ju7PDVpJYzy6ingi8_OH1FA,Captions for LOCUS Events Gallery,application/vnd.google-apps.document
1WdRaFJSQqtyB8Zth6LlnZBK0dRLTsTbjcxEuoJl59Ss,Certificate Sponsor List,application/vnd.google-apps.spreadsheet
1aqi5rkknmMyMg5Yegy97E8EHzcpzWSqh,To prime minister.docx,application/vnd.openxmlformats-officedocument.wordprocessingml.document
1Alt24orgq8iBWSbXYKgDrP8_lATWlExe,Permission to conduct to flash mob.docx,application/vnd.openxmlformats-officedocument.wordprocessingml.document
1yCBVrRx-tET1SvZ0eEqP0alpAvo2U6sK,Copy of Copy of To prime minister.docx,application/vnd.openxmlformats-officedocument.wordprocessingml.document
1rT9wkqsA8ABTzTXmQQvCZj_gMLteB8Fu,Copy of To prime minister.docx,application/vnd.openxmlformats-officedocument.wordprocessingml.document
1jA-GTF_EafdqmhRkGWZ1_9wbry-NfxBH,Basantapur Durbar Square.docx,application/vnd.openxmlformats-officedocument.wordprocessingml.document
16sghuHwstKYfTVBBG0kbUlXJRwOJ_kHC,Copy of To info minister.docx,application/vnd.openxmlformats-officedocument.wordprocessingml.document
1RI7_hUYBsaR0J5dbDEymOot63aqmv3wy,campus chief invitation.docx,application/vnd.openxmlformats-officedocument.wordprocessingml.document
1FN0BTyBj4orwLBNCR0WS3PCRIf6OJ5KW,Invitation as a judge.docx,application/vnd.openxmlformats-officedocument.wordprocessingml.document
1SXIHPmr_hKWKaQ8EtMOWpZ5VlT5F8_L9,drone-permission.docx,application/vnd.openxmlformats-officedocument.wordprocessingml.document
12FjI1LIuBsvqMIpMPDDLpMO4LdIW3gey,sound-light-timePermission.docx,application/vnd.openxmlformats-officedocument.wordprocessingml.document
1jBfMCHrL9_tZSc_7FJP_hszMo2FTWgyI,Kathamnadu Mall.docx,application/vnd.openxmlformats-officedocument.wordprocessingml.document
1p-yPqsM8S_GyiMpBOc0bBsekxHXpL0P9,Basantapur Durbar Square.docx,application/vnd.openxmlformats-officedocument.wordprocessingml.document
15R4qektH8vF_-fj_tsAA_dtSFVCXOu6K,Labim MLL.docx,application/vnd.openxmlformats-officedocument.wordprocessingml.document
16tL2geZQNQS6xF3yUFPUaKMrkSsbzha8,patan.docx,application/vnd.openxmlformats-officedocument.wordprocessingml.document
1IF-hqvJ-0_Wv1BneXa7i0GIPzZHk43Bi,ICTC-Premises permission.docx,application/vnd.openxmlformats-officedocument.wordprocessingml.document
1SUEbaMyWuUlJvu99u92635kpcL1oUAwaGgrFB5ZZNHM,Commercial Stalls Distribution  ,application/vnd.google-apps.spreadsheet
1Z8g9zhDr7__AzcuemEWgkz2cxiFNeqnT,locus-layout-stalls.pdf,application/pdf
1rFBVHRHYdFt_lV3g2_ybC448VNhs79VY,Guest Invite Generic.docx,application/vnd.openxmlformats-officedocument.wordprocessingml.document
1x52ZHB75Jd1uNu3BDxn2cquWnXiJl71e,Sound Contract.docx,application/vnd.openxmlformats-officedocument.wordprocessingml.document
1GsszdUZ6DDqoD8diHpdQHrh0lsgpiBnq,ICTC-Premises.docx,application/vnd.openxmlformats-officedocument.wordprocessingml.document
1D8r1XIVSk1jtlLbejTeK0VDzaYlDruaz_vD3FCuepC8,Community partner,application/vnd.google-apps.spreadsheet
1f18BCMb6g0Gts_j54nRvuM_6uKrSLwj8V0nYY_yOLfc,Clubs Info,application/vnd.google-apps.spreadsheet
1zXTu-yREBB1M4QJq3oUrwNFQirlzO45m,CMP.pdf,application/pdf
1mJrlwYOP5-DI0MVCrmVRDzxRT9SVphCe,Community Partners.pdf,application/pdf
1gxHgvNCPRsZiTVUPPVnmpRfY41KUecDg,invoice.pdf,application/pdf
1arxaIn3a0Zp3ndGSdz6r18WAgJJ8CZ-X,LoanHardwareComponents.pdf,application/pdf
1czRCi_eDwLpHiWuNJ9tmsah4xkBtm6EY,Theme Release Slides.pdf,application/pdf
1jQGY3XaGC_pEayrYF0qLRtoai-ldAUPv,Presentation UN.pdf,application/pdf
1PLonm54ulnsyiTsD9ijzQrEKT8taOag2,Community Partner.docx,application/vnd.openxmlformats-officedocument.wordprocessingml.document
1ZCmIC_ID7ktg3rY3vpwnhM4wyBXKPwKeysa4Arw_I4w,Call for Participation,application/vnd.google-apps.document
1kzGvkx2At1QRsiPIsliLyB3zwRci2Jxk,Dean Office.docx,application/vnd.openxmlformats-officedocument.wordprocessingml.document
1tM5Sv58-e93zYRGUkN5X-2fUZdL3lmih,FSU insurance.docx,application/vnd.openxmlformats-officedocument.wordprocessingml.document
1HN3e6Z9Yk5tOycpB913wMGppdsxu8ywG,Advertisement.docx,application/vnd.openxmlformats-officedocument.wordprocessingml.document
1E3yVXl72hWRmXABqHIqKpfPQZE_-CJUT,EH Sponsorship request.pdf,application/pdf
1GtLLq22beHZqeAvSuPdvILWndtGFCCDS,Sponsorship Request.docx,application/vnd.openxmlformats-officedocument.wordprocessingml.document
1aNnjaY0ynl7z5M1-hfnQm8Lzx_gcvMBB,Society of Electrical Engineers.pdf,application/pdf
1pohbicibWknaL4PjeZ4EQywb_XHqeOlC,Renewal.docx,application/vnd.openxmlformats-officedocument.wordprocessingml.document
1EkmWPglr15Yy_ohZoQtYfw6nBzft8sYZ,Campus Premises 1.docx,application/vnd.openxmlformats-officedocument.wordprocessingml.document
120cX4fCrst5IGIGatcfHWr-xPvabVASM,CDO Drone.docx,application/vnd.openxmlformats-officedocument.wordprocessingml.document
1kmALcQZMrVjWJJJLlBubBumWn1eRutfCeXJVjTCCVo0,Itonics HAW college letter,application/vnd.google-apps.document
1rRi4-afyAdHmnkCdVKFCYoZ4M7-cNHjoIFoA9B0KPZc,Request for  Projectors,application/vnd.google-apps.document
1il8mD4RNZgDSCbI_Q1zBXZf5tEs_s1rhpB98sjKfy8s,invitTION,application/vnd.google-apps.document
1-xMVtdW3sHnohKmPcSGfyLcWx_MseC1H7MQIu0CvPAk,Request for  Projectors,application/vnd.google-apps.document
1NxUmDo34hsDabelZfbAIB0cF1m1ZwpJg,Hidden Treasures.docx,application/vnd.openxmlformats-officedocument.wordprocessingml.document
1afhrFCRFFZW0tX5wz1SLNzyqOFbhzHt6,CDO.docx,application/vnd.openxmlformats-officedocument.wordprocessingml.document
1Ji5C3uCzfOAX2SYPI68fIpERKgkRK_Z0,EH Sponsorship Request.docx,application/vnd.openxmlformats-officedocument.wordprocessingml.document
1g2I_NjFHLNEumJ0P_G76YyZH3Bl_HyN_,CDO 2.docx,application/vnd.openxmlformats-officedocument.wordprocessingml.document
1ZpQtlMHVukqi9Zfy2yfy7xhHy6ocJsId,Community Partner.pdf,application/pdf
16UVrbgloA6Zf3-_9cAOsuAPLqEmL8Ql0,Call for Participation.pdf,application/pdf
1MILHsJZDkPvivDPpRAlkSalFABtQiX4O,Expression of Gratitude.pdf,application/pdf
1Rqeeq8e0skZ9tMsYZOVfriEiMMUikoly,Media letter.pdf,application/pdf
1z0rmu5N9Qo0HzyYXRPzCLhluKXQJ8qOn,Request for Projectors.pdf,application/pdf
1zHzhRLD6C7D_pE0vDDD2IFZx9I5xlYxv,Request for Lecture Hall.pdf,application/pdf
1hlrsMIXp7TXa5vViTxHbc-K0qIfP1FjD,Request for Ground.pdf,application/pdf
1wqYU7p4CnrkLppTkomgYmFABuf7V5Sqe,Request for  Projectors.pdf,application/pdf
1HQqaUj-BHX0rI5928cGBoN6vkGMI8CjL,Renovation Application 3.pdf,application/pdf
165x7CBM-PIzYXcQAiy8HERoJISCSUUHO,LOCUS Internet account.pdf,application/pdf
1OA8hdpOBOq53xxH7QRp_j3VrJrFRaXUj,Letter-to-the-advisory-board.pdf,application/pdf
1rQksH_KBuvQNwlZjm8KJ4Dog7hFPstVT,Fund for LOCUS cup.pdf,application/pdf
1Lgd8H8PXjljLiwFEQFzTDwDmUlNRtduD,Application for Password Recovery.pdf,application/pdf
1AElYNZiZvuTy1aVC5cRtBHlX8e92GJ6eqay4Hke1pWA,General workshop guidelines (WIP),application/vnd.google-apps.document
1kzPGa3ZdQoxUS4gYJR3SO5VpghjXyAy2HKSJBweI324,Lesson plan format (copy this),application/vnd.google-apps.document
13d6m9xEhvqWQL3eQyhhvBT4hcGkNA452,Minute-9.0.docx,application/vnd.openxmlformats-officedocument.wordprocessingml.document
10PnSYkuOg3aDkshQzpw66JHFtCDTeQgI,~$nute-9.0.docx,application/vnd.openxmlformats-officedocument.wordprocessingml.document
14p_xdEbssF8DWodMd-sIBmOqfobNi5go,Minute-8.0.docx,application/vnd.openxmlformats-officedocument.wordprocessingml.document
1K5ekMqPjvYkzTfQCpoHxIIUCg5p0MMGY,Minute-7.0.docx,application/vnd.openxmlformats-officedocument.wordprocessingml.document
1udqFMNknslRuyq0wKGoYugjtwaZXiFeD,Minute- Advisory Board Meeting.docx,application/vnd.openxmlformats-officedocument.wordprocessingml.document
1SsRJPA8RVZNrc6pgSG9GnB0EFuseQ23T,Minute-6.0.docx,application/vnd.openxmlformats-officedocument.wordprocessingml.document
18ySfQqfENgnS0K1JsiTs0eCd-YD2mVXe,Minute-5.0.docx,application/vnd.openxmlformats-officedocument.wordprocessingml.document
1eoNGBEyy2td56vuqvS1HqTr7x9lZ4k8m,Minute-4.0.docx,application/vnd.openxmlformats-officedocument.wordprocessingml.document
1uKC7FDeL3KTD4rOxx0qCChE-g444BU1_,Minute-4.0.pdf,application/pdf
1gaIbVp290rsOUqelXH36buzb3g7v5yTy,Minute-3.0.docx,application/vnd.openxmlformats-officedocument.wordprocessingml.document
1GZvK6UtxUPoOpPQ5-3Y_22M_LN7AyMbF,Minute-3.0.pdf,application/pdf
1uEML7il08aS-pllMAHPoOMb04zKuTolktWkO0agDj4U,LOCUS 2020 Sponsor List,application/vnd.google-apps.spreadsheet
1Rhl-h2BFxsocwk3NYA0_Jz9VZRKNrg82hHU5_53vcQQ,LOCUS 2020 Marketing Plan,application/vnd.google-apps.spreadsheet
1LaVCZkZIGjr1ZyVJno-MO_-_MSM_hD7P,GCA MoU.docx,application/vnd.openxmlformats-officedocument.wordprocessingml.document
1lyD23Y2u9q78U9So5OExdHdGM1jwsAMZ,Rara Labs MoU.docx,application/vnd.openxmlformats-officedocument.wordprocessingml.document
16MIfvUZq1FTfYQtp7e-7tkqy9jPKqlAr,MeroJob MoU.docx,application/vnd.openxmlformats-officedocument.wordprocessingml.document
1W0zZKkS9KRYzL8Z6H3_2A1yUDIjWx0uO,KTM Sports Zone MoU.docx,application/vnd.openxmlformats-officedocument.wordprocessingml.document
1VRmyPxckhMvH_7fsgS-P4OLLK2WPTU-r,Broadway Infosys MoU draft.docx,application/vnd.openxmlformats-officedocument.wordprocessingml.document
1Ijt10ejIRBrEmMqRTEl1DZYPCrWgWoul,sponsorship request letter.docx,application/vnd.openxmlformats-officedocument.wordprocessingml.document
16Gk7R-YTJba1DF14y1Y9ru_GeI6kLQbo,Copy of Employees-Prvident-Fund.docx,application/vnd.openxmlformats-officedocument.wordprocessingml.document
1rh1jbayRfHrUgxEDdgZ_XmG6XczKd4Ja,Employees-Prvident-Fund.docx,application/vnd.openxmlformats-officedocument.wordprocessingml.document
1_jGap10RrERrNGaheum8dy1z9V9-IpH_,Eminence Ways MoU Draft.docx,application/vnd.openxmlformats-officedocument.wordprocessingml.document
1XKFFdZecUpDlFTqNtKeOp0RyK8KoMSz2,NEA Engineering Company MoU draft.docx,application/vnd.openxmlformats-officedocument.wordprocessingml.document
1Ae34WWG5TifJY13P98NQgt41iM-9GGjw,PROJECT-MASTER-SHEET.xlsx,application/vnd.openxmlformats-officedocument.spreadsheetml.sheet
1_3LCWyGg1MIufBEQws-1fLa9vUfP3rifCpY3pLYr-90,LOCUS 2020 Project Guidelines,application/vnd.google-apps.document
1JiqRM27YnmL6q0Gq2jQwWPGoTcSnUbHO,LOCUS 2020 Project Guidelines.pdf,application/pdf
1dD9YByhOdMWyd-smrXaXIh5zkJ_z3GTC,bankingDetails.pdf,application/pdf
1ZIezQykPhb8N3QZiBRZ7CnGErLlgoc4GwVt7S1tT-BM,Advertising Brokers,application/vnd.google-apps.spreadsheet
1KVzkqlNlforCiQV8nfk_IC4oFtMmuvL9QIOS_3Ud-qk,Resources List (Rough),application/vnd.google-apps.document
1QzAqmrRaJ0_BVdJG8F9PWMb3y5fvRhQ2,LOCUS Invitation.docx,application/vnd.openxmlformats-officedocument.wordprocessingml.document
1jC0cTUFMczEjJUIKqwQhyKXAKxFNWOtpdRE4xtTjSEs,Stalls,application/vnd.google-apps.spreadsheet
1Z4reFD3bMb5uH6FMJP8w-xasuKPhn4oM,zerone.pdf,application/pdf
1C6F-N6h7dXchxnq9PO30HDkbdVUWy97t_Ev4a8Hd6Hg,Letter to nast,application/vnd.google-apps.document
150eW-3IhMZ-kiMA-zvJCZEOTFZq-Lh2fx1tS0Ix__jg,Letter to NTA,application/vnd.google-apps.document
11PJz8Z_94lGYqD_az8Vvc6vK1qiZRqxMe4OZl2eXEjY,Copy of Letter to NTC,application/vnd.google-apps.document
1kqixzmnYb7-DPt1So5RKZ3q7ThQktPylkoS2ZHm-mLw,Request for Library Hall,application/vnd.google-apps.document
1Um4H5Do8kEcqivz03I0tvU3j82zKk23YUAWsXrQOH28,Letter for projecter screen,application/vnd.google-apps.document
1V47VMMet1GhKlk4SSttB0_IyJoI4GdGe2qaniffChyk,Letter for AI Competition 2021,application/vnd.google-apps.document
1cb0AFPxdmoolZzCFiygaMEYKcJTr8w61Gv6V302KACA,GIZ assistance letter,application/vnd.google-apps.document
16vApdSLPTn6q1Bg0-oad9DHBFSpcB8B4QeuxsyiQNDk,Letter of Proposal for CIT,application/vnd.google-apps.document
1iDeEk8RlKyBIneEiNDtUYMz1WfiRysPtv_367Ewy9NA,Letter for Ground LOCUS CUP 2021,application/vnd.google-apps.document
1j7MDQ-_K9mxHqwHCQ35bzs-6gj-hHe3FBxp9U3L94MU,Theme Release Invitation to Techpana ,application/vnd.google-apps.document
1k7wXFHtntE9dhbhj8-JkbdA4QUlu9BiAhYhtzOeRQ0A,News partner,application/vnd.google-apps.document
191N-fs3q-JVDlScBRTJpN_5lIyUnkgQfQWVVKgC-GDQ,Letter to NTC,application/vnd.google-apps.document
1SyK0K4Yyroy9TLE20-9I_Hqw-30sx59iPpGkcwzuEFM,Letter of Proposal for CIT,application/vnd.google-apps.document
1NRpW0zI85TnSncKjSEcqoDVbRAF2TFL0UAaYgzTE7YI,Invitation for colleges,application/vnd.google-apps.document
1b4Q32XQ93rT0Sr8HWEgOfIB_OiruL9-o_P_wTUZ-l8o,Hostel Permission,application/vnd.google-apps.document
12i88m7S1qweJkxYn3sE3EcGD1jMZXeEMvbaSTbFQ7TU,Request for Room,application/vnd.google-apps.document
1dJ2UX3Z46tUdtN58vI8aRr75l8eCEd74e-weBnr0UGQ,Invitation for participation,application/vnd.google-apps.document
1Upg7bh0UQTRbhiH0tPxZGajGLe0RkfwqVqm1hbCdme0,Request for Project Room,application/vnd.google-apps.document
1sYkVZnm68-VwgrkWz18TjN665luEAESl2ZoaRFMu29M,Invitation_NEA,application/vnd.google-apps.document
1pK41suTDaWbTCVgBd95-8pk6ZhknkktuY5HEQv3p1rM,Room Book,application/vnd.google-apps.document
1HExoDX7Pq5pTI5CiX8CEjsMmNmuIvUQWqKVLpRsAKeI,Letter of date declaration,application/vnd.google-apps.document
1gvsWtrgslSJ1rLmmjGRhswzSWNxr9vu1glsI4t4cFI0,Invitation_Softcopy,application/vnd.google-apps.document
1bqvE5H1FdwyLYGhSTsSi9ihsJ3DE1dBt9d5xWWE-U0s,Letter of date declaration,application/vnd.google-apps.document
1Ut8ES7y1P8c4GmNl3AU6NKWbmuejG_RzPXG_Lt0yKKo,Request for HaW email address,application/vnd.google-apps.document
1OHT7_3p3R4Da-iwJ-fGMH8HZFFzIWNAZBkm85_Kpmh4,Letter of Invitation for the theme release event,application/vnd.google-apps.document
1lfTFf9C0B7PZQVS3LOW3iDwxB3wyw8nJooVTIz19D9o,Theme Release Invitation to Media,application/vnd.google-apps.document
1N0Vy4cUf8ogHgCa07EJAmheeS8rMlZ3NHQxrrM17sWg,Invitation,application/vnd.google-apps.document
1kztq9QxD0AQrM3q8L9BafRP2OVEmkQCyB9huJHhaa1w,Election rule,application/vnd.google-apps.document
14WdwYBvvnzvIcg4ZPVfYK48pPDGofK5z,hall booking.pdf,application/pdf
1ZRIcfWmYclMZDMm0XGS9DdZkuNRyOo9u,gatepass.pdf,application/pdf
12kdznRwtlVqFJL2xnS1LhQIZICob64do,electrical1 2027.pdf,application/pdf
1y1oiHf0IsyNF-aN6YqFNXNKNkNJR8SG_,electrical 2027.pdf,application/pdf
13nS6KKGbdWunNK53oSrqaJhiAD5hzEQI,LetterHead 2027.pdf,application/pdf
1W-bl_jAbiH9GnabLTxcNG-0lk4IuZ_5u,Letter head 2027-1.pdf,application/pdf
1f0tFBMoiyppSLs3qp9GlaBtnokyFcdJ4,letters locus 2027.pdf,application/pdf
1JygruomXe7JAGWzQO6M8XakIO9lLQstu6URXqZ3XxkY,Electrical Design Workshop : Reg (Responses),application/vnd.google-apps.spreadsheet
1TkiYgAEDNnZ8tZfJE7TKmvpMp8lXZU_7,tol.pdf,application/pdf
1a04cuHpk0RbC81UOtmt7AzESbACw4HTr,Banner.pdf,application/pdf
1DVo2SJlQkWBK-N1utvLM6MMRQkQZpnMO,Confirmation-Page.pdf,application/pdf
1MKazs6cyz1H_KfN2pUHEynkulldb9l62,IOERankwiseResult_copy.pdf,application/pdf
1Tgm5jI7-BPl5hLNA2QCQ8VoD6_39H7v8U4NIYT1-hAU,Call for Software Fellowship Instructors & Mentors  (Responses),application/vnd.google-apps.spreadsheet
1_K7QU7yxgiGviIQd_IuD3jf23ACZRWGDPDCekG0txq0, Software Fellowship 2027: Registration (Only for Campus Ambassador) (Responses),application/vnd.google-apps.spreadsheet
1iDKLzSNlMgR4vML70P_l0FpPzOCTLWInVagPsZ1SVjE,Call for Software Fellowship Instructors & Mentors  (Responses),application/vnd.google-apps.spreadsheet
1cJ2605mj8YUP-Lt4LMyMPnY0OP5i7JvUP2NG_8UbGew,software fellowship,application/vnd.google-apps.spreadsheet
1AAhuOFKXIf83W9RjTJvxarVEr38ZPQHd,photshop_syllabus.pdf,application/pdf
19wpRHbwdtNQMK2LvRK_htZ6E27zSgC31,_2_Quiz_Competition_Rules.pdf,application/pdf
1sU2G90ayT_gu0VbhtF7aON3_QtCdwz3n,brochure Report.txt,text/plain
1iU-4QDr-qzVqPxB8G36UFvfjYvLrxSPU,NativesPlug 15 day learning challenge.pdf,application/pdf
1NPRS-tlEkrJMmPrht-UOMIjF-kqUMx9U,extranameplates.pdf,application/pdf
1isMcbNsHz3Z3DeuKOZU05L-8DEl3BBjZ,lanyard.pdf,application/pdf
1stUQLWBktTJNRtK8jG45rhTz0Vxau_2n,Open-ended-session-overview-1.pdf,application/pdf
1eUaOziu45_dxpd4Y2lXAui2UEtUCfNts,Hardware_fellowship_Syllabus.pdf,application/pdf
13HpBBsH_FMpAJvVGAPTWBVAcThcgqdY9,hackAweek_verFlex.pdf,application/pdf
1-5tC06zsKIzvZZ0RFTcCO95SkoawXnH5,ThemeDraft.pdf,application/pdf
1WiW8jRO7e9UwEJeQMwhcILStwTBB4M6_,Prospectus_2026_Original.pdf,application/pdf
1iuojrPjMg9csqBPB95S8DtCOksBIJjX4,Prospectus_2026_Compressed.pdf,application/pdf
1CmNRHZ9ZDAnRva6PUIun6XCMLucpiVAx,Software_Fellwoship_Sponsor_proposal.pdf,application/pdf
1xMWAwRXBlmxALbiJG7gLQwix3zgEHF4j,tokenoflove Code for nepal 2.pdf,application/pdf
1VbUvhYkbcIEdoNrMWWmSVBAvcLYME5Ki,tokenoflove Code for nepal 1.pdf,application/pdf
1fnq7oYxVmhGiPn1axW1BoE5Q1mwcGCgM,Quiz_Competition_Rules.pdf,application/pdf
1PcS7oPMA_s064FECNuvXPlbAXBoSn8qE,{{School name}} - Invitation.pdf,application/pdf
1zCQOCRlb1LplB6ClaA3d6ak-f1C0D1wq,{{School name}} - Invitation.pdf,application/pdf
1DBTwYU0Gyivbu3TPEM8sCwjDxMVo0C4g,{{School name}} - Invitation.pdf,application/pdf
17lRaQG2FmxLotLNtp4tpstw2RJLt4PRC,{{School name}} - Invitation.pdf,application/pdf
161sD-NeK5c_LBhMUm9GEVqY5nKkD6ewr,{{School name}} - Invitation.pdf,application/pdf
1KsdVK0dsnlB-KtTBPGooSqwASOkiyoBC,{{School name}} - Invitation.pdf,application/pdf
1ifKPlfIrrz4wfdjtWyaIWdbJJiR6WccM,{{School name}} - Invitation.pdf,application/pdf
1cHAaVIhmL8BCuFCDpxT70xTu-c5KA6QJ,{{School name}} - Invitation.pdf,application/pdf
1DurWKOkUDnmLIepC2Eakc8jSlnFg2qS4,{{School name}} - Invitation.pdf,application/pdf
1U75SvLNoeLObntuIvi48tt8MLO2Tkoqk,{{School name}} - Invitation.pdf,application/pdf
1XpHMVIkzDo7aYtpRRGb04qzQGNo20lrP,{{School name}} - Invitation.pdf,application/pdf
1ZQjPCgTZZbSFzaMWpOy8fFAj4Y8sPudH,{{School name}} - Invitation.pdf,application/pdf
1qEZkA3X4pDjlZep2XXfxoYz5RG1ydq3z,{{School name}} - Invitation.pdf,application/pdf
1k2TxoYWFi2mOs-qatseSCijft1i39mVJ,{{School name}} - Invitation.pdf,application/pdf
1dF_NLiToqHEfp9pq8ctjb7pan8qZry4m,{{School name}} - Invitation.pdf,application/pdf
1wJNV3Bg9IG3Eoav6NP7A_k8TMkauX_r7,{{School name}} - Invitation.pdf,application/pdf
1ozSzAk30S5wqTz5dypZ0ZnlayFpgTiW2,{{School name}} - Invitation.pdf,application/pdf
1rQxetjEsl0xBcgyFs1ENdC_B70kplYZ-,{{School name}} - Invitation.pdf,application/pdf
1eBGRA9_5giYVceQK5gasTbc2_LQKyjjN,The Times International College.pdf,application/pdf
1yidl-_5225ipmCQ58ugdqZQDaRLaWZar,DAV College.pdf,application/pdf
1D7EasgvgIKq9zRjGQM6biyIFtTuYcFGu,Madan Bhandari Memorial College.pdf,application/pdf
1TWZUpE56gQQDyz-eY7suRRqSBQgQuxVN,United Academy.pdf,application/pdf
1_9ulaQG2alWAx51EEncH7yG4YL4CEzx4,Global College of Management.pdf,application/pdf
1ve5HvNJwJaR9vWgIycIGuSJHwcDaVsWv,Bhanubhakta Memorial College.pdf,application/pdf
1bxpXqpPm7vQOlc0LZexLsOh7JWCPpAKI,Nepal Mega College.pdf,application/pdf
1V-A5956P30CEaF6PcvMw19rtsiIDcpYf,Amrit Science Campus.pdf,application/pdf
1OUoBR7SNn1vsF4Wr-3aOctaPYKUtdTFd,Chelsea International Academy.pdf,application/pdf
1uapHyCWhrZWbEq7VYAtRplwyURiybcW9,Kathmandu Model Secondary School.pdf,application/pdf
1CsXh6OqPD4f6kAePcGYTc1O2-2dUcJcW,Capital College and Research Center.pdf,application/pdf
11BwsZJcsViaZ1XSgmBrNmxxgLGJWm-Pc,Prasadi Academy.pdf,application/pdf
1V3Bex4vSdz27h1dQD45-LcmorbWhhytz,Xavier International College.pdf,application/pdf
1YmORrIuAO3Z2YQbUKyxDBPuvxEEgW8ND,Liverpool International College.pdf,application/pdf
1Z3O_t3R6xRBQ_RWeIVUeoxPMsBgDm38e,Trinity International College.pdf,application/pdf
1UZy2RvL68j1pzKtQbPj2tZ4ndb3oA7-T,Hillside College of Engineering.pdf,application/pdf
1MHZbtA-f6btCVN5WIVB6mDMjHdY0F_on,St. Xavier's College.pdf,application/pdf
1UkSjSJT0moOVAeing6Nio-cT49pKWl3X,Everest Engineering College.pdf,application/pdf
1PMuuv4giIgpIWzo19KKiGi5g4vNnDm0c,Nepal College of Information Technology.pdf,application/pdf
1AaM_Q6lm8N9LAw_rqBZUL84jMcUvQBfb,Aryan School of Engineering and Management.pdf,application/pdf
1vrbXkFpSdkyAXzEX1uhtYyjqxBO0RnvX,ACME Engineering College.pdf,application/pdf
10r9BZscESm51albc0DeiHdaVzxqrNksm,Golden Gate International College.pdf,application/pdf
1mCKyyBC2NFkpnWrH_5fwLfWtEV2AqGs7,Thapathali Campus.pdf,application/pdf
14_ZZax65RaiidKg03efqVER1YzUZvSrm,Advanced College of Engineering and Management.pdf,application/pdf
16oQHw46kpX_ghxTZXL6WJtFhSXmBpdZH,Kathford International College of Engineering and Management.pdf,application/pdf
1B8-EMDwn0ASVhjQ9kBFyCRRFhVVAXjKX,National College of Engineering.pdf,application/pdf
1_i9Z7C3fxnF494-EO_Wb5-5cLIPyob-t,Sagarmatha Engineering College.pdf,application/pdf
1Q8oHLyFWbqnOqPY3CUuN0SsipkHLmfHk,Himalayan College of Engineering.pdf,application/pdf
1x1PYr5iEutVe52SrqheGUkUkiCVOWHo5,Kantipur Engineering College.pdf,application/pdf
1QsX6X9Q0H3-YHYdcs2wm_tPJDw8etcAK,Thames International College.pdf,application/pdf
1vmuANrFNaOBY3UZc8tbeBrAtaQsPQdY-,Softwarica College of IT and E-commerce.pdf,application/pdf
1ZAY2xqKxF1bMnw2YUnC15nsXgFvyZCdS,Texas College of Management and IT.pdf,application/pdf
1nvwZVPVwJc1AbRksb0WjxE7mTmx7JBUG,Kathmandu Bernhardt College.pdf,application/pdf
1x2ANHXa7XWRNfG05Q7pfgdCrR6MVBcZ5,Kathmandu Engineering College.pdf,application/pdf
1kJmVZP42BTS5j_6WpVq1rDRhO0LXqr4Z,Khowpa College of Engineering.pdf,application/pdf
1ovrwEOLJ3i-tv6h8i8bDgOOdLq0BliKY,curriculum-ue066931_copy.pdf,application/pdf
1eX6D5Up35TN2EZruLQPGQwoP1pKHtt-7,week23.pdf,application/pdf
1lIn92x3QNvRf8BZLkc15dkCHEnPBLzsA,internship-report1.pdf,application/pdf
1VjQ7VjjSZJ9K3YJt2VtTOUpBZqG9N7wY,From Romanized to Devanagari Enhancing Nepali Sentiment Analysis with NepaliXlit.pdf,application/pdf
1KL_7Jcme_EMGDxLkEQlUEnQX-QhKAKDQ,Locus 2026 Presentation.pdf,application/pdf
1GacBXF5RYqyxTAeI9tFOuexuggppKqBi,Particle Tracking using GNN on FPGA.pdf,application/pdf
1s1xfDhtl9WNvG7bYdsvVg_t60mW5pTTD,Nabin_ManiBench_final.pdf,application/pdf
152aa43aJzvkqKS510pWxlJyU3kqpBHVK,BetelML_Presentation.pdf,application/pdf
1yqHu1LLXK9KP3CiYlGx44_pkzEnHraoU,poster.pdf,application/pdf
17203OCXiKTWIC2dBTwCfVtsrTzp0UpF6,Paper_Presentation_Template.pdf,application/pdf
14IEIZ5p34tU2Ra8c_H1mfVXoY_zt3RhP,Robolinedash 2026 Rulebook .docx,application/vnd.openxmlformats-officedocument.wordprocessingml.document
1opX0BNUDGJ762nTkcP9CUEEinWKzLxz1sOxCKCojies,Robowarz Rulebook 2026 ,application/vnd.google-apps.document
1mjBPkaKhpLgfwHM5gKpjenYGCmWAKCNS,RoboWarz Proposal .docx,application/vnd.openxmlformats-officedocument.wordprocessingml.document
1EWXmfGINl3Xl_IUgG6Jsk-MCl-DICmML,RoboWarz 2025 Sponsorship Proposal.pdf,application/pdf
1FveZaM_de16N77MDquERMrc7U9fGS5Nf,ROBOSOCCER GUIDELINES 2026.docx,application/vnd.openxmlformats-officedocument.wordprocessingml.document
1VFOT85Sabspb_dJtRA188-_DtmhOWAkq,Robosoccer Proposal .docx,application/vnd.openxmlformats-officedocument.wordprocessingml.document
1_bkwNV2yJqc7yiEhBzKclPZVCmVElNBd,Robopop Proposal.docx,application/vnd.openxmlformats-officedocument.wordprocessingml.document
1FH5BXC-AoQrzfRLz4BHoQikuqfkkbZ7oI7U_3TjzIeY,ROBOPOP RuleBook 2026,application/vnd.google-apps.document
1Q7p20wg82MY-EueyMWBo7gQcRjY2j0ODtN_vtobnMd4,Dronacharya 2026 Rulebook,application/vnd.google-apps.document
1WqG5UxMhn9rYej_5ENEKmp3iagnlREe-K9-L9bEbJAw,Dronacharya Proposal,application/vnd.google-apps.document
12g_idGHtNEdfvuvMUXH7w-WCA7DBB0feGL0LpU-pM0A,Credentials,application/vnd.google-apps.spreadsheet
1aQka9JHx8LKvwVOnnaZkpM14Ay8ntCl-uzsoVgLEiQA,System Plan,application/vnd.google-apps.document
17zkZu9RBRq5mne7w6bT1NhYBJxblISJbFfe4IX5BZC4,Copy of Call For Volunteers LOCUS 2026 (Responses),application/vnd.google-apps.spreadsheet
1yUdN2xBISJeQTQvNhLNd9vdyETvAqp46csecWJRG2ZQ,Stall Registration for Project - LOCUS 2026 (Responses),application/vnd.google-apps.spreadsheet
1_oYC2iwXIWPA9uKQ73_WY_rTjMBdEXICBV5jVG8_wwI,LOCUS 2026 Project Registration Form (Responses),application/vnd.google-apps.spreadsheet
1_gx_Ljss5W7AyYSBR_Z-PYLZbyna_8HgZTNlXNzSle8,Copy of LOCUS 2026 Project Registration Form (Responses),application/vnd.google-apps.spreadsheet
1mofGcw8aSuJPRN_JKdY8jm3FWteKYk9ZihqW2cCfhmA,School Level,application/vnd.google-apps.spreadsheet
1aiYcw1qwXHwEW3dLAssV0Zxbr9xn9zo91hq11-XzunI,Main Event Tracking,application/vnd.google-apps.spreadsheet
1jjn6Hqc6B0j9G4xkZnP-HVqhH5_Bs0-r5rvv4Z-PuXI,Components Price sheet,application/vnd.google-apps.spreadsheet
18adm-EvKtKtpJ58a6sKoS0US7Ppws4dhAUL89Pt1Lj0,Shared_component_list,application/vnd.google-apps.spreadsheet
1c-rJElDC5QnInTDmzikLr1ZGBx-5HHfPB3e3zasEgAQ,Avalilable Components,application/vnd.google-apps.spreadsheet
1XD8G0DCDTYrfU3jAWzORDv3XAT9rxRfEcvQko2cK9_4,Past Projects,application/vnd.google-apps.spreadsheet
1lSgEUf6q5nPp_cUEg7dxEEHL0O_uEU-WHkiLtW5yJvM,LOCUS 2026 Project Guidelines,application/vnd.google-apps.document
1I9eiu84ihVoVgVgFLsTtyjtCRonScgLV,Hack-A-Week-2026.pdf,application/pdf
12L3nYnWz76mk1PZo_q9Tu6aLXX8O2OYm,Hack-A-Week Proposal.pdf,application/pdf
1yUy-5xHWCMjs3B2aPLcozQdk7PkPY60OfXsXY8VHb4s,Work Progress,application/vnd.google-apps.spreadsheet
147Zbfh0RKWw9xwBUYxdbCPt5dQl1A65m8uROqHSZFUY,letter_to_CDO_flashmob,application/vnd.google-apps.document
1ipUhXdoD4fJmnso9R1Kertf5zO7FpI4FaMTovP83_Jo,carpentry,application/vnd.google-apps.document
1DMYvviTGuhjqh1HIfSS0yE9s944QNSg1CDAekzucWC4,college_flashmob,application/vnd.google-apps.document
19zVbAAc7BcdyBz8s-bbJyFkXCmmgtxU6R6HL8ANJR7c,flashmob_basantapur,application/vnd.google-apps.document
1v2Psnfpl1Ny5lh12nOVatea9eoqnSTYV38Rd2evLeaE,call_for_projects_ELESS,application/vnd.google-apps.document
1trxPJ1XQIXb5OJ4IlP3cjhxSc_yeqvAqrkN8KRqgerE,call_for_projects_campus,application/vnd.google-apps.document
1si2q1HHRKtxgNdd9MKrVT5cdxlMTNF9y,Copy of final_energy.pdf,application/pdf
1jPTpWXsNg7TELkKU9TrRoxr0Kcevz0mB,Copy of Software Fellowship Certificate.pdf,application/pdf
1tjB_wz8_jUTJOJZwcrsOjQqZR9NXqvDB,themedraft2024.pdf,application/pdf
1GUyhlw-4S73BWVFdNdq9ro6brM-4NX2T,Copy of fodium.pdf,application/pdf
1inu7B8nR1pW0syy7pU3JhTXpIr7jmePa,Copy of FINAL_FLEX_PRINT.pdf,application/pdf
1tVqjD8Ra5Xy1KI4tfSkn94wE4kzcWxo7,Copy of flex_vertical.pdf,application/pdf
1cwiBn_3dbleOI6ildXOVIWPE6eAWyheY,Copy of FINALVERTICAL.pdf,application/pdf
1tGN-k3wUb4s8PXUgmzF1P5EJ8xL5D3nh,Copy of compressed_new_prospectus.pdf,application/pdf
1Yk9ZAQApf42o6fRT2jZWUDKQH6gBtl9T,Copy of codecamp_final.pdf,application/pdf
1PCI-PPWwtOiyrBv7j84BIVSEulIGXHMT,Copy of technergyflex.pdf,application/pdf
1VP_3YBMmVPkfmRKX3rybn7dvCjypv7rR,Copy of introtohackaweek.pdf,application/pdf
1Lmin31v0ZHDq6OfKzIgt8g9Jdy5-TuLJ,Copy of tshirt+hoodie.pdf,application/pdf
1XSoLFr6dajRwP9LvTS9P7XsejHmz-cck,Copy of Miari Global Education Logo v2.1 (4) (5).pdf,application/pdf
1gIMZQtSzX64Q_Lydkakk7n57meMlPKiC,Copy of MIT-_Final_logo-v2-Outline.pdf,application/pdf
1-41E7-rwyt0kldqHfcXmFrpVlytBsIWF,Copy of big_flex.pdf,application/pdf
1Wzx5722sk3W3mXVt0fImxvIF1lYtYXVt,Copy of Sponsor_Flex_final_print_good_togo_6_9.pdf,application/pdf
1lSJLjwexDi3DKDAO7YwzykhpL6ymlRUg,Copy of big_flex.pdf,application/pdf
1mRadaEzptJI_NcmpoVBZD4N9QFZIux8n,Dominance Of Traffic Jam In Nepal (4) - Shreva Shrestha.pdf,application/pdf
1EpX7tgXS3IJmC-YFBug4kIAyVzZsgod0,virtual_try_on - Ashok Neupane.pdf,application/pdf
1U8kvvHupVT4uv2rNj-H7_TDn-sR6drsM,Pneumothorax Segmentation from chest X-ray using Attention-U-Net - Sagar Giri.pdf,application/pdf
1ZBYiMxwh7RD7MEGgMy8nRVR4HjEa1Jfb,abstract - BIBIDH SUBEDI.pdf,application/pdf
1zmI1TW6ZwnjJnM7PjCIkOFCQY8-Sychz,Abstract of  Convolutional Neural Networks   for Fashion Classification - MUSKAN SINGH.pdf,application/pdf
1Tohnwp3zHgiW2JLYsoNOtR0R3AevuK7M,convolutional-neural-networks-for-fashion-classification - MUSKAN SINGH.pdf,application/pdf
15Khy3o1nwdtqHPHZpCM2RyzFrXbrAsal,Send_Money_2025-01-22_2025-01-22_21_01_46 - Sanjay Bhandari.pdf,application/pdf
1HIOkWDC12QNVrtpk-m7ZKXkTtt49EKWs,team amida locus - AAKRITI THAPA.pdf,application/pdf
1OGZHHxPdlwr8oJrr6bnEovZiiO4rcnk7,trixavierproject - Shakriya Panday.pdf,application/pdf
1BnuWKK-VMHdqC_KZ5A-YFQFUcwXF2Dmo,Locus payment receipt - SHUVAM KANDEL.pdf,application/pdf
1d3R_GISMpVF-kOt50VtqeGpsraRD6-2K,receipt_1737390415368 - Ronnie J.pdf,application/pdf
1cpL4_ImyFr-979uqWEA9Hpj9tz3bY9l0,TransactionReport-ZFMOVMGD1737339939171 - Piyush Mishra.pdf,application/pdf
1_QVddumPIjxlQput2KNF33vK7dhpneIQ,receipt_1706102165935_240124_190119-2 - BIBHAV JHA.pdf,application/pdf
1lVZUvjP2KNVhHHjb5qCq4B-FvREWRGtp,Locus(TechHarmony) receipt - Nimisha Mallick.pdf,application/pdf
1JXXMEi_H39of6SYerWHxCbkpWGHAw9DR,receipt_1706010265415 - Pilot Khadka.pdf,application/pdf
18DBcO4ZXhYcX3oOXTOH5AdM6H-IFwPLs,NMB-TRN-RECEIPT-257276-2024-01-22T20_25_17.191 - Aadarsan Dahal.pdf,application/pdf
1qjZ4nmrrqaSQrPViClL2pAAaUTb0XYgs,Media Partnership.pdf,application/pdf
1kANMDuLayChj_fUGzE1I0q6P6vlB-N1X,LOCUS 2024 Prospectus_draft.pdf,application/pdf
1vlbToRmRNL5AWkQfaf39kuBvQ1zHsecL,LOCUS_2024_Theme.pdf,application/pdf
1GlNpqz5fKPvT53Ba8BYY_D-6RpOfGzBwvxO2ji0sEA8,Copy of NEA financial request,application/vnd.google-apps.document
1LJt-t_12V0XsThLOquxXGggr3T3g3ozezTHw-UDfAEc,GiZ budget exceed 1,application/vnd.google-apps.document
170X7WrGpKL9ox0y7zHNRHT8_i1mYCT4tsC9Cqa-Jj2M,GiZ budget exceed 2,application/vnd.google-apps.document
1V638kvnmsMf81f6PQFgABtmsXQ4uCFlr3MFojCnTWwA,GiZ Budget Exceed 2,application/vnd.google-apps.document
1pXkVzC2pi9Zog7MFL-mXgrJLHpaIO4itmUroTrSZfwk,Hitachi Technergy (Responses),application/vnd.google-apps.spreadsheet
1nPEYHnhzK9HEBMtHwnjUcXKni-o8tyw6WhDiWC-HIsM,Hitachi Technergy : Day 5 (Responses),application/vnd.google-apps.spreadsheet
1KqyPHQDjbkNoPhVGMXlWitfwMTUA3f4lNVPojBEBMrQ,Day 5 - Finale,application/vnd.google-apps.spreadsheet
1bb3iprjFefHfvXlDolrx4AYm3VuHmG0GVQocn0D4yi8,Hitachi-Day-3 (Responses),application/vnd.google-apps.spreadsheet
1ZWqF9h9uqmMW3o75k6YLGPy1mLlV4nuNZE4CTFwkSYQ,Day-3 slot,application/vnd.google-apps.spreadsheet
18Ay_YIUcZf7iAW53jM5jgPZcqxAhR88YBMAX5EPzCdw,Dataverse_initial_draft,application/vnd.google-apps.document
1EvSgvDjQJxKXj4_d04mUL8tDr--DsYPnZnFeYFZ7qMo,Hitachi Technergy Details,application/vnd.google-apps.document
1RI1gatOo-gNJtr5Pr2hXKES0XuxF9KLUPByQOiVzWhc,Hitachi Technergy,application/vnd.google-apps.document
15Hy0Lvq7Ylk_waQV-3nJ1hUCE9rDyQJ-Sf6gSdNcApY,Permission Letter Traffic Karyalaya Kathmandu,application/vnd.google-apps.document
1yg0Zo5Dgbz_sEkPLXMAQx8u-yw1tMz9_C6AhHPwfmR4,Permission Letter Lalitpur,application/vnd.google-apps.document
1yUN9Gj6PNN1DocMVJaBjRSk5DpnaSqCbrPDi0R6Abfo,Permission Letter Kathmandu,application/vnd.google-apps.document
15x8FV3Lc6Zs-cHuyyqb0t9SNfPFNHg1E_Ds8d2et4ss,Dataverse Guidelines,application/vnd.google-apps.document
11Ed7OB5qAf7IQNSsAyvHJuug9MtfBt-6VE8mez2tX_M,Docsumo Requirements Document,application/vnd.google-apps.document
1u1jdNkOtQkLttFucT1sLW37A_tPvVtkpp7WMTKu3XAs,Hack-A-Week Registration Form 2024 (Responses),application/vnd.google-apps.spreadsheet
1t1GmoB2F9SqG34a2J9I_V_5BxSE5VUnnUGJUqqVGGao,Copy of Home Electrification 2024: Registration (Responses),application/vnd.google-apps.spreadsheet
10kPCRjw5O4qiXQspusSyjyhA8ij4CTCPifMtyOlZIEs,Home Electrification 2024: Registration (Responses),application/vnd.google-apps.spreadsheet
1GqBrDLbbY2Ruky7XwC-3tg6QCTtV-HCCljVoXwjSRx8,Syllabus,application/vnd.google-apps.document
1Y2fz_ZFCmmNKjm20dxmEvbhAMJp77GJ81552dwK9PSg, Hardware Fellowship 2024: Registration (Responses),application/vnd.google-apps.spreadsheet
1KmNA_L_fkDfZIgeVANHdtEtmusXh2tKvr8ulhD-loxI,Morning : Hardware Fellowship,application/vnd.google-apps.spreadsheet
1ELKBxZmRJ5_bkqrfcos5jPvf4iekCNfDG6qlV3mFKGw,Certificate_Final,application/vnd.google-apps.spreadsheet
1c2JIbnIMwS0iGST3uwe12ZoK8vk18s0Syi2Coj5uUCk,attwndance,application/vnd.google-apps.spreadsheet
1Uwnyg9s7AJtg-QnAESsXUgLEX-YUY_FxhP6N7Yj_WJQ,Attendence sheet,application/vnd.google-apps.spreadsheet
1amgWBvlLU22SL6xYdAgDWg8-Z2NxYfOwxoyobFWzs98,Copy of  Hardware Fellowship 2024: Registration (Responses),application/vnd.google-apps.spreadsheet
1gxkaDd0oYh6jo2o2q2LzJc70uN1nmVYR2TArUeIL8dA,Copy of  Hardware Fellowship 2024: Registration (Responses),application/vnd.google-apps.spreadsheet
1VzxCgu-KwTK7unH4Isjdw3VWAjxo-2rk4nTkgdvTe-E,Copy of  Hardware Fellowship 2024: Registration (Responses),application/vnd.google-apps.spreadsheet
1jEW6g_fMIx7X_CLCbz2J_Y-wiMoUMvczL2pYBHL0LYo,Contact LIst-Hardware Fellowship 2024,application/vnd.google-apps.spreadsheet
1F1btE77GkZSC_qh8atGxcIIJ0K_m_E7I,Hardware_Fellowship_Syllabus_2024.pdf,application/pdf
1DfqYcDMdah2hEO0cVVBi6NhsjgLjM8BelKrMNTD_gxM,Software Fellowship - 2024 (Responses),application/vnd.google-apps.spreadsheet
1fz_BBQHCAVKWn79KitbbpcE9P9EtZuHGYUswIVrW-Iw,sw-participants-mail,application/vnd.google-apps.spreadsheet
1SIJr48UZ02iA13esNyfmnDyq-tujLns8S_xZq5s-ZCY,Copy of Software Fellowship - 2024 (Responses),application/vnd.google-apps.spreadsheet
1I1lR5YS8nUy9gs-OCRprdrOkrUcTTa-hE81GmhMq17Q,Softwate Fellowship ( Morning),application/vnd.google-apps.spreadsheet
1YiJDh5q6d0tLoACw4yxbz79Wu72JHbFqUEyILY38Pdg,Software-Fellowship 2024-Evening,application/vnd.google-apps.spreadsheet
1LSm8whe0cjLHsTBI2smOhoK-4cuUv28HVTCD0d0lBIE,Copy of Software Fellowship - 2024 (Responses),application/vnd.google-apps.spreadsheet
19E9PVgxU3glawA9vTURVIms8C9YUYaUW,Software Fellowship Syllabus - 2024.pdf,application/pdf
1MiyJCYMZo8td55GUIcInamUdXYlfBRZLalBU_iTh-EA,Software Fellowship Syllabus - 2024,application/vnd.google-apps.document
1WUy1upxXSMM9WgF-CR64BSLr_VoxFRZGTxL_A1J7Kzw,Sponsor and their Title,application/vnd.google-apps.spreadsheet
13W-5fgHRPxoZAtEMslQHe8dKi3tgFucJTrYhlYBq23I,Ad Details,application/vnd.google-apps.spreadsheet
1x_4Ee0cLMCYT6zoPvO2czTqJuwopGfZm,EB Pearls Technical Article.pdf,application/pdf
1CGLv5JQQR_-5vh2mvbAI0UOD0ZbSAWbF,Worldlink_MOU_2nd_Phase.docx,application/vnd.openxmlformats-officedocument.wordprocessingml.document
1jOkH9oH4tODlYCRmZeroJtsAZge56PG1,Orion LED MoU.docx,application/vnd.openxmlformats-officedocument.wordprocessingml.document
15c1FY_Ciqm5fLjTjR8N6rE-Xh7LJ60As,Hamro Patro.docx,application/vnd.openxmlformats-officedocument.wordprocessingml.document
1E01gkvPL4WfXysInP1UctWxA09Rbb24Y,Worldlink_MOU.docx,application/vnd.openxmlformats-officedocument.wordprocessingml.document
1HsVPul3E6AyU3n4hrlZT5Z95isQw2RiU,MOU HimalayanSolutionHardwareFellowship.docx,application/vnd.openxmlformats-officedocument.wordprocessingml.document
1BR1elJg_rF0DdVgiSy9j0kzA-2APH0uY,EV.docx,application/vnd.openxmlformats-officedocument.wordprocessingml.document
1xBXTdc0r2X7cPtfAn4GAuEpFfmqsZKLq,Hospitality Partner_Sagarmatha.docx,application/vnd.openxmlformats-officedocument.wordprocessingml.document
1fJalGb99_zuGSKq3npZBYpNStAC19DiC,Engineers Vlogs.docx,application/vnd.openxmlformats-officedocument.wordprocessingml.document
1y-mIeE-tyJs6PVJZipsgipXpbhlPinrH,MIT_College_MoU.docx,application/vnd.openxmlformats-officedocument.wordprocessingml.document
1uC-XQnNkSFnj7hufgiX1BPsSbGe6kYJP,Programiz_MOU.docx,application/vnd.openxmlformats-officedocument.wordprocessingml.document
1QNDKJ8Ts0pgTPk3jDrRyuRO0tOSGz5ON,Jamboree_MoU.docx,application/vnd.openxmlformats-officedocument.wordprocessingml.document
1SAZ_bgXTqG9l_xDsByikAXGJu-C1_uGD,Lily_bubble tea.docx,application/vnd.openxmlformats-officedocument.wordprocessingml.document
1ivLYxIKYJKVvEX9t6sDO2uFGnNcu7ku-,Drone Sewa MoU.docx,application/vnd.openxmlformats-officedocument.wordprocessingml.document
1VN9rN4IHlWkILFZuEDrn8wQm4QESNn5s,Valley Express MoU.docx,application/vnd.openxmlformats-officedocument.wordprocessingml.document
1bXWffRMwI3n0B12BU0YiMGBb8QkP0Bdk,Deerwalk MoU.docx,application/vnd.openxmlformats-officedocument.wordprocessingml.document
1HDpkmq2lVoLn33XxlQwkg-gNtPLOSD9u,Proposal for EV.docx,application/vnd.openxmlformats-officedocument.wordprocessingml.document
1JpOx9rcTyyEG9O6w-a9YxvuU4iZ1St4V,Leapfrog_MoU.docx,application/vnd.openxmlformats-officedocument.wordprocessingml.document
1NDeQ1aM-CGmhxg8E3UNrp0a67UC7eP0s,Itonics_MoU.docx,application/vnd.openxmlformats-officedocument.wordprocessingml.document
1OzDo94O1ufIdgMkOmJm8EEjLEh5_GdUS,RAN.docx,application/vnd.openxmlformats-officedocument.wordprocessingml.document
13NkEhWdSOh3dY6CEdlj_z3Mey2E64Ff9,NEA_Engineering_Company.docx,application/vnd.openxmlformats-officedocument.wordprocessingml.document
1y3Wpaf11rgjJC3VSStnR_4CTF5TMOzNh,WLiT_MoU.docx,application/vnd.openxmlformats-officedocument.wordprocessingml.document
1SZ4fvS_1VMf6pONi29gGDmFQvJX0DZkQ,Alternative_technology_MOU.docx,application/vnd.openxmlformats-officedocument.wordprocessingml.document
1dX-jZwvtikd5_ehurrvf0-8sTnnfQUnR,MIRAI_ MOU.docx,application/vnd.openxmlformats-officedocument.wordprocessingml.document
1PgFgVMwewBDfGW_9S_7OtpxmwX1CqIJg,NCHL_MOU.docx,application/vnd.openxmlformats-officedocument.wordprocessingml.document
1DdP-brxtUfjA3g5nPzxHzUvSmqc8k-bI,HitachiEnergy_MoU.docx,application/vnd.openxmlformats-officedocument.wordprocessingml.document
1CzsZqeKRr__jKaX84TVMyLXqel7aoP6e,Docsumo_MoU.docx,application/vnd.openxmlformats-officedocument.wordprocessingml.document
1WjvkylTs6Zs1d1uj3Z-vNtAL5BvQ6h-j,EBPearls_MOU.docx,application/vnd.openxmlformats-officedocument.wordprocessingml.document
1QiZSH00lbGtzk2V4rIHvhuYu0WU1Ngf2,Viveka_MOU.docx,application/vnd.openxmlformats-officedocument.wordprocessingml.document
1zD4_afNx4qN7LbGvwxx9AtWlv1hpP6Y4,TECHTRIX MOU.docx,application/vnd.openxmlformats-officedocument.wordprocessingml.document
1iZyX_F1EOuXBooh5LCssDtFP_s4eTDGp,BroadWay MOU.docx,application/vnd.openxmlformats-officedocument.wordprocessingml.document
1Rw25BVM8GJGtodlUVW-OKljYP3CeYIlJ,TechAxis MOU.docx,application/vnd.openxmlformats-officedocument.wordprocessingml.document
1Pnx40lYY8EIXZkwakAW60b34vYZ1jXnRLLZZJlvvO2c,+2 Quiz Sponsorship Proposal,application/vnd.google-apps.document
1_I0KIyDXorpc6F-dPfpZcMC2kyhS_o8YgQXtVXToobc,Worldlink,application/vnd.google-apps.document
153SKV5zEVSOEIvZXzFdASeasBsXdKhFLwHBaTPy_UGw,CodeJam_Proposal,application/vnd.google-apps.document
1VqDavivkhwO_PpJ99IY-kmjCmwzJ8N19pw7GyQpbynw,LOCUS_HackAWeek2024_Proposal,application/vnd.google-apps.document
1MCZHwjV3leiM9lZbZUacmccBvbJZ_1li,RoboWarz Proposal 2024.docx,application/vnd.openxmlformats-officedocument.wordprocessingml.document
1Sfybz86LHV01BX3Z1jhKHNPfu_3iDqXodWAS6FOeJnE,Untitled document,application/vnd.google-apps.document
15vnlpaYjnv-J6UFFoLOuWzUZht2K7GrjZ2q3l2fjbdQ,Locus Cup 2024,application/vnd.google-apps.document
1Z-2_zGx6f21aB6ZVDB-aCVCJ_nozBs_2k24JwE04R8M,PhotoGraphy Competition Proposal,application/vnd.google-apps.document
1oLu4utlAZD5ZvMizM-KN2P7jwuUX55mg10ak-oNgCmY,Description of Photography-festival,application/vnd.google-apps.document
13IjmqZAAyN-uAgwLK45J8izOZH4rSSMCLIVi7XvTMLc,Copy of PhotoGraphy Competition,application/vnd.google-apps.document
1KpkX704klZWRMY2H0V01ynYXTyp4R3_kVRELp2bu1pg,Online Article Writing Competition Proposal,application/vnd.google-apps.document
1XKEOT8p_528niIMZ6D8W9N0LQ_cZ2Q6cl-gqQ9RkCVw,LOCUs_HackAWeek2024_Report,application/vnd.google-apps.document
1Ktj75JsWr-3CMra9It2benJhecxqzraM9oRnlyZ0rE8,Proposal_For_Smart_Grid,application/vnd.google-apps.document
1xv0gm9gBJnFks36ywT2LTRac0ZVlEXEXl-bJHJ4ZCiw,Counter_Proposal_Khalti,application/vnd.google-apps.document
1UCMdAonOSJMjggNWUBtwpZJnMat5L4jlBOLxprwyoUA,Proposal on Mobile App development domain,application/vnd.google-apps.document
15AHZIbPOEUBqiASz6k96pxt8PVG6c3E-PDRRP-y2ZVo,Proposal for Mobile App Prototype Development,application/vnd.google-apps.document
1TdSBTmZlIadMiO7hOBvt3pSon4WJ9daN1REHgoNwHvg,Confirmed Sponsors,application/vnd.google-apps.spreadsheet
16UhZXqOoR_oI4_h5RTm1Vojklw5gW0iYh6boIvQaZzs,Sponsorship Proposal for Electrical Fellowship,application/vnd.google-apps.document
1dxyVQmRDs2l49ktgdFDF2NnOZDCE6GYJFklrgpJEpMg,Hardware Fellowship Proposal ,application/vnd.google-apps.document
1ewSuxIvzgAwzbliCakyIrpxgq5yQFM0kFgN_1mrW1fo,Software Fellowship Sponsorship Proposal,application/vnd.google-apps.document
1MFLlBT-DgtkvV8IGANCn1Saeb_zPC4qrHNyX_y29-g4,Copy of Hardware Fellowship Proposal ,application/vnd.google-apps.document
10a3qZG8HQ78oHsxOae8NibHVVJhbb4Z4Sk0taPbfTFA,Copy of Sponsorship Proposal for Electrical Fellowship,application/vnd.google-apps.document
1M1tb4HMDyfotALmotYYGGz_e-0x62psaXKpQ7CroIHY,FSU Hardware Fellowship Proposal ,application/vnd.google-apps.document
1XXL11KxEmajUaFk_vwgNR2Gg0mVPsG6sVcs_tiOdlu4,FSU_Software_Fellowship,application/vnd.google-apps.document
1iLJBdHHIVHNsLLIZpdmMoMwF9R9kKZ40,Robolinedash 2026 Rulebook .docx,application/vnd.openxmlformats-officedocument.wordprocessingml.document
16v0023hREKsXyCu_E1qqNO6fh_nJeBhpkXWv2anKhTo,ROBOPOP RuleBook 2026,application/vnd.google-apps.document
14kBSIoWBX4IIScrGNmf9vjb20ZXyjXXv,Robopop2025 Sponsorship Proposal.docx,application/vnd.openxmlformats-officedocument.wordprocessingml.document
1u0sAkphpSsyKvAuwMd8ADeQUyIm__3EPmHlzoviWfjs,Robowarz Rulebook 2026 ,application/vnd.google-apps.document
1KxwxInhtCZnFldFCMr0pMx3I34M7QT7p,RoboWarz Proposal 2025.docx,application/vnd.openxmlformats-officedocument.wordprocessingml.document
1VLUo1AfqeiDd9WUsfA6fwLO15U3WwYWG,RoboWarz 2025 Sponsorship Proposal.pdf,application/pdf
1FrVAhEoB1i---x0PUzYrgNszwPgjaRHt,ROBOSOCCER GUIDELINES 2026.docx,application/vnd.openxmlformats-officedocument.wordprocessingml.document
1YSHuIriQN1d08w8yIVOzBn9csREMXBCJ,Robosoccer Proposal 2025.docx,application/vnd.openxmlformats-officedocument.wordprocessingml.document
1BMG_WgYv5xz2wWSqju33MKuKQVknHr61,Robosoccer 2025 Sponsorship Proposal.pdf,application/pdf
1pMSFYki0cnPKD9IUphu-bs8v8pjVO012t8xfarVgh7w,Dronacharya 2026 Rulebook,application/vnd.google-apps.document
1RWoQ-FsG5useuBY07MAHWhY-HbGQ51Tcz5jCN-ilhME,PROPOSAL Dronacharya 2025,application/vnd.google-apps.document
1hc_0TeLvEpQEY5NhYjGyjZVCp-5QpqtP,Project_name_type_member_name.pdf,application/pdf
145nlLGFvNEX49ZQGLBvNsaQyWYn_2_B5,eSewa_to_Siddhartha_Bank_Ltd_2025-01-12_2025-01-12_20_47_36 - Shailee.pdf,application/pdf
117X0KJ0RCqeOifxW0Md_7T1s7ydvmtvM,receipt_1736858309065 - Isha Gupta.pdf,application/pdf
1XzMrbIT6ToVimPhpjn1tW3PsoSOdXs-F,"Transaction_Receipt 14 Jan, 2025 08_45 am - Saraswati Upadhyay.pdf",application/pdf
1K_Zp3swfWKxjA0djMRlMr-lelBdR6XXL,17366941020091736694102259 - BINI CHAND.pdf,application/pdf
12slVhZSPu-ehojYjTUNXyi3c-7GLI50X,themedraft.pdf,application/pdf
185i6Efgcrtcl3jV-XVP46bFWDFxSKymm,locus_template-paper.pdf,application/pdf
1KkKrAF0YHwhxo3JhJZpES3eTLoahZEab,locus_symposium_poster_template.pdf,application/pdf
1KRp1jw2_nIc3wTKoJ2ejBLU0r-KLI4wr,Abstract Template.pdf,application/pdf
1u-YG7CqgQes6cO1Q4Q-QvwVW-x92On-Y9gpKkmu1wL8,LOCUS Site Requirements,application/vnd.google-apps.document
1uQAXFIxFM1Mkdy-KOgXARbNcBXDLhcf-,Send_Money_2024-06-183008414386595071728 - RITESH JHA.pdf,application/pdf
1KVXWIlUcM9ztdbGJnGmYEdFs9gfldeHR,inbound5148123683409566981 - Suraksha Pokhrel.pdf,application/pdf
1vXTiuXZ-f2EcEzpWkskPCFm98sgTgFi5,Share receipt_1721008956096 - Subodh Bhatta.pdf,application/pdf
1km035J4NTqAPpDS_tKUS6v8ii-G9VYtH,eSewa_to_Siddhartha_Bank_Ltd_2024-07-14 - Sulachhen Karmacharya.pdf,application/pdf
127WeM0VQVvnKCph1JbK-PjNBtVm14gad,eSewa_to_Siddhartha_Bank_Ltd_2024-07-14 - terminator gaming nepal yt.pdf,application/pdf
1k5f3s0gLUdF1GwNzsJfdrcxs70BvTshV,eSewa_to_Siddhartha_Bank_Ltd_2024-07-14 - aryan dahal.pdf,application/pdf
1gP4LldHpcVNt8mHFIMdP7J1NrL5kHf5i,eSewa_to_Siddhartha_Bank_Ltd_2024-07-14 - Samip Shrestha.pdf,application/pdf
1keYAxueg3rrfDWGSQ7c8hDTCMeXmi8vV,eSewa_to_Siddhartha_Bank_Ltd_2024-07-14 - SHRISTI POKHREL.pdf,application/pdf
1dNrxOp2beIi9dFFQOlot9Y_airq48Omr,eSewa_to_Siddhartha_Bank_Ltd_2024-07-14 (2) - Ashutosh Ghimire.pdf,application/pdf
1-2qE3O9XjuRKQH6lY__4lU5YFdVb6bHQ,receipt_1720959329815 - Pranisha Maharjan.pdf,application/pdf
1ESNdrjwHAekSkl5DdZ7vUPvlHYe4S_s3,receipt_1720945495680 - Shrawan Prasai.pdf,application/pdf
1E5zkS--8L88t3YA0lqUDK8eBz2xyI52v,receipt_1720945573231 - Abhaya Shrestha.pdf,application/pdf
1XkS5AFD5-zs_AVkhrbyKWdHcuUHSa-lf,software fellowship - Darpan Giri.pdf,application/pdf
1xQdUD8NKYBwbhsdaB6RfcicnGDuRkZKq,eSewa_to_Siddhartha_Bank_Ltd_2024-07-14 - Anubhav Jha.pdf,application/pdf
1UEhzFwEfFzNwa3KiaxAD2QvdYfec1fDr,17209371044861720937104895 - Rakhi Mahto.pdf,application/pdf
1HmHqUT3Etl9fwLzMVac92r2dknFG92Gf,receipt_1720932671688 - PAPU CHAUDHARY.pdf,application/pdf
1KBeNfQ8v_biadeQsPZdXa7b0rVyd4h7p,eSewa to Siddhartha Bank Ltd._1720932486.866963 - PRABESH BASTOLA.pdf,application/pdf
1lVTOFK9CsH8ZS0eMsDZfwFpETYID49cV,receipt_1720929637056(1) - kushal Kc.pdf,application/pdf
1eQvDya8SkkGJn83pO-MshlSqkOoTH6gj,receipt_1720929375393 - ABHISHU PANTHI.pdf,application/pdf
1eNduEXx6b4bO2C07IBgpI8ArUi0_opn_,eSewa_to_Siddhartha_Bank_Ltd_2024-07-13 (2) - Sushil Bhatt.pdf,application/pdf
1htEvWcHqOY-NxOnA88BmXq-4Amhqs4HF,"Transaction_Receipt 13 Jul, 2024 09_48 pm - BIBEK GAUTAM.pdf",application/pdf
1rBumYrSam3mho6tv95vDYw30j9ZTz_4y,eSewa to Siddhartha Bank Ltd._1720886579.767847 - Shristi Mallik.pdf,application/pdf
1jdI7FOMj3HMIGEfrPhh9zisM9FS2RF5e,eSewa_to_Siddhartha_Bank_Ltd_2024-07-13 (1) - Samiksha Dhakal.pdf,application/pdf
1hLYTM3jUkh0e05Brmuf4lOe2YA97ABkh,receipt_1720879944983 - Ajit Sharma.pdf,application/pdf
1hs6G4JbxiKJg6nNc8IUyDwRB4yL3TmyD,eSewa_to_Siddhartha_Bank_Ltd_2024-07-13 - FURKAN ÖLÇER.pdf,application/pdf
1DIH989yEmqfB9NIW-Bl_skKxviQKfOm1,eSewa_to_Siddhartha_Bank_Ltd_2024-07-13 - Binisha Parajuli.pdf,application/pdf
1LBPxubNZwESIL-uqbRyqPFSsn5OjeXyG,inbound231228653428642806 - Prayush Khadka.pdf,application/pdf
1RXEhsp95ZwoL2unx_yfT_ZfOgwPsT65U,aka - Suman Adhikari.pdf,application/pdf
185CUhucTnXawNFypuobLpwvgu6i_7A9W,receipt_payment.software.fellowship.YURIKA.PRAJAPATI - Yurika Prajapati.pdf,application/pdf
1SP5AKdruz_i28sYL-ouBNs0SYM7qUDnU,TransactionReport-W7MVBNWN1720707540149 - Aakashrvx.pdf,application/pdf
14jg28XO5wd4ruu_Oy4Zugbx8vc5xfkIW,receipt_1720696188351 - Anil Tiwari.pdf,application/pdf
1M2QxJSz7tUJSEQB_XR3VvmqZJbZxr3LR,eSewa_to_Siddhartha_Bank_Ltd_2024-07-11 - Shreyas Acharya.pdf,application/pdf
1aMtOfZBaiTEcnTQualGfh9yuAkbNdrA3,inbound4399182550383447644 - Janak chhatkuli.pdf,application/pdf
1uGmFBSog1ZUYFFE9sVQ4zFHeGu4IUB4b,receipt_1720627880885 - Pradipta Joshi.pdf,application/pdf
138ee6my7pGH0Rmn-4-qQ6yxFFwU2VzuG,eSewa to Siddhartha Bank Ltd._1720487913.791095 2 - Ambika Kandel.pdf,application/pdf
1kuJRcvfnVG_8h1PcudwbPRRWpyxa8pqQ,eSewa_to_Siddhartha_Bank_Ltd_2024-07-09 - Anish Tamang.pdf,application/pdf
1fkk3qrFu-X-oCtTUU8uyC3wDoIgIN3SD,eSewa to Siddhartha Bank Ltd._1720487629.595374 - disgustingshat.pdf,application/pdf
1tvCSrA1DsX2aqZP2WKWmPxmbPgwRe6E9,eSewa_to_Siddhartha_Bank_Ltd_2024-07-08 - Aaditya Joshi.pdf,application/pdf
1vCkDhXAYnzIaBvTlONzoIk7B8Zgn5MQx,eSewa_to_Siddhartha_Bank_Ltd_2024-07-08 - Abhinav Chhetri.pdf,application/pdf
1kUD8V16RIFz3gVWtLTgOlsIk6I90wect,eSewa_to_Siddhartha_Bank_Ltd_2024-07-08 - Salma Prajapati.pdf,application/pdf
1B2Ub6a-8Nq_jjUoUJ9uLrVT8hMUV9wzJ,Sujal bct - Sujal Gyawali.pdf,application/pdf
1ICDawRjK6ca-r1ln6fMyiU2jBMgrAM2t,receipt_1720368967390_240707_220148 - Ayam Kattel.pdf,application/pdf
1E_JQA6M0M3rNet_ZdNJk2fs19yzQ31Z-,transaction_1720367911271_ - Kritesh Bhattarai.pdf,application/pdf
1r3XBgBLYuSSQnU8OYGCxdhvpnrDv_NJCvxY6TQn0QoE,Football MOU,application/vnd.google-apps.document
1Lh-Qt389ATJ6BliGNJW0vvzij6WRDtm0y4ApEH67MT0,Singapore beverage,application/vnd.google-apps.document
1LO6igPQT_Rz_HT0hyqZOgsgtS-B7O-QzOePHkJ6lx2c,K&A MoU 2026,application/vnd.google-apps.document
1UTUBWjTC-TZKognZmBUPFKGeiEmornG4OOWY56BHx9Y,MOU Itonics 2026,application/vnd.google-apps.document
1nx7cMixZswqOTgAVVRvTYI8_X0mte2a9PfBdgOnaadg,MoU-Brooklyn,application/vnd.google-apps.document
1YlwKnSYOD4nU8QnYW-b4_Wu3sGOEC97IhK5BEz0yjmI,mou-neek,application/vnd.google-apps.document
1kP2aXNVhDh7DeFfuCsabmRW876vUUpPUUeNmh_TEgzY,MoU_BroadwayInfoSys,application/vnd.google-apps.document
1kR8TsnyEwsNzIeosdo3NTn2rFXxnD3-eQ7ImB6MtU-Q,K&A MoU,application/vnd.google-apps.document
1NYN9LwlmXcV13IsYxRzh5osfqYAN_gS-h5qBCObQrQk,MoU-Vinayak,application/vnd.google-apps.document
1GNOI4m1dTNZoPI6ZJ42G2h0mhxVtvRAKbFcbH2FFPHI,mou-embark,application/vnd.google-apps.document
1f8cmDscCdE5kvhipvcxBF9EBMITbiHDgeIJ4WP5Md30,MoU_LogicTronix,application/vnd.google-apps.document
11m_z61aYbkOxvRHZQTBjpygdH2xSa52YEkjZeMtQmbk,MoU_AlternativeTechnology,application/vnd.google-apps.document
1Al0xK5NaK2P8P9nojiwzFOy_aEm_DhtD7AwCRa_lpas,MoU_NestNepal,application/vnd.google-apps.document
1guxpI2BTNJt2OOTrkx1HFjnfIXOEBCLU1JH0o9eLww4,MoU_TheComputerClub,application/vnd.google-apps.document
1D7wumICS8yfXjah5Q0T3fGVbt2pWerpmJETy9Cx49-A,MoU_Itonics,application/vnd.google-apps.document
1fbi5NN8E-iuwbwvE_Y-3yII6eyUCuoFAyQpbhyxYIZg,MoU_ProgressiveLabs,application/vnd.google-apps.document
1WtoQxn3UQ-1JiGQU_gRaZuLZ7KO6sZd-t-TEltpl4-Y,MoU_CareerLink,application/vnd.google-apps.document
13dDl0jxG1VQwY3yzi5B9RctfROeRVL2yY9f7anrYOjQ,mou-2025-dec_jamboree,application/vnd.google-apps.document
1OlxgL9ixEc6mQ7OpDAYF52fnKqqkJePNujvJ0RXt5K4,dolphin-dive-mou-locus2025,application/vnd.google-apps.document
1Oj_8axZI0N25sH9xFQFT6HW4qaHNny0r,Copy of Proposal for locus symposium.docx,application/vnd.openxmlformats-officedocument.wordprocessingml.document
1YDwqhAhGGDMg8aFzt4yDtWVa69M_kqnQ,Proposal for locus symposium.docx,application/vnd.openxmlformats-officedocument.wordprocessingml.document
109rTQ1oVaVWlS2Ok5i1rlNjtV2rt8TjFGMHH-J6u6lo,NEA financial request,application/vnd.google-apps.document
1-dcWBEtudLJq73IXnJOMzKJvEtBE4494hE-Wds70KzQ,Energy Hackthon,application/vnd.google-apps.document
1FoK352ep69Ivl71FJkpqriJY9sxJN_fu,8th National FPGA Design Competition 2025 _Evaluation Sheet_presentation.docx,application/vnd.openxmlformats-officedocument.wordprocessingml.document
1qzFR_GhekFwU3os8MTdBvdO6pHpwAze0,Magh_10 ATTEDANCE SHEET(FPGA).docx,application/vnd.openxmlformats-officedocument.wordprocessingml.document
1ZrhbwAMbbmA3F6WBKnE8yBec3_vK3ejvcPpnPAdZn0g,FPGA Design Competition Registration Form 2025 (Responses),application/vnd.google-apps.spreadsheet
1DaG8pwLu3HaDYMe9385Un5CMvh4GdnH4CMVmZT3sMl0, FPGA Design Competition 2025,application/vnd.google-apps.document
1E8JmWw3kYuWY8P0oOd3_EpI8L3_fLkBeri2_PuwUKiM,ElectroTech Week,application/vnd.google-apps.spreadsheet
1LEicrybVz8-PZa_wem8miCk45ryCxw09fUb3LWn3X-I,finanial support,application/vnd.google-apps.document
1o1vIbfxo5uPMnSltP8XdjdM0_QqVrbWxB595eC4IrgU,Electrical Fellowship 1.O,application/vnd.google-apps.document
1MmkVSOPCyPMP_gW2rbapfg2lrPhLn2UO1Z7o8KHOgqU,Electrical kfellowship 2.O,application/vnd.google-apps.document
1yF6jqi6PxIfnVdu31NB5CPF3uWQqMiTGzDgjgHbKiJY,Code Camp Proposal 2025,application/vnd.google-apps.document
1skG4YJ03_esW6BtOsZE2IaOVsZtgufEThmXQE-0V3VA,Fusemachine AI workshop,application/vnd.google-apps.document
1pEGafD1Hh8Npwsoxcb53LwecAsbqiBUcfClbzX6RlnA,new_hackathon_locus_2025,application/vnd.google-apps.document
1qlxxzIHI4UJYdeD4RuLiCJfTqXKlAQ973KihUQImP6g,CodeCamp2025,application/vnd.google-apps.document
1Y7I-UUxbiTUZPB6kbD65SvD_i4PEo8c6lQtJMfjEq2w,Possible Sponsors - Code Camp 2025,application/vnd.google-apps.document
1Yl-eISIkPh1CP890OKzhA0mWhYkd5lE3,GirlsToCode2025-aProposal-2.pdf,application/pdf
1s81VIZYiT6mpIJR_lofZ8mXC3z2YtZb-9YWR0pJU7t4,CIT_visit_format,application/vnd.google-apps.document
195jAeECJmZ2cXFJAXlr7KkGdJK5Mmgi0y6ZF4L4aY8o,Proposal - CIT 2025,application/vnd.google-apps.document
1GygYbRyVPsF8sNOXWQ-jVenyk7KkY_1sYPnuX9-UxHg,Software Fellowship 2026 Syllabus,application/vnd.google-apps.document
1emT0ulvUDmeDQK2NCw79V9PtbbDugd_0APCA4EUou0k,Software Fellowship 2025 Syllabus,application/vnd.google-apps.document
1bdTo7l-Ieq30rRT7eoSxolsPWy7GuG9OhvNGxS42xHI,Mail to sponsors,application/vnd.google-apps.document
184mZ3TB36hQbaldf_PGskLk2HXOa8ZdTRDzvlRidUvc,Call for Flashmob LOCUS 2025,application/vnd.google-apps.spreadsheet
1xhDOBWeC1yjkUlwJqSlcaYJASjMLXuSZmWmZsHnanSY,Call for Projects: Idea Registration,application/vnd.google-apps.spreadsheet
1z8BOS8Qri7_nKrUtaD8Exr-KXr6IvBP4wNxDSojlTt0,Call for Volunteers LOCUS 2025,application/vnd.google-apps.spreadsheet
1ZbvbWZPWQr3cdrp15jg0Eq-leh73ikL_-Kn93mxDQDg,Copy of Call for Projects: Idea Registration_100,application/vnd.google-apps.spreadsheet
1tefR3i_btWB1vYfCtnlefz2u7244zSLU_-Z7u_oRnD4,Designers,application/vnd.google-apps.spreadsheet
1opdpcUyv0HarYBCjHjWJvSWWz1QmWknAh-ymFcfF_IM,Content,application/vnd.google-apps.spreadsheet
1FGpGYYkTuYIvlIBTzRm8xguxCQ7z6bIi8N2Pf433Isw,Short Video Creators,application/vnd.google-apps.spreadsheet
14_dxEHF6wOzQFuQBalNSN_pR0NK-DZ7vT9jTndY_c10,Videography Team,application/vnd.google-apps.spreadsheet
16wYvdi0HcpkekIA5_aaZG2vtd9csfapAzNvhJnyc_LI,Photography Team,application/vnd.google-apps.spreadsheet
1eSvSwTGCHEeHte3NMAacTgwXMqXxMXdY,sf_permission.docx,application/vnd.openxmlformats-officedocument.wordprocessingml.document
1bU9N_zVKtlyPjbwUVcBoenh5vzVtsV6t,Mirai_MOU_GirlsFutsal.pdf,application/pdf
13BdpE2cpjR402BKYjs0Peo3qXw4_ZvIX,SponsorshipDetailsxLOCUS2025.docx,application/vnd.openxmlformats-officedocument.wordprocessingml.document
1IXClC6ndRPbE7CObSIu7Eh4Qd_twhuzRE2JoeZYQads,LOCUS_2024-06-14_Minutes,application/vnd.google-apps.document
1kAcU_t6t_YdrjiXrUIQoXFMujJuXd3fhrM7bKv3kXvY,Call for Creatives,application/vnd.google-apps.spreadsheet
16KVNPtYy8WguBfbRqQ5IUBbE32opQ2Up,locus-past-works - NIJIYA MAHARJAN.pdf,application/pdf
1VKVR4ZWnG2M2KnitPfJqndxfh7nwjBZY,tryout.pdf,application/pdf
1oNZF2z-5lz9l2HEdDs2ob-MfLafshQWV,1.pdf,application/pdf
1KuMYykkJScUNfvf5oItTIMvlBzKLMtKC,sample.pdf,application/pdf
1MSV8MqaucPDnOzDMGLDQOCPTNn6iCWsf,Winner slides.pdf,application/pdf
1areiQwl-RvIi3_00v1iKuSzMrQdYHa0y,RoboPOP.pdf,application/pdf
1_yQxDAineLVCW1IwzzxgWpEaFdOESxFV,Food Coupon.pdf,application/pdf
1cBdhVCezGz3ax1z5QRqHEorsvn5QT5oz,id_Card_complete.pdf,application/pdf
1Wvbsn_NRfXiaBFfHB832YMl3UYsiWtit,ID Card.pdf,application/pdf
1mnQkAzgNeqvksWe4mQkxS1Q_n4BaTNLs,Silicon_Edu_Network_Associate_Sponsor.pdf,application/pdf
1wOO1KM0e9FZ9XL0tIS-jKgALtiNju2xY,Tootle_Partner.pdf,application/pdf
1p-JDT7Kx6Whl_HAxUHZQmabP1RSibGHU,Cynical_Partner.pdf,application/pdf
1Le0tHWLZVx3zLtykd9z3_NLuCpoTfBa9,Partner_pdf.pdf,application/pdf
1BVrZuJw-wmj87n7uad9DPEeECWn13ePr,Partners - Copy.pdf,application/pdf
1qP-Q2ESyKSCtzbCSf3FQraBMCg4dlmt2,Deepracer.pdf,application/pdf
1rRNMySQIFtw5lsawc3RAR6k2E_D_j5R7,FifaKhalti.pdf,application/pdf
1Qnf_tF15k80Isokt0KNa5qVJPOuk84g-,DotaKhalti.pdf,application/pdf
1rVfbQnO048292Ij1KbgLtIK1gro05nOj,PubgKhalti.pdf,application/pdf
1Db-rpKXlTgDw4MSC-c526ov6diuujyJ5,MiniMilitiaKhalti.pdf,application/pdf
1w458RLpxtfbPU_zgP-DlS2o8TdhdJRix,project_proposal.pdf,application/pdf
1TRuqXSZr-QKHTGFMz4_4jOJTwuSbZ4bM,Flex draft5.pdf,application/pdf
1HfJljr4SMrDsKj2Oi4-xVyUAKOUneB9B,Locus banner 8x8.pdf,application/pdf
19rSYQz0r2WFma0WGT3cf37v06jvH8X2g,Flex draft.pdf,application/pdf
1yzFqFxyt4e4VcsgIGtd2MpbQoV5Ti-Zi,Hackathon Participants.xlsx,application/vnd.openxmlformats-officedocument.spreadsheetml.sheet
1NJ26ju4o0RPr-0VGdpAafwj6sHv_sFto,energy-efficiency-Copy.xlsx,application/vnd.openxmlformats-officedocument.spreadsheetml.sheet
1yjWzK6HxQnVcyCnlLKBY64QahERWD66-,team-member.xlsx,application/vnd.openxmlformats-officedocument.spreadsheetml.sheet
1kb99UGBHqXar25SNKZ650teiLkdiP4sh,facebook cover registration.pdf,application/pdf
18mcu-I1NuR1T7J0Q8ZJ9lcpc-zmgBQyH,energy hackathon-draft 3.pdf,application/pdf
1p7AhPYEbWgVlp14DeiFEI89EM2WzRYvY,energy hackathon-draft 2.pdf,application/pdf
1GoJSFBdokKgDz0VZ1IiUaZymhnIO-nBv,CodeCamp-A4.pdf,application/pdf
1mra0l1ChngTQTsMwNQ-cP1w3WIBrb2Sm,Codecamp.pdf,application/pdf
1wh2UBFz2wX7cdvhhpDoSIxyaL2HjXBGD,CodeCamp A4.pdf,application/pdf
1PICCzwJyG76ooisO499D16l4ZKliCWh9,G2C Poster A4.pdf,application/pdf
10kY4tK0QH4t-Hmz6lE1QETbqpgcP2oIx,G2C FB Poster.pdf,application/pdf
1mdN-UyMjTROytOgOK2Zeyjm4mroub5K8,Badges.pdf,application/pdf
17iex6Le3nln_dW3P71LcXZVyfEA2cfHu,Call for Memes A4.pdf,application/pdf
1v7kvcyB7EYYebObxgCoYmqFY_3AP6dF3,Logos.pdf,application/pdf
1DaKcaAJ6fzulfzcPIF_Fu6pdm7ChtDIm,HACKAWEEK 16 to 9.pdf,application/pdf
14oPpD8Pgn497xsYRrbAGOgx0CyloQdcy,HACKAWEEK.pdf,application/pdf
1ZQAdxP3CvskmgkU63MmTlQCgzlBj3hpm,template.pdf,application/pdf
1-Xzdc-3iLAidh44DlDJ2l-0FFFYOyJAa,LOCUS Electrical Autocad Certificate.pdf,application/pdf
1afakKJa4G6sCTtHulS89ii1CUFddFmvu,LOCUS Home ElectrificationCertificate.pdf,application/pdf
1hlGmBLX_VpH5RdsANSkAWcSk-MK9VTFo,Machine learning talk program.pdf,application/pdf
1ETmBw3VXXkHluAL8x9pXykHmM1do9IMI,Robo Warz.pdf,application/pdf
1689yhHXs_Io2ZQLVFttUlyr5YaKGak3s,Call for Participants Robo Warz A4.pdf,application/pdf
1TA6mkTLbvUXeM5VZ-aAFua2eDEb27hRd,Dronacharya Flex.pdf,application/pdf
1MRqJhXYuzaij9kFZIf2qXCosiUwI-aw9,Call for Participants Dronacharya A4 (2) (1).pdf,application/pdf
1fkhhBauwIdj0m0iLF4Oa3WU7khF4EuUI,Call for Participants Dronacharya A4 (2).pdf,application/pdf
1OENbpcTjUF3DVUAHtHW9O5tHF8pXkulM,Call for Participants Dronacharya A4.pdf,application/pdf
1pYnGFVbLpO_2yYnnonMAYHAvzWwC_mWf,Call for Participants Dronacharya A4 (1).pdf,application/pdf
1NzHH0hUjYBRN1UwcxgaBu65ecmguXHqf,Call for Volunteers A4.pdf,application/pdf
1qn6PCA73WotW3Li5EC3EWq7YPUSLIYRc,football final-(final).pdf,application/pdf
1mkzLm0Su6Wtbhsw8ewOjU6aIdgz2IDA7,football final-draft 1.pdf,application/pdf
1FV7_p3mTdt38Cuyy2vHcypTaPEwEfAFG,football final-draft 2.pdf,application/pdf
1RRTxC79BmJ260fEAzit--LypHc0ZchgA,draft5.pdf,application/pdf
1wGvACQP7fYrE7W-RQnwEyyqFKKGLmS71,draft4.pdf,application/pdf
1qP2SKdlX38ug9QPV-kuA3Cr7JmwULqPP,draft3.pdf,application/pdf
1ClosW_Nyq87k-JezZf8nnu-tYt2mYOic,draft2.pdf,application/pdf
14ut_1oXlTqg9VIlo-nR8XxHAQWEG2zxM,draft1.pdf,application/pdf
1ZWzCPGEpNHRVr0i0Wr8soczMV-2ro1sH,ROS Khalti Banner-final.pdf,application/pdf
1tE9068_7MWqMfsHZFevAELzK8sFPZhMN,ROS Khalti Banner.pdf,application/pdf
1ZCy3Kx881MS-lAMcurFCELe4i3_ElB9e,custom – 1.pdf,application/pdf
16aAXkb19D0qaYxlwauLOagwYapSK_NGO,final.pdf,application/pdf
12-_MlD-IkH5kLEZ7TvoeyMMKLf4szFu9,Draft3.pdf,application/pdf
1b_ABfxH2zRZpfhkM3Z7mJBzBqleQR8mo,Draft2.pdf,application/pdf
1xyRonGpTMqv_caVD8OFQvPfF9uMWrrwu,Draft1.pdf,application/pdf
1d4LZlTwRFuPPgh1X4fhr8Kd4lvxbrZgo,Circuit Fabrication.pdf,application/pdf
1JZLavRBRK9v4XQMC0yrykyM9uaI5wD6P,electrical autocad.pdf,application/pdf
1sBdUnLkPXyOwY9LvvwdKLacOVAgASTfN,AutoCAD Electrical Syllabus for LOCUS 2020.pdf,application/pdf
18KNpcMKIszz2Kw1t4fjGJjv-jjTKrGbj,laTeX Workshop.pdf,application/pdf
1BEKV_76Mrf2R1a2ahKeSDF7S_20ac1pL,Final Banner.pdf,application/pdf
1FFWaAgNoeQCwOFnHoLmrmYWEdN9pyFjS,draft8.pdf,application/pdf
1nu7mJEQsnp4rzkRp0z9HLMFQk9ZlGv96,draft7.pdf,application/pdf
1gsDz-8suBMsCBPAhxPKeuf2kgyzeqcNX,draft6.pdf,application/pdf
1V5SLqgNWJoZzBslutxqaT0aE_GgpKekL,draft5.pdf,application/pdf
1vE7kxlSoYAH_zYmXwqStnRqrdeVfpIRl,draft4.pdf,application/pdf
1p2qUPGZ63suuXN5YyaDhzSh1Xk-TYNFU,draft3.pdf,application/pdf
14FJ42G9-dshync3AsI1_wRn2rJLBNB-e,draft2.pdf,application/pdf
1JZWJxDQuz3HmzH5yln5mq9BnqiZP6Jeo,darft1.pdf,application/pdf
1hi7cYiAm9ulQMVC_KFm9fumxy-Iohoy6,Home Elec Flex Banner.pdf,application/pdf
1RRQl4GSgshij3gA3A8A3sbQWfjaM3VDJ,Facebook Post (1).pdf,application/pdf
1WV7qRBHs4wYv31hxySzo8CsbSYanQg0B,Facebook Post.pdf,application/pdf
1KcU6f7JI5s2Prm35xc2BWgyDnrs7lsdC,A4.pdf,application/pdf
1Yf48-YEku2WC4CQ_T3SKdWjqE7RIFfKD,CallForProjectsA4_Revision 6.pdf,application/pdf
1tgY7NTMBC1KUA2bg5Q60_ZEJAghI1jE_ko9e9OG5eAc,CallForProjectsA4 Revision 4,application/vnd.google-apps.document
1QEfT2KR2Dii4VuOHsMhf23glNAPCqTxA,CallForProjectsA4_Revision 5.pdf,application/pdf
14zjk7J9PMsbWkls8zn_O-kQeRB-RuaRP,CallForProjectsA4_Revision 4.pdf,application/pdf
1x4CjzhNOFk6DJ2TMrVaX_TfgXOwzRJwA,CallForProjectsA4_3.pdf,application/pdf
1Ze7U282mxFdbHEJOsdiNrRDdBRrg69Jz,CallForProjectsA4PulchowkOnly_3.pdf,application/pdf
1UAZmTozR_GLvlrSO6ZkTokFIkVsi1ttFMjb2u-VMw9s,CallForProjectsA4_2,application/vnd.google-apps.document
1aFB53gbkK_zuHqy6sY9qdpDgGAneq1fQ,CallForProjectsA4PulchowkOnly_2.pdf,application/pdf
12AV39h8cwLu7r9cur9w-Qzh7UbniIssm,CallForProjectsA4_2.pdf,application/pdf
1zY6yOAkIpU0pni8Do81Lxsy28CYRdAPC,CallForProjectsA4PulchowkOnly.pdf,application/pdf
1bPD8KM856DFHSRCNk3gUQAjzM-2UQzsL,CallForProjectsA4.pdf,application/pdf
1iF7t3d3uxlNwAKylBxc-Xy-afzCdx1cH,CallForArticles Draft1.pdf,application/pdf
1jXq8WJKN9XOxIhWt163_qxzvkRFFcIFa,locus football.pdf,application/pdf
12Iana6rnvYfm5OKmdSsn66-LtyK45nq1,draft_1.ai,application/pdf
1YMfUKtHm3uAnAXOwD39M4iIGy12CG-Xd,Brand Book Report.txt,text/plain
18jhykUo5dJIKQGFKhWPYFrMrFhTDzBDN,hardware_fellowship.pdf,application/pdf
1BAb0UffKOW4IzvrXX45IXLM-Ia3l6bsu,LOCUS2020.pdf,application/pdf
1gAkDz2UVnZI14abBFW-o5SbpWAsV8SNj,LOCUS ThemeDraft.pdf,application/pdf
1SP6EwSwgLk9Q0_dZInxkuLQzCjvkY3Br,LOCUS Sponsorship Details.docx,application/vnd.openxmlformats-officedocument.wordprocessingml.document
1z0WntU0BkyI1G0Ry_bG18OGKj72nMP8g,Hack A Week Proposal 2020.pdf,application/pdf
1nIqCU3VAtYu88EnRtN4AYBN8vbdIG5ku,LOCUS Sponsorship Details.docx,application/vnd.openxmlformats-officedocument.wordprocessingml.document
1jAkzMtlZ8Ihi2NG30TrNq5hOnyXPcRQL,LOCUS2020.pdf,application/pdf
110OMGmpAiad2REih7LSQH131fMPMgraO,Dronacharya_Info.pdf,application/pdf
1JGBcyNNlk7uUc7rm2ObfPlbwyUTn6s37,Dronacharya_2020_Rulebook.pdf,application/pdf
1F3SHhDq91-IgAtwA32_ROsexkVnBX5Ah,Robowarz_2020_Rulebook.pdf,application/pdf
1Kz1a6X02l17miiihPwj7DXrU9zhtWUwSj_mqa2M6zxE,LOCUS2020,application/vnd.google-apps.document
1hoZf8Cfm4lTziASkdlIxGEzqwEMX8ziaux4hu8Nz0ts,LOCUS2020,application/vnd.google-apps.document
1cU5ZaTQocgLJda3me51isINjVBsYZQn5,sponsorship details.docx,application/vnd.openxmlformats-officedocument.wordprocessingml.document
1y_EZOshe2n1MjmcvIpLf2mv9vwIpA_Sagg4QYvF-N5U,LOCUS2020,application/vnd.google-apps.document
1LG4Kr58bEEhFl4Xvejpd-AYpSOgwtIYa,Theme-Draft.pdf,application/pdf
18QIM4Ix3I9fEGY6oR_LBeQcQjr5LyHDE,LOCUS2020.pdf,application/pdf
1FTD4IJ7c6uXu9-tC64Co3sSn9ezKIbeLncsqx2mSWME,Final Schedule,application/vnd.google-apps.document
1_1tVAw45TgTIVwJcf-He_nHti1fm-cJevyxTCrPV9zw,Event Panelists,application/vnd.google-apps.document
1-E9rnHfAXP5RE9otneY-Mrg0PH8jwvtf,Special Invitation.docx,application/vnd.openxmlformats-officedocument.wordprocessingml.document
1-luO9SzGxLhTFoJdXIbyDDGTyHD9aQi5,LOCUS Exhibition.docx,application/vnd.openxmlformats-officedocument.wordprocessingml.document
1N416JWbcLpL1vCGHg_qD-_O6RdZoUlSG,Press Release.docx,application/vnd.openxmlformats-officedocument.wordprocessingml.document
1WPSSAHEV1bpkN5lRes-EIizUASJ_aeEM,Press Release Advisory Board.docx,application/vnd.openxmlformats-officedocument.wordprocessingml.document
1_KcKyEDnMN2TwUvBTpf3cgADsAwYGczO,LOCUS Exhibition LH.docx,application/vnd.openxmlformats-officedocument.wordprocessingml.document
1-K90_nQxIAGiv--Jc1HdMzyUK7O2M2P2,Deepak Giri.docx,application/vnd.openxmlformats-officedocument.wordprocessingml.document
1pm6BWYeAp0_bFZIOSIiXOATiWf4JleQi,NFDN.docx,application/vnd.openxmlformats-officedocument.wordprocessingml.document
1WPWuoRT52gSmaz8aODS8HCv3iYwZTuS6,Suman Giri.docx,application/vnd.openxmlformats-officedocument.wordprocessingml.document
1WAVn2w_qY-FQ7arRMByGlqCzbTdqv_y8,Deepa Shree.docx,application/vnd.openxmlformats-officedocument.wordprocessingml.document
1IRVFG0NyemS0Evi4SeCJuyNZ4mLaOSquXD3URWoFQEU,ROS WORKSHOP,application/vnd.google-apps.spreadsheet
14srm_bjY3xHst8J8xZ2LHWCZxNM43TRW,ROS-Workshop-Course-Plan.pdf,application/pdf
1PUUHr0fCX-9v3oYvHk9VNcaYGSUIKA4w,ROS-Workshop-Course-Plan.docx,application/vnd.openxmlformats-officedocument.wordprocessingml.document
1g_EXL2J5NDzFrVC7dqx7TmwtE9D5gNI6ZmB__BAFEt8,LOCUS REPORT,application/vnd.google-apps.document
1__jQ_WujxySIAAHFZbmykjMLluM4nTJ1uWyCP36ThKU,LOCUS REPORT,application/vnd.google-apps.document
1QwhPKQz4DiBYdNNYI23SqqaH0fgIdU742FnWidwin-8,LOCUS REPOET,application/vnd.google-apps.document
14WkWAVmxwHkXmMdPKO7X-JkfR_eEpd8Y,LOCUS 2020 Report Compressed.pdf,application/pdf
1NYiwsyjjKHPc9V1TEAHgcin_TT0HxTP4wQj0OuxLuAA,Supporting Document,application/vnd.google-apps.document
1dJhzd9Uy91PJtMMx1Uzf1ShVFYyB8ubv,LOCUS 2020 Report (1).pdf,application/pdf
1cFINRyJAriUEc7me6JK6JGNUUvijVfZH,sponsorship details 1.docx,application/vnd.openxmlformats-officedocument.wordprocessingml.document
1CkMZXFWmnenKVCzM4_sJq0ApEgjg9WIR,Theme-Draft.pdf,application/pdf
1c2WLJHzDck5QZ6lixYmho_VRIgZKf3_Q,LOCUS2020.pdf,application/pdf
1HwZF49iyCxmHLz0fLbwbM2_R4Qp3KIgj,Cotiviti Sponsorship Letter (1).pdf,application/pdf
1aEZT_lDWVYo5d33mFfv2ouNBPmpEAD3YFRwRlEcBI3Q,Second Round MTeam Applicants,application/vnd.google-apps.spreadsheet
1vK3yqtB3NUL4ovvx95CGLBj9ThsfgZqN,project - Sudip Tamang.pdf,application/pdf
1cduzhDmBMd-lebb8USbMUuvlIlwqSicH,Instrumentation_proposal - Sakar Pathak.pdf,application/pdf
1vfU1uaXSz-JY-G3vh3Z-tvHZ5Bx4S-MH,proposal-converted - Brabeem Sapkota.pdf,application/pdf
1lyUwmkrkHngCOWs7oL1jeNm-sH8TvEna,margadarshan - Rafael Shrestha.pdf,application/pdf
1csy1uttt7q0uSW8xIWOzOmRyNHD_knM7,Project Proposal - Anish Sah.pdf,application/pdf
1cGsOEdOFQWarSZ7XeBFWaOuIxZaqsSm1,instruproposal - Sunney Sharma.pdf,application/pdf
1t8FqTNyyardTIbHjqxqxOMKMVJd9QHB3,Instrumentation Proposal - Safal Thapaliya.pdf,application/pdf
1WchJDnUHSZi_61xI5T2OO-nvX0npORx6,locus Project Proposal - Sunil Shrest.pdf,application/pdf
1gJO03VAT60CvTsdWNuC9RqeIDv6kbcch,REPORTFRNTPAGE - Sushant Pandey.pdf,application/pdf
1x2QJtgq9R7iR3GW7Rz2Fm-K1iMFfwD23,final - PRASHANT SHRESTHA.pdf,application/pdf
1K80dkErLZOor4RvFbcWdp5I8o5mGKfdH,instrumentation proposal - Pawan Poudel.pdf,application/pdf
1NE22F8BUYv3jvpGzWYa8jpZS6o2kp-Qr,lenin-converted - Shreejesh Prasad.pdf,application/pdf
1rM8rPBQ5_nhxkA0UAn3UG6uYpP5AqRP_,Proposal on Animal Intrusion Detection and Alert System - AASHISH ADHIKARI.pdf,application/pdf
1kT8PWiY52wWj60FP5PMdmvhvJr7n264y,Project proposal - Madhav Aryal.pdf,application/pdf
1EeXKXj14hSYNTz-ao5DJtl9ZYqEwoD3I,Proposal - ASIM MAHARJAN.pdf,application/pdf
1UNVmKuVZKTtt-9bK3cbg7CCxcGU15OUR,instru_proposal - Kushal Pokharel.pdf,application/pdf
1qWrXCdzQCM8i-dNRbAzRU_SBvyv8y3JS,Project proposal - Abhay Nepal.pdf,application/pdf
1wa7Dzyw7GNvxxtvHwQNosbxbI6dS-XDA,TITLE - Yachu Joshi.pdf,application/pdf
1jBwwykinO8koQc3xjPv7k35cznBmIm2P,proposal-converted(3) - manita dahal.pdf,application/pdf
1Y8j5J7hqpSA9ZtkEU9Q7Uz705dozx-wz,final_proposal - Kisan Bista.pdf,application/pdf
1LwQhSz9kdbQCYUm7CY5x4t_5DVdh0BNw,Instrumentation II (1) - Arman Chhetri.pdf,application/pdf
1eCyArjLLqbhCSJLbctWL1bthDV4dcnc8,Instrumentation-Proposal - Sakar Dotel.pdf,application/pdf
1Lfx-UDXbgMjCDRqI7XeOAaV4-ekzNKwV,instru_proposal - Kushal Pokharel.pdf,application/pdf
1eG7k_O3xqV7oTgu0u7YeIS9TlEFgVmPK,proposal-converted - micheal karn.pdf,application/pdf
1-881u773vRLyLZXorHMrep5uE8paVpcl,ProjectProposal - Leo Pujan Dahal.pdf,application/pdf
1Yt4Z2TDGpSZZeoVtmINouZkBMbQY9ymq,ProjectProposal - Leo Pujan Dahal.pdf,application/pdf
1qvS9IS2yftBjgXV0rVFOpuqqGjq0Zcar,ACKNOWLEDGEMENT - Roman Rai.pdf,application/pdf
1sMDuR9F5mPX3j-5zQtslY238qcy5TcAM,INSTRU-PROPOSAL - ANUP NEPAL.pdf,application/pdf
1PsxSq0yHbe-ggFbNJECh1IiQWoSwGCLh,proposal - RAJIN PRADHAN.pdf,application/pdf
1nl3agRynJnDDthBEIXQG3G4guFlKCmf1,projectProposal - Sunil Babu.pdf,application/pdf
1rGQBxGyiSPx_0xg0NBoXAK2qk9uOQDTm,Instrumentation - Xenon Shrestha.pdf,application/pdf
1zO4q51SlXzi6o2zZ44ctmS9wsZAfGxwy,project proposal-EMG controlled prosthetic arm(LOCUS) - SIMON G.C..pdf,application/pdf
16i6srW_x0FCL4QwO7m3EOFg4m7Hw-wa6,instrumentation - Vivek razzz.pdf,application/pdf
1OHFuMDbGXJIk_Ja7CLXElmjlnsS0D2xM,PROJECTCAR - NAYAN BASTAKOTI.pdf,application/pdf
1DyfZaLfK3LrwQ_2fcXNjFu-p3LFN4Wb8,Instrumentation-II - PRANAB MISHRA.pdf,application/pdf
1r12JwIRA1NA0jIR0Ehz0zgcoL1QiZRe2,Abstract-converted - Sailendra Yadav.pdf,application/pdf
1pKze9h-4tkPRuTKm4rfFLF8j0IlvqvGt,proposal - Amrita Bhattarai.pdf,application/pdf
1cU8OkUBz4pOBvLRMnTP9Cy8C6A9RGzPT,TRINHUVAN UNIVERSITY1 - Juhi Jha.pdf,application/pdf
16yA6xoQln7ddll6lLNHgBFl8gJwsPn53,RC car_Proposal - Anjana Shrestha.pdf,application/pdf
1nhT3JPsdWn9X8Y1o2hx9YgStjL2k8fUe,LCR Meter_Proposal - Anjana Shrestha.pdf,application/pdf
1OC1ZUmekpY9ibXaVq9YG-MYEiZm3Lned,IOT_Proposal - Anjana Shrestha.pdf,application/pdf
1AuU2t2HzmvCYnC41VVxSK6SQOQS2dGVM,IOT ATTENDANCE SYSTEM - Pawan Pokhrel.pdf,application/pdf
1_iZMu3x-Pj6HNa43Ay4vGCaBFR-uYHj3,Instrument Project - Shankar Subedi.pdf,application/pdf
1Cn4KX0HT0B58il-l6YSa1foUyi_1Jn3M,Brand Book Report.txt,text/plain
1OY6nnaXFQR4xxGWO0VLMHvSTV6JYnmjT,Brand Book.pdf,application/pdf
1Aa8pN7tj1ml-aXhNxJ1ruKdLuyt_4brE,GIT WORKSHOP.docx,application/vnd.openxmlformats-officedocument.wordprocessingml.document
1MwmbnFO3_7zTi0_RTsIfT1rVrHnVk5Md,Content_for_Poster.docx,application/vnd.openxmlformats-officedocument.wordprocessingml.document
1aylx1FXkObjFpnFGG8jwFz2k1DxObeip,Campus_Chief.docx,application/vnd.openxmlformats-officedocument.wordprocessingml.document
1mJhinDTt28R_HYVhDNoGyvh68IPbNE_3,Locus Colors.txt,text/plain
11twDAU_SNTuHk8zMUUyDDGXzI48IZBzI,Copy of IdeaCamp Proposal.docx,application/vnd.openxmlformats-officedocument.wordprocessingml.document
1S1oIWVeGbqTQ3GsarEScf0o7ChtvcBxs,IdeacampProposal.pdf,application/pdf
1-ou-bM_voX0xmx1sKALb4Qqs377LKXDw,PrintingPermit.pdf,application/pdf
1cfKXx7OceRsc9kBxB2tv0OzI_EQ0Mm7BzhP0Ut1GHdY,Press Release,application/vnd.google-apps.document
1AEZlruIo-lmCwAl_9y_HCDOLCUvamxVhv6acA7I-e8M,Sponsor certificate,application/vnd.google-apps.spreadsheet
1PKZSAE6ssxA2Hd5uS3yTAXXm6syjNRTu,Vertical banner.pdf,application/pdf
1PT9_zI6XAKU25skJQHMNmExqwwE7lhEh,citverticalbanner.pdf,application/pdf
1SMXAlU_6ggG2m2W5E-bLf4jJODeXUyh0,cithorizontalbanner.pdf,application/pdf
1J8gRM0PxpKeDKU8hWo3GwrdvF2XAY9KZ,Volunteer.pdf,application/pdf
1QWU-O8t2gtHdeSVwnTbgXUAJNG1CJt_B,Photographer.pdf,application/pdf
1zOJ4j6D5ampJ3xHe47qJzMqgqEED7DGP,Artboard 4.pdf,application/pdf
1dTccdt8t8w3OOBQua6UEqJ9OmXBRNjsS,Untitled-1.pdf,application/pdf
1tpm-3FBNawo2QTKUOcpHXK7gmlhM3AHM,Artboard 4 copy.pdf,application/pdf
1A146_xBBM9Hr40M07oPqkZfrgFG_j5NY,locusCupFlex.pdf,application/pdf
1-h6iJ5_Pr65LmIEkkBbnU1KYKk5326NS,LOCUS Form.pdf,application/pdf
1tHZCXnkoLd71BDoE41OtVtZ6gbebWJBh,Correction.pdf,application/pdf
1njUXfLW_hegzlUBWOksO7Q0hrKoiCU3H,zerone.pdf,application/pdf
100jFwSE-1hGGQYDcwthPuc_6uF9gVnYqScHD-NemY4k,Stalls,application/vnd.google-apps.spreadsheet
1hQGi5che8-k7wEI3bTT8dh6hCvPCjUDcCFNVF4EhQbg,LOCUS theme release invitation,application/vnd.google-apps.document
1EeshBbQZgFS2qgDaF5RNTXmPSdl-ZP6B,LOCUS Invitation.docx,application/vnd.openxmlformats-officedocument.wordprocessingml.document
1yIsjoOzeu1ImJjOzv5Z-HHMCGXN0m8DFRX5NpREvBzg,Invitation,application/vnd.google-apps.document
1F3BWgFymfJ902ZpO63kBobNH_AbL2O2q4U0n9F-yg9Q,Letter to NTA,application/vnd.google-apps.document
1OWorqlajLSjX_8k7H5Ev568Lpwbya8PrRL6yKYzz9b8,Copy of Letter of Proposal for CIT,application/vnd.google-apps.document
1MhO3h4NLQoLtRdk5yFvyPQ7slK6J0WeeDHqNGtH2nRI,Letter of Proposal for CIT,application/vnd.google-apps.document
1tfQqsSs1u-AYrp78UZAGe15azOsG2ifo1tRW7xMQq84,Letter of Proposal for CIT to nagarpalika,application/vnd.google-apps.document
1AfkHRST1wxyElZ8WWWpZ5fOxgIzYhf2ykhYWV0oBznM,Letter of Proposal for CIT to schools,application/vnd.google-apps.document
1mRtW70IuOViuDjO0DoNT4mcity9ExG2B8BmB0HJgcwI,Committee formation,application/vnd.google-apps.document
1vlHKZqnCHoelrJGENIlX_XJxt9YJgGFsu9jHflFP8P0,Election rule,application/vnd.google-apps.document
186JjquVg6nqiwuX1bGS63je7zqkyOLAtYo6kSmLyfDI,Letter of Invitation for the theme release event,application/vnd.google-apps.document
1lK34tbgRukoSTE7sy0jI6PxXueq0dOkbwa7ZyhWyPbU,Theme Release Invitation to Media,application/vnd.google-apps.document
1PXvmhISaS5klS-t5WaU-V7mbRFkvIbAR-47eYPsCkDg,Invitation for participation,application/vnd.google-apps.document
18a6roOhJnEyUb1Mzgv-xxGatTiEPK96V2kyNkB9rm0s,Request for HaW email address,application/vnd.google-apps.document
12RBCqK8XJ69iU-N0-8ht6LRpw4WItG5RlkldW-PI6x4,Letter of date declaration,application/vnd.google-apps.document
1Zrm75La1zao982W5MfKT1XYWmavFyv2pJdkpGJLI-nA,Letter of date declaration,application/vnd.google-apps.document
1ZJ5LcsRHVvsOtE3d_YRyIHKtJMzDll2lE7yQqs2q1nw,Invitation_Softcopy,application/vnd.google-apps.document
1pdJXOuRdlx0jzqwgxjHij0LlcTNof77ztvAzhdso6po,Invitation_NEA,application/vnd.google-apps.document
12Hdk45EFPE5hXiTfELOvliLzLx3e5KvHopyhCIzfgSM,Request for Room,application/vnd.google-apps.document
1fRfC2nK0dhpVtexCxI9Ef38KIkXDnMaW1Hf_iMfA9HU,Request for Project Room,application/vnd.google-apps.document
1nkpGnVKwpiVuIHioSSWF3evccAJSj89tfwQVHl-m1_Y,Room Book,application/vnd.google-apps.document
1P9Nv9uYnZoFfeCz5QnSGp1dRMVQOyOxavLfhCv8NKik,Hostel Permission,application/vnd.google-apps.document
1SimERipUi9ybh01PvaDltM1BOtSjILkkv51zSsKMNVk,Invitation for colleges,application/vnd.google-apps.document
1PFvXs0ODFgeMRrX-eJ3cxTIPELA-_qHkas7hG9HrKDo,Letter of Proposal for CIT,application/vnd.google-apps.document
10dG7nOaNj28e0CVWem-w5C-Oa7oy3BF2yRwuQ1E4LNs,Letter to nast,application/vnd.google-apps.document
1Pk5opbtJ9UeP3_2RYw9065A9zcH0CCcFF0tDFJz4Dx8,Letter to NTC,application/vnd.google-apps.document
1CbFkY_MFLotLQx2mFhxd5aodF1-pAGPT-ytzRuDN7lU,News partner,application/vnd.google-apps.document
1YuV8YF_ERRSfCm9GgnspEGRAa1CkzaeLNYPeqWKWCDo,Theme Release Invitation to Techpana ,application/vnd.google-apps.document
1pXN2pnOKxx9VgxKfNEoLIBur0rjBeRTfm5eAy0HbLuk,Letter for projecter screen,application/vnd.google-apps.document
1uKZ6NSDhKAojg99oehgFedOAckRwXl2bRbivx2jVnqs,Request for Library Hall,application/vnd.google-apps.document
181J5F1euFlj1B_SF7JQ4auNk7HovYVj58TPCiatmuIY,GIZ assistance letter,application/vnd.google-apps.document
1Sg2e2rV27sPu9cB8z8CZVaL38eFAGbOSwIE_y_uRNdc,Letter for Ground LOCUS CUP 2021,application/vnd.google-apps.document
19OA69Yl5RSh045I6zOo4cfjEpV82NfsXvMnYYpY3gLg,Letter for AI Competition 2021,application/vnd.google-apps.document
1g_np1dx3hj6z4EFg1cyzu8tqfKLf9DN1JWzjjxKgwfE,Advertising Brokers,application/vnd.google-apps.spreadsheet
1jQcaRrydYS7UomFgJ00Cw26Z653tDf4LUp8KnS2YigM,Resources List (Rough),application/vnd.google-apps.document
1B0ohx4ijYM_pHPa4TN4qWwqau0qM5fsQQvcfgy92WPs,Banking Partner,application/vnd.google-apps.document
1je--4UxXIjMCmSE9CkzT7RpOX8gCF4B1,bankingDetails.pdf,application/pdf
1yqwN-0nubZT44DDN57nmutm7qz9FJaU2,Sponsorships of LOCUS 2021.xlsx,application/vnd.openxmlformats-officedocument.spreadsheetml.sheet
1VlqzoTChtKpIkY9dlSzbGrD-7KKx9PhVIc7tpwKeDso,Marketing_Mania_2023,application/vnd.google-apps.document
1WNGhrfk4OPWHazNLVHJzOpsOiykASK-NewnNXMLe-i4,Marketing Team (Responses),application/vnd.google-apps.spreadsheet
1OLhm2cvOXpYV2xbDr8j5ZYaOyYPRdFQN,certs.pdf,application/pdf
1lj_jx-MW4bRR0Oq-GPSNrd2zk3iOmmSF,Volunteer.pdf,application/pdf
1EGltiYjNm6IkY-jbOI-SA4pfeYWZyBKn,Photographer.pdf,application/pdf
1TkN6zbo4oaFqMYwrZdWzAZ6yTO4y8XsR,EditedSponsors.pdf,application/pdf
15MQPyU50czEv8EgNaZ0oMAsPO0piqr5h,coupon.pdf,application/pdf
1c8DvEIE5wB5ROyf7iqK32lNRdJpews0o,LOCUS Cup Merged.pdf,application/pdf
1eih6Q31oJw8Pkixq_J-99jGTIpl0Ftvv,CR11615.pdf,application/pdf
1Yj1YL0glzI047O18cfnf5k43mMkUMQU-,Winners.pdf,application/pdf
1ZBRURvycRq_NuR-mDrIru8TNxJx817l_YprjUkbpJwU,project_winners_2020,application/vnd.google-apps.spreadsheet
1d0XKlsRcKRpMuXYEHVf6j9YsWEIOs_v74wr6Mm_w89s,Captions,application/vnd.google-apps.document
1Ba_Om5259uR5lPOWcOy7E2oXjPU6DOlL,github-git-cheat-sheet.pdf,application/pdf
10po4B1xqFig2U6Ae-kKbgl21WldMbvym,Git_Installation_Guide.pdf,application/pdf
1uvcp8AjSbjcncXlPy96weVQAyyp1HWjC,Git Workshop Assignment Guidelines.pdf,application/pdf
1oW3QfUCCZ0V_kfbaosKwMfa8frJwGRk7,Git Workshop.pdf,application/pdf
1DBipb_gfgW3HZelwcZvl2C6mWIj_1qfxZ5lzH72O48Q,Letter_Talk Shows,application/vnd.google-apps.document
12Np5m95XNkkkZ-rF4xBdoEqXPuQxFIV0,Letter_Talk Shows.pdf,application/pdf
1XvxduGfCR025N32GeAPjyD8za00Xi-HjRyywwz_z64k,Matlab Registration (Responses),application/vnd.google-apps.spreadsheet
1c7YKUyDdKZn7urRkXbxaTFWfYOPgLDW6BK7HysrdPsc,Matlab Syllabus,application/vnd.google-apps.document
1kk8WDcx-x2HWnCeuXSEtzbSenY2vb3dK,Matlab Syllabus.pdf,application/pdf
1OyswIA9wGQI0V8qCOrVvIKwoYVJM9hmh,MATLAB Day-2 Attendance.csv,application/vnd.ms-excel
1XqQXmY704z7y62P7s8ldz0FDTQBMHd4Q,MATLAB Day-3 Attendance.csv,application/vnd.ms-excel
1wDK5gynqwQHkz0-I3fd7860gVoxJhhj2,MATLAB Day-5 Attendance.csv,application/vnd.ms-excel
1eT66ftg2xIWFvV0tB9DIo-H_PeQSHNXZ,MATLAB Day-1 Attendance.csv,application/vnd.ms-excel
1D8GEHISjf1zGeKFJztYy-d1vs8VXHmzH,MATLAB Day-4 Attendance.csv,application/vnd.ms-excel
1ztRzR0SRfiPdtnuZkV5RqMBaJtV97Q9O,Software_Fellowship_Syllabus_2021.pdf,application/pdf
1GqQoBjsHjl-bXYp0_P9ikYPhUyEiEdMZ,Quiz_Proposal-min-2021.pdf,application/pdf
1PwD3Yms_stnzsIZoF5_51OmXNhSK8vGx,Codecamp Proposal Updated.docx,application/vnd.openxmlformats-officedocument.wordprocessingml.document
1xlG7rLQIpBzjMsOoV69jaQKkYIFnoYMDTuKVt-VrpRA,Codecamp Proposal,application/vnd.google-apps.document
14qOobcpzsK0Iba7iU3vzlRTmXEJmmwJN,Codecamp Front Page.pdf,application/pdf
1AU10fpw4cWkjG3fwMvaxLQgTbp_1hQd1,Codecamp Proposal Final.pdf,application/pdf
18hpn25GyftrdGS1SBCc7WmT58WBHY3CZ,IdeaCamp Proposal with pics.pdf,application/pdf
1E0995LJ0kctjqj8BLGpJDgU6kAfqxlVf,Ideacamp_frontpage.pdf,application/pdf
1NTnzJahlhW7Mm5WquNBaepMiaXHGjmae,IdeaCamp_Proposal.pdf,application/pdf
1XDzOw5Mq3VbjZOMQZOfqmGEu48-qKKNf,IdeaCamp_Full.pdf,application/pdf
1pjRUVIPHjQmiJMm3-QjPXcm_dxC6KVtA,IdeaCamp Proposal.docx,application/vnd.openxmlformats-officedocument.wordprocessingml.document
1kcTbgFtYTR77KvdB7HQcPSd62YZZTImB,CIT_Proposal_2021.pdf,application/pdf
17ky2Y7JT_pFAS5pCLJibiabDnplp7EAZ,Copy of Letter Format LOCUS.docx,application/vnd.openxmlformats-officedocument.wordprocessingml.document
1Y9uF7atEGsHe-bGOrShhfveUr2qo9ZkK,Girl To Code Proposal.docx,application/vnd.openxmlformats-officedocument.wordprocessingml.document
1JoJZfiEpgRzSEz_X4k0FI2FMTlHZXgrLJrzA5wV3UNY,Untitled document,application/vnd.google-apps.document
1Q92w7gnWOrVVdoi8CqcsJJo0R_97fD3q1COeCeneDkw,Copy of g2c,application/vnd.google-apps.document
1pO0hhXy2OtuknV0rjvgPHwMIV2FUzHh3,Girltocode Front Page.pdf,application/pdf
11xHlxj26ldPXmaxVtN2SZ1VP4SPLNUUWxAkqV0yRX18,Copy of Dronacharya Registration Form (Responses),application/vnd.google-apps.spreadsheet
1IhEZM8BKdCLhe4FMq2ePcVqPv7wBfznG,Dronacharya Proposal.pdf,application/pdf
1BcdgIVrbMBc5NU7DqUmuJUujD97YqNtg,Dronacharya Proposal.docx,application/vnd.openxmlformats-officedocument.wordprocessingml.document
1gaENQNFkI8to4XeG10NUItJgkzi65RTEhXFEBWVW5v8,Robotics Club Information Form (Responses),application/vnd.google-apps.spreadsheet
1iuBoLbLScwcNdPeRIPNOB8q0Y7QQDreI,Robowarz Proposal.pdf,application/pdf
1pj2UMrjjcFzLVsPxovtjvTA6fVQPUjCF,Robowarz Proposal.docx,application/vnd.openxmlformats-officedocument.wordprocessingml.document
1uVQim54kENlPUsnQoXYKM9Rzpsc-c2Yr,LOCUS 2021 ROBOWARS RULEBOOK.docx,application/vnd.openxmlformats-officedocument.wordprocessingml.document
17zGjJpPRZnw0euJOgDsY4-aU6aSgw-ey,LOCUS 2021 ROBOWARS RULEBOOK.pdf,application/pdf
13_wb3SJlHxrk9Onlxo2s-2BVUuwzFHqb,AI_front page.pdf,application/pdf
1Iu1NZQE5w6Ki_79JU0bGNVCR52xPB8V6,AI Competition_Proposal.pdf,application/pdf
13FDgHaDVJqPuQaylCor6CUUVkrzWmtng,AI Competition Proposal_UPDATED.docx,application/vnd.openxmlformats-officedocument.wordprocessingml.document
1BNVxwvgl599LG88x42xyskfZW30TrzuB,Codejam Front Page.pdf,application/pdf
1OD_BYOYMZAYusuFOnvGSYVn7Q0_hzrWQ,CodeJam_Proposal.pdf,application/pdf
1SN7UYzMF6Mz7JOHRWXE6RTw-BrtPgKTtDVgFec8DZzs,Codejam Proposal,application/vnd.google-apps.document
1gVgW1Qgp8eowTsRmmxNjrgGg-GamDZ7F,CodeJam Proposal_UPDATED-GS.docx,application/vnd.openxmlformats-officedocument.wordprocessingml.document
1wB6mhQv1bPHlu_0sNc4y7zr20w2j57ua,CodeJam Proposal_UPDATED.docx,application/vnd.openxmlformats-officedocument.wordprocessingml.document
16z8B4TQetxgd-panH646frmWDgIE8X9B,codejam-proposal.pdf,application/pdf
1uuPLErP6ESYrdvcw9OQhoohkbGvDqvu4,Hack-a-Week.pdf,application/pdf
1eUktxaFy4GaGUA8uImKEhP7mrXZqXWOe,Programiz LOCUS 2021 Typing Competition (Responses).xlsx,application/vnd.openxmlformats-officedocument.spreadsheetml.sheet
1o1EM1E7WJCGIDfFdyXBExB5OgMUR6KYgJlcZZJuSHOM,Typing Event Summary,application/vnd.google-apps.document
1IF2qBVGDyorhNKkd1Op2lCnr7qzlsraPykHT9Lx37Wk,Winners+Organizers_Typing,application/vnd.google-apps.spreadsheet
1Ap7_9SfDV2vTLz2rDGejB-OmV__tFEutnRf3QPlsdNc,Event Summary,application/vnd.google-apps.spreadsheet
1ug7mMF5GoJCkn1zKKPF1WSZzn8f3dzFWvLKAfTcgn38,Sponsor Proposal,application/vnd.google-apps.document
17uNp4M6k5Jcy44aKtHDsBGNBhD3vNmS8mhSGTwA40v0,Certificate List: Basics of Hardware,application/vnd.google-apps.spreadsheet
1VWv3Uy_DKacmcbqCPl7rywiUrwJ-4fuuyMXQTVOE_8k,Price List,application/vnd.google-apps.spreadsheet
13Yk1-hvb5MvL13QliHWKXIVBhhnzUp1ZB5JRTd3Qztg,Mou of Electrical Fellowship,application/vnd.google-apps.document
1rZ6xDuZvrCJ3uw9Ot4ASZ4FCrsYc4DtHfVq8BynLzRo,Hardware Fellowship: Registration (Responses),application/vnd.google-apps.spreadsheet
1w7AOIXrC7IzMcCgvBGcEOE0xlXswcdKzJPXcMWt3uZA,Robotics MoU,application/vnd.google-apps.document
1EZbgcFMhCOA3GWsSGOx4lCV9bDalsGpa3X2RP34_xyk,Untitled document,application/vnd.google-apps.document
1KlqMgDtBRENxdeEV6LDD0zeoibKu1TqhTviwbcIkQkM,Certificate List: Hardware Fellowship,application/vnd.google-apps.spreadsheet
1hyXyF6gUhPzut_2Drfm3kjoZNE-riC7N,component-list.xlsx,application/vnd.openxmlformats-officedocument.spreadsheetml.sheet
1-rQfXKAFZ6pwFVbqZCU4bewNeVdUAF441Yt-yhTnWTM,Instructors and Volunteer List,application/vnd.google-apps.spreadsheet
1XK1fHKSevDvdKgmz0IFMMQ1LJgh3jTYHOegJpp1ySpw,Registrations,application/vnd.google-apps.spreadsheet
1NrMs_xuJAjHGOtfh47WsAzt-Dyy4lGo8,Components.xlsx,application/vnd.openxmlformats-officedocument.spreadsheetml.sheet
1Lo3i_YyyBfWzXqfNYT8BPecWoUhT5xlY-FdlSE0ocAQ,LOCUS CUP Marketing Companies,application/vnd.google-apps.spreadsheet
14Zqz21ZfLwIhnAoZdqqKCklibrnXq0c12SIE_E36JPQ,Proposal,application/vnd.google-apps.document
1RH1pK64Ng191BvbmQskJ0B975XICsXcb,LOCUSCup Proposal.pdf,application/pdf
1DhA0y6rJH0yWo64r1sCjH-DEWH28X0uJ,LOCUSCup Proposal.docx,application/vnd.openxmlformats-officedocument.wordprocessingml.document
1IWP2QetgGKRsM2RIT4bdBgERXoqwCWTF,Proposal_LOCUSCUP2021.pdf,application/pdf
1xt-_RgIybWiZZTM36EoXGSXa_DJOzfBO01_aUrPAebI,LOCUSCup Proposal,application/vnd.google-apps.document
1yXPrExP75ub6G29vauauE8pFDRiQm26MsAAhs5mCgCw,Proposal_LOCUSCUP2021,application/vnd.google-apps.document
1wfZLUTJ_pbRhvFFaZJi3z5CXcZTthokhCtAEGkXlnU0,LOCUS CUP FINALISTS,application/vnd.google-apps.document
1S46j37RuEFzxTKUJah6bo9xdvmdlPgl3qe3ib45OoWg,Probable Schedule for the Theme Release event,application/vnd.google-apps.spreadsheet
167qOUzc4sHSO-9CVZuVC7fABVLRnSKsmhUVihS3uvig,Schedule for the Theme Release event,application/vnd.google-apps.spreadsheet
1UgNBZiBn-R8aNThIiD_NII5_U6LILHfR,Theme release schedule.pdf,application/pdf
1shyA9mzIbf7bCaxvKj6i2K6XCS4_C3JTkfHWjSFkKBw,Untitled document,application/vnd.google-apps.document
1z8jNzK8xOeWtuZWqzJM3hmDe4HElsEundyCBach3opc,Theme draft,application/vnd.google-apps.document
1GelU3TntxLgdA2BonUZGZZh7tMeoY1_kKOTX-pIKrPM,Theme release schedule,application/vnd.google-apps.document
1eljefTdUyLgTTJikLCryx6nYz7BtaW1Vc28ky9EQTog, LOCUS 2026 Closing Ceremony Schedule,application/vnd.google-apps.document
1Lm-_tKIYns9g9G6sAUzwQOahQ3gJD9_7LV1VGa4aj3A,2023 closing ceremony,application/vnd.google-apps.document
189ANyDxyW7X7VWo_tDC4p3v3IambpCMxhzJ6DDOzxvQ,Winners,application/vnd.google-apps.spreadsheet
1O9lF8fJyt-tcsg0EPhoo0HsiKgZSJLNvcO5EuRQ71wU,Sponsor Announcements,application/vnd.google-apps.document
1vSjCXypRNZVPjL9yarU2YA3r53snYyQmzTDoXPjqjQc,Namelist-Token-of-love,application/vnd.google-apps.spreadsheet
1lt-KmdC8_7hV-CE3qE4vSCI753yR-R2Abu5Kj-nBMnA,LOCUS 2021 Closing Ceremony Schedule,application/vnd.google-apps.document
11SI1UTUHoPnSaQ2oBvtXlSM4l3qZjOdGyvVtanxTXMQ,LOCUS 2021 Closing Ceremony Schedule to Guests,application/vnd.google-apps.document
1mnGyqVnTmXqCs8YdlFScLY58smT5IiTe7OtW0WcHmG4,Invited People,application/vnd.google-apps.spreadsheet
1CsRn6gBPxaVnuM0QT0r1_IVt3WEdna-ZpSPABSJTIjA,Letter_HFCYG,application/vnd.google-apps.document
16a4s39yeFC3wSgov5vT95OfNvbnItrZX,Letter_HFCYG.pdf,application/pdf
1iPvIPq_jZ4vaDfica-UTGCzjkFwz2zNvqaJPh7zleZI,Obligations for HFCYG,application/vnd.google-apps.document
17z1nSkfHBUCbMhO12qdOmj9oAgWDHDGQ2JtG3wi-b8c,draft_question,application/vnd.google-apps.document
1opFWUGhNvnxRQPnESYbtXH8gS3UbvUqootpQl3vlAAI,Event Coverage,application/vnd.google-apps.document
193oThhHTqBeGLQCBfXnokhUX0qJWvsCB9UDkqwMYGPo,How Fast Can You Google (Responses),application/vnd.google-apps.spreadsheet
1_zgLeIiJXZj76Q7QO_pU3KzwAYsxKT2s7Fo6xmtPS7U,Questions,application/vnd.google-apps.spreadsheet
1NcxjD7ZhbVwOeVgacLxBcjVhzHve9SmqH2ICvyU6iA8,HFCYG Event Summary,application/vnd.google-apps.document
1To8o2U4G-p_V8EzfITIvc36ExaQeu6jNPC1oNhhydII,HFCYG_winners+organizers,application/vnd.google-apps.spreadsheet
1YKBqSVYUS4UqJot-hMSX5JCgc7vVC6z-P6LF7-sI0aA,Participant Certificates,application/vnd.google-apps.spreadsheet
1lg-v2lvF9y6L9cI-EunTjhWsV37xwKrvOjJnUKY1sjI,Organizer/Volunteer List,application/vnd.google-apps.spreadsheet
15TmksPMdgza_RxrkWRhyODOjd7B9O-gdLN3yiaUcn6Q,Project with details,application/vnd.google-apps.spreadsheet
1Rqt_iepBR8qTR8ZB6_2RoTtV2e497ropp3iJVWVOIgc,LOCUS 2021 Project Registration Form (Responses),application/vnd.google-apps.spreadsheet
11adynW1Rpqxt6GX_HWFbkE0pDpqBjf1MYAPR66L-1zE,locus 2020 projects,application/vnd.google-apps.spreadsheet
10oNOa8ajIdqadevtZjGNMI7bmsZC4OmWCQf2YDEcvCw,LOCUS 2021 Project Guidelines,application/vnd.google-apps.document
1tOIlH7zRQ1tvEGmmw-yUibRXFPKgXvCi,LOCUS 2021 Project Guidelines.pdf,application/pdf
1Mvi1qRI8fD4TkXTHW6kgjZIetKArM1oeYTHZCxFNeEU,LOCUS Past Projects with description/objectives,application/vnd.google-apps.spreadsheet
1ikaFfWdYDaP08e5sS5eeoHQpk9CDeQUxBLBULqJ30ZI,Project_Confirmation,application/vnd.google-apps.document
1f7I1oUAZsxtSaPNliMBmGss5k_sICB6R,mentordesignfinal.pdf,application/pdf
15hVg1iijrS2O3i77Im0ZTq-ugYJUFMW6,instructorcerts.pdf,application/pdf
150UCOYdFVQ0ikxJL72Qs_JoqlI3gWDrt,participantcertificates_final.pdf,application/pdf
1xoGbfl_mTLrHP60xIHArQXzYEnTH1zHw,Frame 5.pdf,application/pdf
15hpBklqXwPqsAKZb1e3TzRx34PcNk-qX,edwinstructor.pdf,application/pdf
1WTIK-ErNUmil1Wvjv0hVgj3mpJptX42T,mentoredwf.pdf,application/pdf
1Gsm6GAAUBGjRES40rdqzsxDdGSVEwbF4,Electricalworshop.pdf,application/pdf
1GtnrRFZlBuScpw9n6MOSR4g8QizlSQsi,Frame 4.pdf,application/pdf
1e0CRmbQLx6XT-BjPXSAJcRTPaTwBGtgk,Frame 3.pdf,application/pdf
1Qssgxvyc6Iy8j1z1HXuLLmx8syCcy4Xu,Frame 2.pdf,application/pdf
1ub_kCrQgLCCCCvYC6WSjST4apeW8jn7XOIHfFabO0nY, Call for Electrical Design Workshop: Instructors & Mentors  (Responses),application/vnd.google-apps.spreadsheet
1Kda1kjnLJ_gymwXx2pIXbCUsibWSAjSd,participant1.pdf,application/pdf
1ddPNqkuORJTsVLMP2rh9vPmxZzjQ8NY7,mentor1.pdf,application/pdf
1IiUY-qRq_eb1iFdcWCyDKMwJ_W0czhqy,instructor1.pdf,application/pdf
1M0bK3BH_fDeftkQutIK0qMKLCF7eIpbC,Frame 2.pdf,application/pdf
1sH_mmpj2Fnmig5btq-t5oh1kEhf7Snih,Frame 1.pdf,application/pdf
16fiqnGm77KNchExXDWrwjXkY_T44244w,final_flex.pdf,application/pdf
1elBmn6lXXD_9fesrKtf04AbVTgAumRbx,Conflation_labs.pdf,application/pdf
1hVGNXEnF9nfeVqvEof3rwhibTzJDjX4s,TOL_AI.pdf,application/pdf
1IzUjBo5s6baGtAmmpP4gCOZoPX7oOnmA,2_AI_to _read_blueprints.pdf,application/pdf
1pVML5ZrAagd3iOYXHuVUFbgM0Ys7TtcO,Resume_Checklist.pdf,application/pdf
19Z_WXghTBotECXr8SO_Z-la6lKglYzDH,LinkedIn_Checklist.pdf,application/pdf
1jgaG9xOAmewEZQptBpzPvPkLwzLoVAEc,17.pdf,application/pdf
1WOiCzaigdEaggUH3Xv7Dq0sioWxoJm_2,16.pdf,application/pdf
1JqXyJajixXhMpkdwT2hCsUU3Xk2pflue,15.pdf,application/pdf
1fzMxZtYnWosyWjoyEOXgBMftDsOhAAKh,14.pdf,application/pdf
1zxV8oGCu_Qn2kcTMvNN_ProVqZGWRh0d,13.pdf,application/pdf
1BFj27zq0HridkifqmcuAn-0JhrZIJQQA,12.pdf,application/pdf
1Fng0E7etn-Fm_ExHgQsMh4t6LsIzOGbk,11a.pdf,application/pdf
16qqNybqjzdqzPAsag-dny_A70CDU-Ebc,9.pdf,application/pdf
1T5Tir3QiWkVfkFcrmo_sZ0yQXfsw_8xB,3.pdf,application/pdf
1LD1TktNrJAUnQDN_VpC5slItvGSOhkvg,14a.pdf,application/pdf
1gpq7N0Q3mkHXuUt37rev3bXpzFzc-Xjb,13a.pdf,application/pdf
1TG-JSD-5s___IoiPZPWSwYVIZJu0D0eM,12a.pdf,application/pdf
1loxj76kPKAk1SQctO_SP6P8Dm5VpyeX0,15a.pdf,application/pdf
1V9sUfhfgBMTzVSHepEoIVH6KXFNbM0Xu,24.pdf,application/pdf
1b-kZdK0qASpOETi6YGz-epdRi-w2wzHp,23.pdf,application/pdf
1IK_W_2HumMwCzVYZoKptvp-olheFM8ux,6.pdf,application/pdf
15dmuIrRpP6cvikuTBIuBqeRisOwhh4ks,7.pdf,application/pdf
133UlTCN0cypx6fABFHUuVCzM1UYcfnkL,4.pdf,application/pdf
1LsQlMGBYpnvic3u4FNSmae6iMpz1GL1D,5.pdf,application/pdf
1lPg5SfnIsxfgYeRDFtCnmDAl4ByB9Ip1,11.pdf,application/pdf
1s4e3fIZl9FpLbzp6qrGbAVTCk2s2Oo-o,10.pdf,application/pdf
1-3ZB2r7fOaK3s6EmGR9Slo5ZQ9ghxwZ9,8.pdf,application/pdf
1DgsjPsYF_0fACxP7vGNm0387wW68SZbt,2.pdf,application/pdf
1R7g2cAYiGedHryQcfvq82ObaxwZk87z1,1.pdf,application/pdf
12306M6IlegoX-irisO0qbSRQh2rdl15y,Food sticker.pdf,application/pdf
1LngDhS5zvEYIvokSOqvmHgpmjI-RCjqZ,cover_file.pdf,application/pdf
1nPFKRIGtom3c2usXmkPkDBkFCsCKfh71,square_locus.pdf,application/pdf
1DyxZqT0NCoX3wehx2jmWVJOnStrPNFEn,participants.pdf,application/pdf
1As4qUjAtzpA0KEWxz3A3mTdbtROgrKA1,volunteers.pdf,application/pdf
12N9XiCy4D8S03XqktlyR663KSvpMC9jv,chief_ribbon.pdf,application/pdf
1gGzd0dFnIXMfQBLJdz-AGKJ0gPq6R1kx,judge_ribbon.pdf,application/pdf
134fOvx6m7wwOSBo6cRSfxnUS5edW2uFx,guest_ribbon.pdf,application/pdf
1Oa1jzn-Q18H49Jp77f0cDENjeCT1GOmH,ITONICS x Zerone Advertisement.pdf,application/pdf
1ZhPKQkff7lLm7skP_k7MDELhpla9lZq-,Graph-Based Deep Learning Surrogate Modeling - DIPESH PAUDEL.pdf,application/pdf
1POVxpdTu9ROiyqPfpMldkc58fcJLr1o-,Object_Centric_Editing_of_3d_dynamic_scenes_using_text_prompts - BAIBHAV SINGH.pdf,application/pdf
1pJ-YhcYzLRlv4DpZukjrPHecixAH4OAm,Locus 2026 Presentation - Shubham Kadariya.pdf,application/pdf
1LkKAwowcEPsD7WjwoHh_Afpn5oyEY7lO,SLM_17-4_Final - Romi Adhikari.pdf,application/pdf
1GT5NcP2szK4Lj44kZ2tbHpp_UqIB91o6,main - Nabin Oli.pdf,application/pdf
1yG7RgBzgOkHdH-rDmDzZJ5jm_8HlLNFu,From_Romanized_to_Devanagari_Enhancing_Nepali_Sentiment - Kashish Dhami.pdf,application/pdf
1SA_J3TwnSOz7CcOTWSjbvDTw3tnAa9iw,Auto_wiring - RABIN LAMICHHANE.pdf,application/pdf
1G3VkOdVHHVcyABTI_u9s9albIjCAmjqs,main - Ghanshyam kumar Sharma.tex,text/x-tex
10q0-F2YhhWhiTI3rjPxxgtB0jas2veqq,BetelML_Research_Paper (2) - Ghanshyam kumar Sharma.pdf,application/pdf
17xNR0xVlHLam6-K1Ntkx6l2roUIhZkxz,research_paper-1 - Bishal Neupane.pdf,application/pdf
165cL8JgWS4tQJJELwmipIvyDpb9Zjsc6,Blockchain_Nepal_final - SURAJ KHANAL.pdf,application/pdf
15iC1-QF-FmP-g-wjNwfRGc5axRYKLUTT,NeCCo_Poster - sadikshya ghimire.pdf,application/pdf
1AJq70Y3DOTPJMp1AcFln7G8oHQdePExJ,note - SANKET SHRESTHA.txt,text/plain
1OwTk7X4sxZ5FCuZjx-FEK-1xPlidSUyc,"Evaluating the Reliability of Multimodal
LLMs on Handwritten Nepali Educational
Problems - SANKET SHRESTHA.pdf",application/pdf
1-4ackhby4XOw3tzu7LT_JXqU2hveO5HH,prashant_adhikari_transitpay_poster - Prashant Adhikari.pdf,application/pdf
10-OUG4j7GgBTjEImUouCkJoaIQV7fzQv,Blockchain__Nepal - SURAJ KHANAL.pdf,application/pdf
1hhxEl29gkuoWcYUxPbwhWSLXmcxuNqrZ,BetelML_Poster - Ghanshyam kumar Sharma.pdf,application/pdf
177iwW5DkNih3WgWq-FcX8gxmA5dlDqMW,poster - Ghanshyam kumar Sharma.tex,text/x-tex
1x_h6mTTIZbZXvgv4FT4yStS-1HeFO5CO,research_poster - Bishal Neupane.pdf,application/pdf
1aHqpsKZqAFhHk2SpE71kGbdhw1jpkIl2,research_poster - Bishal Neupane.pdf,application/pdf
12RWEW1dejkM-adxira1ZKn9LvCoEWxhK,Confirmation-Page_copy.Pdf.pdf,application/pdf
1XBhODoVpnKlcfoj_wt1hubtzOMv6aKBr,energy hacathon proposal - SAMRAT MANANDHAR.pdf,application/pdf
13zYLP5LlzVl4zw2bX7GzyHwaEOqpTN-g,Optimized_Buck_Converter_PID_Energy_Efficiency_Proposal - Sanjayalimbu Mabubang.pdf,application/pdf
13dWsWB0Yz6WuSxEHTbWNjjr05sxpiaLz,Proposal Energy Hackathon - Aayusha Budhathoki.pdf,application/pdf
1OUe534gOMzb6dE5MuGOtGSXgy8tumbQ3,ProposaL Report - MAUSHAM SIGDEL.pdf,application/pdf
1kvixCvcBOmXdhj129uvWuU7xPpmy_KrI,BijuliChulo_Proposal - Rohan Singh.pdf,application/pdf
1vK5Lcx-bRZ1YIKNqfrEXMcGMKurKJRub,THIRD YEAR - Ashika Budhathoki.pdf,application/pdf
1NLVyvisQRCuNyl3goJA6pUJW1lKK91FA,Energy_Hackathon_DirectFlow - Sushil kandel.pdf,application/pdf
1lwAh_sCWy7_C1-kz0z7SGct4cAEHQXX3,inbound4064780162104151279 - Ujjwal Acharya.docx,application/vnd.openxmlformats-officedocument.wordprocessingml.document
1x3q6eVf_O6IxjRMRLQHEhvoSxIe06XBX,Pragatisheel_Whispering_Machines_Proposal - NISCHAL NEUPANE.pdf,application/pdf
1GigvXELYTF_uqyRGufJdgzxGdnDQZ1jA,Optimized prediction model for load estimation in Nepal - Nawed Ahmad.docx,application/vnd.openxmlformats-officedocument.wordprocessingml.document
1j5XXJBmPE22qGFBFt7UVuhQlmM3V6Yzd,Grid Twin - Grid Masters - SHREEJAL PARAJULI.pdf,application/pdf
1uG8hElKpWKmMHEq1MxFYk2RTyz5dE_eh,inbound7667316629633391842 - Shlok Neupane.pdf,application/pdf
1QVHuiQpizgKl2-MmofTaGKLu9urfOCLw,PROJECT PROPOSAL_ NEPAL HYDRO-HYDROGEN NEXUS (NH2N) - Bishes Gurung.pdf,application/pdf
1LSVH93Sz_fpaMQ04mK4gp_UiP-Xihmd5,Solar Panel Tilt Angle Optimization - Rajib Mandal.pdf,application/pdf
1dLpb_uXbxYibnrxEvrtfvjA4GCMm2WYo,transformer failure warning - Suman Mishra.pdf,application/pdf
1BlDp_C6gN3MwjuXltybU33czwrNP1uW2,hackathon-proposal_on_AIurjaprahari - Shreeyut Thapa.pdf,application/pdf
1tNEE_cslhkXrra-hNjMH9gp5tuLHxpkqyJB6S0IOvbs,Proposal - Prabin Bashyal,application/vnd.google-apps.document
1SoSdHdxzJvELNCgKu0Vj6kpvaJ9rlbYt,AI proposal - Savyata Dahal.docx,application/vnd.openxmlformats-officedocument.wordprocessingml.document
1Kw2F-fFcUrYqonAKbACIjvaA4NeqGCw-,EnergyPoverty9 - ATEEV MALLICK.pdf,application/pdf
1CC-yCAeqsdAyOvTV-06sxo2gXsvJv0nl,FROM POWER TO AI - Dhiraj.docx,application/vnd.openxmlformats-officedocument.wordprocessingml.document
1Krihw4uaHl9S4rA0P3U7b1tpOX6KfXIb,Energy_Hackathon_Proposal__final_Siddhant_yadav - SIDDHANT YADAV.pdf,application/pdf
1LHSnCwKJ48LWhlQBVM81K03wC6nw6WFp3z2304PJT8I,Recovering Lost Motion: A Kinetic Energy Harvesting Speed Breaker for Self-Powered Road Infrastructure - KABIGYA POKHAREL,application/vnd.google-apps.document
1FAFulEnfhwfpreFV3g4785r4hUsfXC0A,Energy Hackathon Proposa_corrected - Raunak.pdf,application/pdf
1ko3v4cxcfX9F6djJRbS9Fv_KJa1Nmcjt,proposal - Roshan Kumar Sharma.pdf,application/pdf
1hbfdb0jt4F6YdVptETIC-v6ds8so-c5Y,energy - Sambridh Pokharel.pdf,application/pdf
1YmeZPT-hO2p_aHbLVAYmYRduMVWqcr_s,Proposal Report-biochar - Aditya Thakuri.docx,application/vnd.openxmlformats-officedocument.wordprocessingml.document
1G6yIHnRmh7c8Tjzhm4T-yvU6cwTWMLbU,inbound8865311243801372959 - Thaneswor Chaudhary.pdf,application/pdf
1oQyOPQ0dFE6kqc91z2dwl__o7Z6GH6UU,kushal - Lona Mishra.docx,application/vnd.openxmlformats-officedocument.wordprocessingml.document
1oU58U77Rk_TMwgzf4lOqAHHIKq1d5ycq,hamro fuel - Ishu Sharma.docx,application/vnd.openxmlformats-officedocument.wordprocessingml.document
1UfVNyJc8A-XJ-_lSp6thFsLvMLYN1dpB,energy hakathon proposal (1) - Nitish Pandey.docx,application/vnd.openxmlformats-officedocument.wordprocessingml.document
1KqYMgkTlvPsjt_Gzur1Pt7udtilVDKtB,energy_hackathon - MANJIL POUDEL.pdf,application/pdf
154BsSvOGOLevK-C5HJ00-ymmZwCLyDML,Levi_Squad_Energy_Proposal - SHUBHAM RANABHAT.pdf,application/pdf
1G4c44fCI9eocR2GSU296De2y8NbHbuOK,URJA - KANTI MAHOTRA.pdf,application/pdf
1TPAO-klJJrCrWJteIYkqfXH5iy4GBTep,Ant_grid_optimizers - Manasi Thapa.pdf,application/pdf
1fJ9HgcRIuW6ht_Xtb9pIHu8wZjY9fabS,Stabilizing-Renewable-Energy-Based-Microgrids-with-Virtual-Synchronous-Machine.pdf,application/pdf
117BjK9C4a2UkdCzzKJv2WXuCQ2Bkz_Ox,SmartUrjaStrikersProposal - SANGAM GHIMIRE.pdf,application/pdf
15l0ZDnlVxBGIcVJF_SHFca9xvjhtEBmP,PeakShifters - RIYA JHA.docx,application/vnd.openxmlformats-officedocument.wordprocessingml.document
1nZUfyrCKEcZ88FUdlGE8kpcDhUvPcldX,energy hackathon pulchok - Gyanendra Dhami.pdf,application/pdf
1BUvVCCdC7DwmKVhOwWA27qBZWFZyxF60,Project Proposal - PREM RAJ KHADKA.pdf,application/pdf
1fNtE4fASd1Lx0-IK6ayi-d8wMgqG44u9,Grid-Addict proposal - SANDESH BISTA.pdf,application/pdf
1WTgTY8-a4AT-x0U5EC6tQAJLgI6GKQoy,Monitoring_of_Transformer - RAGHAB BASNET.pdf,application/pdf
1Z8m3E9dhqERRlpjFZOUsd3TEbLNXV-hq,AI proposal - Savyata Dahal.docx,application/vnd.openxmlformats-officedocument.wordprocessingml.document
1ar_puxhUzg7B_wg85YUrIJy0K0M8xKJf,Untitled document - Sandip Shrestha.pdf,application/pdf
1cLMwMOT8io33iqpCcS5Tq4PrdR-Q4Kgk,receipt_1769528635008 - Piyush Adhikari.pdf,application/pdf
1F_kWoJn5QnIZbZCxw8uOy68I79DYQLhf,"Transaction_Receipt 25 Jan, 2026 10_49 PM - Abhijit Sapkota.pdf",application/pdf
1DV66JjdvVgrKbxy-8mmQS_wfFaxKHAQa,TransactionReport_585354384 - Sagar Upadhyaya.pdf,application/pdf
1E8mIvLlcwxUYbakKqw7rIvaewfGAUspP,TransactionReport_585352066 - Sagar Upadhyaya.pdf,application/pdf
1L7wmo-WmdOp5yAXvR1yQSaVSc7bRFZOKIgLAHP3uQz8,Missing ,application/vnd.google-apps.spreadsheet
1QhUsAriTqJHLXaQpnhMD65tyEOzYSyx5tXN5rxJQRtk,Certificate List,application/vnd.google-apps.spreadsheet
1rgDeIAlBxmAfOQjDSFTU4sJhPbl5lsVtZ4vkm_gfVUk,LOCUS 2026 Stalls Plan,application/vnd.google-apps.spreadsheet
1sF_8MuEWH74bx3JzPg3eevIAKcsukdBztVx50Y_7v6s,Components Deposit List 2026 (Responses),application/vnd.google-apps.spreadsheet
1C7dlPVbMNcyZKbr42sq7NNNF0eKaxjq0pdQxvRr3y0Q,Components Rent List 2026,application/vnd.google-apps.spreadsheet
1o7Jf3r_7NtlxRUCkIoG0VndRbLgy9mzUj_fTl6k81vA,Shortlisted_project,application/vnd.google-apps.spreadsheet
1kL5Snv3gEEhaxmIqKKTmOm_14CRELq_zV4Ax0J_9Q-I,sample_letter,application/vnd.google-apps.document
1nzUOLIqyfKNWiICuRkSDe9fpjY-CNpJgKg8DBwj17cA,colleges,application/vnd.google-apps.spreadsheet
15oD_nfIebAe4Pxqh01JsKf0lmz5c4r0T1UExHlY9KFw,Letter_Janasewa Secondary School,application/vnd.google-apps.document
1CSyX7cVFL5Jau8oovtNl8rCrabrQC6aVzW3gfAlRwgI,Letter_Adarsha Saula Yubak Secondary School,application/vnd.google-apps.document
1zVEgb7oidr4TOLwuG2_UAlEB-PCdz1nD,Project_Post_Color.pdf,application/pdf
1V5Zu2iqMV65AVEC16F-pye9eVm7Epo8M,Project_Post_BW.pdf,application/pdf
15SgzcvMeTygbvqpg8SOMLYGb90V-1olmP6CUS1mYk9M,Copy of Copy of letterhead_bishal,application/vnd.google-apps.document
1rLpG_NdvzHveFm74yyZeOkQoqGchzOjKR2mV1UhMrMg,Copy of Invitation,application/vnd.google-apps.document
1RwvE5F3JcSQ4vay_ZiMyCW1un3v_TxJmgUOlIOWrMWo,letterhead_bishal,application/vnd.google-apps.document
1LQKezlgPmz15-K4FSRysN41TgOWPte_X,Photoshop workshop  - Neelam Suwal.pdf,application/pdf
1jLiD-TIT4PNTcFgfNGfFrwLztuIZKcbH,A_Multimodal_Machine_Learning_Framework_for_Predictive_Modelling_of_the_Pre_Supernova_Evolutionary_State_of_Betelgeuse__α_Orionis_ (1) - Ghanshyam kumar Sharma.pdf,application/pdf
1k3Yux2vPBcYoCTkrInwjoqp5lYOSwzSi,Pragatisheel EdgeSense Abstract - NISCHAL NEUPANE.pdf,application/pdf
1RFqavNrV5j96FmDfSJ6MWiN0Gxk58Srz,Benchmarking the Robustness of Nepali NLP Models on Far-Western Dialects - Samikshya Dhamala.pdf,application/pdf
1dV0Dyg0Dtq_zhsOzj1jiLcKzjFm0nhhN,Evaluating the Reliability of Multimodal LLMs on Handwritten Nepali Educational Problems - Ayush Dangol.pdf,application/pdf
1dE-7sqBI3lY4PLCoIqqrvoPFxz-7odJ4,EvaluatingVariationinSchoolDropoutRatesinRuralNepal_AStatisticalStudy - Rohan Sah.pdf,application/pdf
1kESiwSlTlcv9EUbTFNFw5esUCHC0IoJF,3 - ANISH TIMALSINA.pdf,application/pdf
1U1FjKRBhebg4zf2iWNCOyMlo5VvdK3A-,inbound4447537018361968492 - SRISHANT DHAKAL.pdf,application/pdf
1hxWUXqN0aRHQYCAOtu_MurqOLoiS6w9a,Feasibility Study of Graph Neural Network Inference on FPGA for Edge Classification - RISHIKESH PAUDEL.pdf,application/pdf
1WuDSR6EuR4OithR3nRRdqyfFYAVRdpV5,Abstract_BlockchainVoting-2 - SURAJ KHANAL.pdf,application/pdf
1PFzGHgfT62yvhR0wUxzqzQ0If4CMsI1C,Shakriya_Abstract_locus - Shakriya Panday.pdf,application/pdf
1H9-B5F2aOP2qIB-4EvhLRQZ9MOxeui5J,Locus_Abstract  - Kashish Dhami.pdf,application/pdf
1pa4-rPuEAqVaPJP2VlYY9u0wtCoHzcU3,abstract_research_sympossim - DINESH SIRMAL.pdf,application/pdf
1JVTEuyQzdt_8tuPuiqkdhyGr2bhD5Ykh,Evaluation of Electrochemical Corrosion in SLM 17 - Romi Adhikari.pdf,application/pdf
1RvtXDHkcKMzzTn0FYY74oLGysJWmRmN1,ManiBench_ Abstract - Nabin Oli.pdf,application/pdf
1rKsbeP_FyeYwPiXygA5xpmDIDn45xSe7,Prashant Adhikari LOCUS - Prashant Adhikari.pdf,application/pdf
1D54a830HE-eFW0I2c9t6aRZNon4dR8Ot,Nepali Cultural Commonsense Benchmark  - sadikshya ghimire.pdf,application/pdf
1gnq2ocJdCm2EdChynreAroXzZQrdc4G5,Abstract_auto_wiring - RABIN LAMICHHANE.pdf,application/pdf
1RZCRRh5h-SkXVzsLBt43bZr36Kmq90rL,llm_hallucination_abstract - Prashant Poudel.pdf,application/pdf
1LmFaqXtZWIf_KtmuRiSqC7z4kDW0eD4k,Abstract_Format - Shubham Kadariya.pdf,application/pdf
1-dKI6zzDv-6PLNacyMKzq3YOtosHhCL7,Airfoil-Hybrid-Abstract-Locus - Dipesh Paudel.pdf,application/pdf
1pl_Cj_EBTbKjaM_KbIEpkgSPWmSxQkGM,locus-symphosium-abstract - DIPESH PAUDEL.pdf,application/pdf
1S5xDcZqyjcq-rVueO2vTMwcAlIED3eCJ,ABSTRACT_4D_EDITING - BAIBHAV SINGH.pdf,application/pdf
11EjcDPS_r0afrODZ_nIry6wq8I8BYTqs,inbound6097940409008536100 - prachi yadav.pdf,application/pdf
1kdtZUVs2Y-xbqxQSORbYa4Ic1FUPXSBO,research_poster_final-2 - Bishal Neupane.pdf,application/pdf
1ZvGpQQx_yvRoTtJ08X8YEk_ceNCc5hPg,BetelML_Research_Paper (2) - Ghanshyam kumar Sharma.pdf,application/pdf
17IEqqQ9m5diCMVCb0LIM2uDWYUXcLm_e,LLM_Hallucinaion_Research_Paper - Prashant Poudel.pdf,application/pdf
1Fz1BfyjTzKqLqJmsbc8S8xUIKcrASVFl,Nitesh-Baniya - NITESH BANIYA.pdf,application/pdf
1PaUVVlFkj4xq33OVP_-cpUgjMgXtS6mD,DOC-20251231-WA0006. - Rubi Adhikari.pdf,application/pdf
1NbVf6ADSoZ4kIsPY6KPntXTKIsRR7ehu,Aakash-Sharma-cv - Sushil Upadhayay.pdf,application/pdf
1g-t9AGGq6aF9yGaD2QOZVcFa9Y4xnqr_,surakshya_resume - Surakshya Chaulagain.pdf,application/pdf
1cYe49Ws9bCqerq9PmPIRdsyKyCmgrBoy,Resume - Ishan (1) - Ishan__Subedi.pdf,application/pdf
1JAxMw_ANXlE3lcUVtZkHwz0R793U5oc1,Janak_Cv - Janak Sapkota.pdf,application/pdf
17VeD9lLrHpbbNJZEjEThDKvTZmTg64dp,Khagendra_s_Resume - khagendra awasthi.pdf,application/pdf
16c_bxWYGnqMn2sAI437GbV3cYL-9QdS5,Khagendra CV - Khagendra Kumar Sharma.pdf,application/pdf
1Jpkz-IoaGsSKRYDJpL4r_gzLZQp6rF3y,inbound232677182261954761 - OM PRAKASH THAKUR.pdf,application/pdf
1PqexAJU7fIygDHeqE4RhX8ahp22mxAAV,Dhan - Dhan bahadur khattri.pdf,application/pdf
1ftuRg7OWK66yU1dV0twGgsK5jp5aW8kL,Resume_AteevMallick - ATEEV MALLICK.pdf,application/pdf
1R0_pvTIe0r6utL3fMmtxP5KkpT0L5p78,Rezume - Ankit Pokhrel.pdf,application/pdf
1V5qtpiir-Kpmv3EGVGYOb9F44ksfrN88,Arpana_cv (2)-1 - ARPANA NEUPANE.pdf,application/pdf
1pxuxDLCQfme0VfFoK0aUAVsw0cxAGk8M,Pragyan_Ghimire_CV _research - Pragyan Ghimire.pdf,application/pdf
1vewA26rmV8Rf1TiLRzYDmAqSGyNETAk2,inbound1620950803156103299 - DEEPAK YADAV.pdf,application/pdf
1962-bammOalqN-z8kjLYviwmRNIbPgIv,Manish Rauniyar - Manish Rauniyar.pdf,application/pdf
1IU3yyaXM1Jt2XkkcbOvi1MPsHBItS3gz,Modern_Simple_CV-2 - PAWAN ADHIKARI.pdf,application/pdf
1lkPyAFFj_PaxsLcgsQaCx2FdK0OgzXlr,Subodh_Joshi_Research_CV - ASAP 3D.pdf,application/pdf
1OShhv3H21SMx494sr32fUiqomz1-HuWr,Bidhya_Bhattarai_CV (1) - Bidhya Bhattarai.pdf,application/pdf
1HouBJkUs5f4uxOisq2QjqJPPaD1xBJrV,my_resume__Copy_ - Dipesh Kadal.pdf,application/pdf
1d70tXkUCEEuS7u5RsMCnHJ0wQJsXEvl3,CV - Dipesh Baral.pdf,application/pdf
1LLiiHJdlLm5aRLuiYhX6Ny4P23LBGreU,jeevan_neupane_cv - Jeevan Neupane.pdf,application/pdf
1Xkq8uChnn7VbMwwlk5Fg9ywEaiJU7ZFx,yuresh cv - yuresh gurung.pdf,application/pdf
1O48iS93VDoZ9xs0NXLOkV8GBhyn74RS_,Kshitiz_cv_mres - Kshitiz Raj Paudyal.pdf,application/pdf
1Ow1zgqsDpC5Y2tEmTYIODFYiYqcbse1d,sangam_paudel_resume_selected - sangam paudel.pdf,application/pdf
1elZTwNan1oqFAh1dPqWBTyhkyRBVsElI,cv - ELISH YADAV.pdf,application/pdf
1M3e6mN3eWEHmZQ5Di2QGZerxOQexqtJQ,CVV - Saroj Panday.pdf,application/pdf
1qOgXU3a54WGayxtOV1j5k2mCeFxnltU_,cv (1) - Roshan Koirala.pdf,application/pdf
1sy2Uh_089uYQWWqN5_YQ7HtNfyyLJ7nB,Smriti_Khanal_Resume1 - SMRITI KHANAL.pdf,application/pdf
1gTV4HnPSF_e7-44RXH6cLVTvxSU4jjaq,saugat1070_Resume - Saugat Giri.pdf,application/pdf
1KBLRihE1hRWw-drQ9ybp9x2EOdUE5hS2,MyResume - Kts Uamine.pdf,application/pdf
1yGp-OtcHTFZ32m--iqXHmB8wVJ8wsWlI,Blue White Minimalist Art Director CV Resume - Aayush Rouniyar.pdf,application/pdf
1B-u6w87Euyb4qIN2UZ8NNhsB_D_DRpF_,cv yuresh - yuresh gurung.pdf,application/pdf
1JQ1sW_wv8vYdpW72Js3PgahgUgnGkI1Z,Mahesh_cv - Mahesh Bhandari.pdf,application/pdf
1fEqb9Yls44Du-f6IhPXBYD2B-9ZBFnPX,LOST_CV - Pawan Adhikari.pdf,application/pdf
1WOB-iAC80bEe_D8ZGy5nIfLiGGjfbcjP,Profile (1) - Shreya Rai.pdf,application/pdf
17VzHk1D5SCsFE1Fabf-xVY5amtqbl3D0,ishanCV - Ishan__Subedi.pdf,application/pdf
1T9b1TeqURVja8xyfSJ7P6B6JXOFNd7iE,Resume_Ashok (1) (1) - Ashok.pdf,application/pdf
1eWEkSYArIxhZk35DcLYYHyJ1ZKPpRFOX,AshishPandeyCV - Ashish Pandey.pdf,application/pdf
1SCH9EAUgZB9F2nFgNPpF1rjovCQ6xQzo,resume_updated - GYANESHWAR SAH.pdf,application/pdf
1eXmaYbMNQNIsDlnLhH78cWyoaEblrCVp,cv_new - Darshan Poudel.pdf,application/pdf
1TFunsH5Qzy4q8fex71XwXFX7xhAEf1gM,ChandishSipaiCV - Chandish Sipai.PDF,application/pdf
199Lxo6fczZzqmGTpqFt25FXIPQiVnDuK,dhan cv - Dhan bahadur khattri.pdf,application/pdf
1dpA8CFN5flkIOPRenLGrWLwoYDodwTnh,inbound605141599777251681 - PARISKAR POUDEL.pdf,application/pdf
1ztW4NxMFlxXPEwBnjlEUqUFAR-p8f_LC,PRAGYAN GHIMIRE_CV - PRAGYAN GHIMIRE.pdf,application/pdf
1-rBYVBGZ5xt6c8HnKWmIxeaX4MMhs_xX,CV - KHAGENDRA NEUPANE.pdf,application/pdf
1pfmaU8_OXGPhinPIHTRrT8paPLxIPsqA,Rishikesh Paudel Normal CV - RISHIKESH PAUDEL.pdf,application/pdf
19eXtgQ3954QNhPwT2d-D7u-nKjG8FxbH,jeevan_neupane - Jeevan Neupane.pdf,application/pdf
1MBsqwXy1gVo86WKlCPICYcZPddZLvglS,Bikram-Adhikari-Resume-CV-2024.pdf - Bikram Adhikari.pdf,application/pdf
1DV-ACzKrGdGa5Nns_tBQ3Qy4bx0gwXVJ,mycv - BINOD PANDEY.pdf,application/pdf
1Fu7pzyMMShaiOlACXttIi64iOI0Bx3Fr,cv - CHAITANYA NANDA GIRI.pdf,application/pdf
1WEkuC13nci11LzHmsWGMylHePnkRloah,sangam_paudel_updated_cv - sangam paudel.pdf,application/pdf
1SpdP7H2ymLsLXyKdRu4_wJQtG1ogDWc5,Resume - ANIL BK.pdf,application/pdf
1Qnotl9eFZj51zSBJlrhDYSHaUJy6oDpK,Utsab_CV (1) - Utsab Dahal.pdf,application/pdf
1UajdWaySemJLrz342R7oTyxUYWi1qWW9,sagarLatestCv - Sagar Regmi.pdf,application/pdf
1L_M_mvXRGa5wpxt4njxiLsVpEQVgmILy,UPDATED_RESUME_BIKASH_C_CPP - Bikash MIshra.pdf,application/pdf
1vXbwVAK02Tl9hD90vJi3lx1hogeTL3Lz,CV - MAUSHAM SIGDEL.pdf,application/pdf
1xB_h1UL9BtEkuCn-rxrA0Mh6_mli6nAq,CV-Saurab-Gyawali - SAURAB GYAWALI.pdf,application/pdf
1cLLSFiVGyoH9PJPkRf6h8XJrd-qbsmfh,Entry Level Tech Professional Resume_20250703_094107_0000 - Bigyan Adhikari.pdf,application/pdf
17bsq2Phgd6jVUAkkFhBPRc8YxqHWgqHa,EkataCv - Akta Raut.pdf,application/pdf
168L0wrNcNvCP1nPCWdyywQcw5N9CfeIp,prince seeds cv (1) - Pricne Parajuli.pdf,application/pdf
1rkqyh3Erc8MfGBLUnGRmEPPG7I1lks0A,Sabin Nayaju-CV - Boruto FF.pdf,application/pdf
1BkDbRzwWOGEzJStEdLps9gjm0zor5x0M,TECHNERGY_CHEQUE.pdf,application/pdf
1EMoOqn0tFzyTsncE_jcSzc44YHJpJ879,Copy of coordinator.pdf,application/pdf
1syPKfqbV-sDvAi36CAneWSLwHZ2gjtQ7,Copy of General.pdf,application/pdf
1T7rFn5J79EH1Z-4mS3fg0Cm4TaWipDpN,Copy of LocusESportsBanner.pdf,application/pdf
1EnX2RVecrgzisB-Eu9iqR_TKP91ZlfMQ,banner_display.pdf,application/pdf
1fti3EAzhp45qPpfYmenXxSV_oxS7ZKRv,big_flex.pdf,application/pdf
1SKK6XOSY3xWaPrmDg3NOAZqxPwPOrc1e,empty.txt,text/plain
1ys75LGFt48y5AdCOLTjQz45g22TbZhUo,"Transaction_Receipt 7 Jan, 2026 10_10 PM (1) - Sujata Karki.pdf",application/pdf
1Jng0j4jwaak6O203c3bXRWX-axp5LsKb,WD_07_2026-01-07_19_40_18 - Pragya Kumari Karn.pdf,application/pdf
1rrCzTMiGLfZWDe5TkxGbl6Vl-I--HDqH,inbound2708791478672707725 - Sunusha Rai.pdf,application/pdf
1h0TvF9HVgsxdwM8d6F9vj8UkvVEoaZOj,eSewa_to_Siddhartha_Bank_Ltd_2026-01-07_2026-01-07_10_49_32 - Prasansha Basnet.pdf,application/pdf
1fb0YfxlFksieje9rHm4381qql6paY6aI,WD_06_2026-01-06_13_43_44 - Grishma Tiwari.pdf,application/pdf
1Ew-Xr2PDfVTRIfgJHDbBlXcPez80cBh1,WD_06_2026-01-06_12_16_49 - SUPRIYA KARKI.pdf,application/pdf
1vrqOu08dqe1Lwz8_mgX_n8OuSh9Tnw2_,17676072461691767607246503 - Sandhya Pant.pdf,application/pdf
1Zu1e1iK9bP0Lu-POV8Mh2PaD0-Uns-_q,inbound353819798157301109 - Prashna Timilsina.pdf,application/pdf
1-tv7Ewoc9boU28dQ-w5WvlHAF--jLn6x,WD_05_2026-01-05_10_24_36 - Sandhya Pant.pdf,application/pdf
1tJUyBPgZ72AMo6myx-r2_H3U3m5hJodf,Receipt - Ichhita Bajracharya.pdf,application/pdf
1FRhx2WCKpxpCJsL2qoEWE6Vfm30dQz5g,"Transaction_Receipt 21 Dec, 2023 07_15 pm (1) - Nikita Kunwor.pdf",application/pdf
1pCmOZR1qQ-tFoKiJAUsOCFfsFR2roeqQ,eSewa_to_Siddhartha_Bank_Ltd_2023-12-21 - Isha B.pdf,application/pdf
17Q4RFbpH-Dz9NCXyfwAHsKHxItrGZ3Rq,receipt_1703144943716 - Je S.pdf,application/pdf
1Zh_Ga_0MpPsMBcu831_VrAuFA0Ue0W75,eSewa_to_Siddhartha_Bank_Ltd_2023-12-21 (8) - Jyoti Adhikari.pdf,application/pdf
1-pb2B4csgTE5GDLYvuh5pecKqUw_J-xq,inbound6477037612799936044 - Praju.pdf,application/pdf
1BiegwFhlb1LA1e1f3kSZOU0oVsC6te8X,inbound8075228860816165428 - Prapti Ghimire.pdf,application/pdf
1AJn3nXRSjMBEiOex-rnt0t8-GkaLH8Wl,inbound4796105158517846462 - Prabigya Kafle.pdf,application/pdf
1GR9kcvIw-NX_LPbnIflyZ2IU0m6EUxkM,inbound5844895458483730995 - Reeya Sharma.pdf,application/pdf
1J6HjId6xOgJf5oLFi-X34lrom8BnHPsh,receipt_1703077992049 - SHREYA SHRESTHA.pdf,application/pdf
1KRwqUp8PfVtaoKnzsOYoULo0uuiEsZzq,"Transaction_Receipt 20 Dec, 2023 06_20 pm - Mamta Sharma.pdf",application/pdf
185CS51zYU4uiW6hYZ8iae8M_ztmtJS1M,Coursera Q5FXCZQU3YE2.pdf,application/pdf
1EFojQIAvNnuHU9cnp08Nni3S6O8fCEUG,Viveka_Health_Half_Page.pdf,application/pdf
1iTMlA7Ix4WVdwxyYFV-On8FMX6Y31VYA,Docsumo ad.pdf,application/pdf
10nYNlAHR3IMhu4dFcSQrBP_SV_HiJfJe,Zerone Magazine Ad.pdf,application/pdf
11ugTHukH21zWRY43FW_1Nzegcm5Eirwa,Programiz_BackCover.pdf,application/pdf
1kp6VN0oB8dwptl91WtSglxfFPwMOA4NB,Broadway_Infosys.pdf,application/pdf
1MvlsIlZDeSqVVg-vsAUowE2CU1ERQCQ6,Hitachi Energy.pdf,application/pdf
1E8XDoyjeOJIJOFYzUxT0Yj0TNJ4cL0Gs,Innovation Partnership.docx,application/vnd.openxmlformats-officedocument.wordprocessingml.document
1lrYU7GH6UyV8IWhSqaDeIhd7jULZsaTw,Food Stall 2024.docx,application/vnd.openxmlformats-officedocument.wordprocessingml.document
1ltC-KaKj84cEbPmjuVPakd_uQBi3Agpf,Media Partnership.docx,application/vnd.openxmlformats-officedocument.wordprocessingml.document
101-xOaPvfs7dOj02YnvqYHApRuwrIY-iE8UQYcQvA1I,Drinks Partner,application/vnd.google-apps.document
1u-GHPhtPPyxxWZOwPyqbRTIYMH6K1lzp,Banking Partnership 2024.docx,application/vnd.openxmlformats-officedocument.wordprocessingml.document
15pif5UnqDGiuF6DbtLWrqU72DKklvVrj,Hospitality Partnership 2024.docx,application/vnd.openxmlformats-officedocument.wordprocessingml.document
1So3pRY1JcoLRBg7jcBD1PGIKjV9lLdqV,syllabus.docx,application/vnd.openxmlformats-officedocument.wordprocessingml.document
1FUkAlC5ymDM5GtTUJFuexeYf7VFXzVO4,Copy of Payment Partnership 2024.docx,application/vnd.openxmlformats-officedocument.wordprocessingml.document
1PKOtWZzO03yQlt3fsPUaC68NkmoLgfwe,IT_Partner.docx,application/vnd.openxmlformats-officedocument.wordprocessingml.document
1mVomM9-yzgXg9tPQ78kVkJUgVHfdwdEc,Payment Partnership 2024.docx,application/vnd.openxmlformats-officedocument.wordprocessingml.document
1aeQsfBdMJDOYUhbwJlDHxP2jW84_OKsF,Internet_Partner_2024.docx,application/vnd.openxmlformats-officedocument.wordprocessingml.document
1PbSj3F_2gaDyEz60PSaD4WUFFlndTT5K,mero_school.docx,application/vnd.openxmlformats-officedocument.wordprocessingml.document
1hv5gJGeanM9bMMqnOPz8Eyn3JeCgXXCP,inbound707858709269552406 - Sandip Adhikari.pdf,application/pdf
1oNyYMjedqmHSVf7hnhJAYFCZRCUKtZcA,TransactionReport-GNN87KG81737479946823 - Shakriya Panday.pdf,application/pdf
1tYio2Bos6osn-69hR0Rsm8ij0RZIUegyyKvGoJEyC1o,Student Contacts of Dhading Nuwakot Rasuwa Schools,application/vnd.google-apps.spreadsheet
1_vbT_gNiaJcwXQXgL8kG1Un9j44qV4Ga,Link to cit photos of schools.docx,application/vnd.openxmlformats-officedocument.wordprocessingml.document
1gSnvvQuCoUHGvKCTQ8nQQThF_HiFC1tL,Team Binaya And Suvekshya.docx,application/vnd.openxmlformats-officedocument.wordprocessingml.document
1dn5e1b6hp_0Hd8jrMCS-Okgg-yOysVnvRpq5U1mh4wE,Brain Tumor Detection with FPGA,application/vnd.google-apps.document
1N3iYr3fkMUytuj2KK25kTxmUrIcm0H2V,NEWSIM.pdf,application/pdf
1WJkDhfeDPKjCSVZW5ra1isCGiinQ-ZC7,Npcs.pdf,application/pdf
1YYIoC8G8c2rZE19kIDi_MIcQVsrkZHav,The-Rossers.pdf,application/pdf
1Z-vKyIz_diMn7K0B3Edz1wc8cdo4QRIJ,Brain Tumor Detection with FPGA.pdf,application/pdf
1yPYpEZFDkXnKQ3lxqB1KN47_OZiplQRA,Pipeline_Pirates.pdf,application/pdf
12yfMniUSPCGGDO33ZggeRazCQes9q3xr,Digital Phoenix .pdf,application/pdf
1-lA3q9SsiKC0owIaQhoLlSQSx7FD-Qe-91tm0pkQVzo,ETW Report,application/vnd.google-apps.document
1-NxTflVao4433IOAhU0QyJF2MmH7JriM,ElectroTech Proposal .docx,application/vnd.openxmlformats-officedocument.wordprocessingml.document
1bSOR2fPi9ZX0_qPIqyFaMKLy1W0Iz1oE,ElectroTech Week_Event Coverage Report.docx,application/vnd.openxmlformats-officedocument.wordprocessingml.document
1rjXUDrs6HkzxkpYuZad6ZzAWeVGfH7jx,Syllabus.docx,application/vnd.openxmlformats-officedocument.wordprocessingml.document
188Dl5qE7yYvoHbdWZTvI75p1PfcMLmAI,ElectroTech Proposal final.pdf,application/pdf
1rnyv8wkIQLuAEE01n2CTBu-SHiAUwiAU,ETW.xlsx,application/vnd.openxmlformats-officedocument.spreadsheetml.sheet
1eY4ciUqeEIzkz8MSIrjwmS34IqrQoKvf,_ElectroTech Week_ MATLAB and PLC_Registration (Responses).xlsx,application/vnd.openxmlformats-officedocument.spreadsheetml.sheet
1nx2uDw3fRsCcVy3ifFnsj47ZwptGhYAR,_ElectroTech Week_ MATLAB and PLC_Registration (Responses).xlsx,application/vnd.openxmlformats-officedocument.spreadsheetml.sheet
1MddxPPIKQP22WL8JYu5LZMHatz9UfJt1,Hardware Fellowship Feedback Form (Responses).xlsx,application/vnd.openxmlformats-officedocument.spreadsheetml.sheet
1keMkm6GGTzaZnm0IILOK1e2WUO5F80PWRPQhJQVnd-0,Hardware_fellowship_2026_expenses,application/vnd.google-apps.spreadsheet
1immgEbjdrSFtpplliLaHyhCRMacd5G4prSE6xUpxLIE,hardware_fellowship_expenses,application/vnd.google-apps.spreadsheet
1u2SBl1sr6h9A3oW90DjQELddwvTlEk5S,Hardware_Fellowship_Syllabus.pdf,application/pdf
1XulCA__97NCubkWBlIvVw-1SXGhSlILJ,MoU_RoboticsClub.docx,application/vnd.openxmlformats-officedocument.wordprocessingml.document
1CLmFn113BpcRqkeUIcVxFAnKTWxdoez7,MoU_TechAxis.docx,application/vnd.openxmlformats-officedocument.wordprocessingml.document
1kuOcFoYgSuhUDOtrlPwyZqsNbcMkZUsa,MoU_YarsaTech.docx,application/vnd.openxmlformats-officedocument.wordprocessingml.document
1hdYTOPUaVRer9iNLS8z5cQMLjE12fucG,MoU_TechKey.docx,application/vnd.openxmlformats-officedocument.wordprocessingml.document
1IC7U2D4gxBl4PmNUUZ1pfYKppTP90rYMilGy1_IooEE,Hardware Fellowship Proposal - 2025,application/vnd.google-apps.document
1Gv1KMlXBULqzfOUhpYee38VERAdMn4r6NQW1BC5A8GA,Hardware Fellowship 2025: Registration (Responses),application/vnd.google-apps.spreadsheet
17LQf9ISMoGQDsrWmzZo6SK-Q8PshrlZbRi5imOYeTGE,Copy of Hardware Fellowship 2025: Registration (Responses),application/vnd.google-apps.spreadsheet
1EMqTx6qM0NASxfruPqr4fQ5_OerpW3hK99NbSue7Byc,Final Hardware Fellowship names,application/vnd.google-apps.spreadsheet
10Ci-vXDQ5_ZcAnwujpQTmBIfkexhb3s-Pj3u1AHjY_4,Student_name_list_state_2_(CIT),application/vnd.google-apps.spreadsheet
1sgPtydAuK0npsYA01YXpzYegFvSxYgNe,Final Report State 2_CIt.docx,application/vnd.openxmlformats-officedocument.wordprocessingml.document
1eAcARuD8h5KAh9mGcjjRhD22yo52yZi5,Final Report State 2_CIt.pdf,application/pdf
1J5VkOlbsklkVSzs44hcL0Efvr8p1yE96dq3QXe4RMxc,Student Name list KTM Valley,application/vnd.google-apps.spreadsheet
1iz4aT_myuTJVZ_9h0k1QlvOzqgh98vYb,lalitpur_students.pdf,application/pdf
1ZubzCufktCtI_qizaXiH2O-d5ZrMzhHN,State_2_student_file.pdf,application/pdf
1bp2bQSXpacsNrnpS8k30GOItUBg_7aMq,pokharitar1.pdf,application/pdf
1RKrWWDb_tw8wkmw8i6n6EArefrh7Y7H0j__riPcgLe4,Itenerary_state_2,application/vnd.google-apps.document
1C1FK9L5GHzEkRlsPcwRk9Lj5yOcrs7ZLSLThYEcJcBA,state_2_cit_school_list,application/vnd.google-apps.spreadsheet
19a-5sIxouUxF4tSR1g9Npi1JS6o46yGoe7lo5dPGQyg,Confirmed School Name in  KTM valley for CIT,application/vnd.google-apps.spreadsheet
1YUiYEgswVK8DKqE4O0Gqeqauhsj2-YVPra237wiRQzk,Software_Fellowship_GiveAway_List,application/vnd.google-apps.document
1AqmU6wmT4PNl8R8IBNRVYbSouh1PULqdqg18G1bwgNQ,LOCUS SOFTWARE FELLOWSHIP STICKER,application/vnd.google-apps.document
1jdlSQvkt1h3JNeg1iY99XEqVQ9rnPIPZnlO0EvG0atI,Untitled spreadsheet,application/vnd.google-apps.spreadsheet
16BLtSo3f0PwyT4td8nIxXQUwdTBU0xyfM0F6XCfEfWQ,Software Fellowship 2025 Registration,application/vnd.google-apps.spreadsheet
12CUb72MYWmAwvblrLhh-cxmC6nbferEH,portfolio - SURAJ BHATTARAI.pdf,application/pdf
1IOV6GIJC-Tr7npwuv3Ea4N7KYIBQZ1rY,Software Fellowship - GARVITA DAS.pdf,application/pdf
1mLew71eAN2tFjWA5MK9W_BfghkUpw1M6,Portfolio - KOMAL KUSHWAHA.docx,application/vnd.openxmlformats-officedocument.wordprocessingml.document
1JW0F8wG1VLM3CoMZwoI-oXyJk-vuR_SM,inbound4569997972605148611 - Bishleshan Paudel.pdf,application/pdf
1008MuswRRaJERxHO24DD84BcJ95gU6mz,inbound1022428192590701801 - BISHWAS GHIMIRE.pdf,application/pdf
1200U6cBoQErhR5DlFwPFfpO0tL6R8LIS,Arduino - Sambridh Pokharel.pdf,application/pdf
1Ec1qCJzWB09z9kkGO3wGOJT_emJh8zmK,EV - Sambridh Pokharel.pdf,application/pdf
1TpysJrX5OiIR_5vHrwUo0gBdxRrZYG3X,Ankita Mittal - ANKITA MITTAL.docx,application/vnd.openxmlformats-officedocument.wordprocessingml.document
1KUl06gcbkZpgRcnS7v3KUuQD2a_gV9m1,Software Fellowship Sponsorship Proposal 2025.docx,application/vnd.openxmlformats-officedocument.wordprocessingml.document
1-SbBWzFk-K4IXz4bov0x6DnZOq0-Z_ME,worldlink_mail1.docx,application/vnd.openxmlformats-officedocument.wordprocessingml.document
1YMQ_S-je0oKviAP2yTqZ2UqVWDhYy_PsqnJR8DJZhnM,"""For eSewa"" Software Fellowship Proposal 2025",application/vnd.google-apps.document
1SerDdbSH1mTl2Hj01skC6ACvBNdXClM5,esewa_sf_email_draft.docx,application/vnd.openxmlformats-officedocument.wordprocessingml.document
17K6Ojq7CDGjZVIJ4KlJTstM6M8L5bH9K,sf_email_draft1.docx,application/vnd.openxmlformats-officedocument.wordprocessingml.document
1KTU3Sp8Xgn6E7N-FlxPJJ5bRVULTztKx,hf_email_draft1.docx,application/vnd.openxmlformats-officedocument.wordprocessingml.document
12reiS5mXtdBJSRMYHUTjG8tyDiw7M89z,leapfrog_sf_email.docx,application/vnd.openxmlformats-officedocument.wordprocessingml.document
1FbHrj_AxVcToA6XR59bMmyt6o9TSNpB3,bajra_sf_email.docx,application/vnd.openxmlformats-officedocument.wordprocessingml.document
1S99bX6EzDScZ2Is4MLLpNWGO4suq-fwj,The Zerone 2025.pdf,application/pdf
1RRcYX8qjV5l_K8TdbhWTOIeSD2PTo_uo,walkathonflex.pdf,application/pdf
13i6JXwNjdFSBIrqfX-UucwhK_kLq5yEE,Part_ID_A4.pdf,application/pdf
1pLN6VxQrgRctkqb45dWVRz7zqCesNkDK,Staff_ID_A4.pdf,application/pdf
1STCe5ez96_g0B9g13k-f9BT7d1JbyIY0,FPGA_RunnerUp_Cheque.pdf,application/pdf
1xlBk5XvxxcO2WX1ICsYPqqvV5ZfUEH0b,FPGA_Winner_Cheque.pdf,application/pdf
1Ac3SGyPRrEb57HLKrIKeV6qGYCSKTzMY,Prospectus LOCUS 2025.pdf,application/pdf
1E45Dn9mwLvBtmtd5gKPstcPah7ewjukO,Jobaxle.pdf,application/pdf
10vq8pQ1pYESp1N4qFgP4X-0zan3Cxv9i,TechAxisFlex.pdf,application/pdf
13onCDYL61tQ3b6rD-ZRjiifubey1tpWz,mf-inst_eng.pdf,application/pdf
1rq5uTY_QwFN840i784bsV4cTThFpLMul,Windows 8_Notice_ENG.pdf,application/pdf
1c2yomqyojakVqN9C1denaVsqiyQXyD1E,vianet-log-white-bg-black.pdf,application/pdf
1DeUyYmRA8VxfV_G_CwNhsDPoGH7Prfw3,LF Logo - CMYK.pdf,application/pdf
1jyb-aD3ot_US5bL8DhuQX9CDUwuDRhrE,THE NEXT LOGO.pdf,application/pdf
17MXaJL1reiXR1hvEFIs8zbapLoAMn9jN,nmb logo.pdf,application/pdf
1Pnj2PuhKdP3ofzFS5cAS8yxLOvFVPdFx,EW Logo.pdf,application/pdf
1eTaUG9wCXodGabYzpOOWhqx52f8NbikK,CAD Instructor.pdf,application/pdf
1qZmj2-tTf25JMlSpDvItxNBdViDRDS6X,Certificate Sponsor List.xlsx,application/vnd.openxmlformats-officedocument.spreadsheetml.sheet
1lVn2y9MFv8aLTCMFhvNlY2kqbk4Jl97V,Sponsors Certificate.pdf,application/pdf
1ngKSgPJK_bMEoDiI1OLXWJ1WCdX6Zm99,Sponsors Certificate Report.txt,text/plain
1_rn4TBfkY6h5RTDvGd-SqQm4v7keQ4H6,Home electrification instructor.pdf,application/pdf
1QAn9BcfpNuFkmqYNBWv5sprwLhfUAdKO,names.csv,text/csv
1m-VI6YSd0Bn0iUc-S8cuUMCgWQ_FUlHW,Electrical Project Mentor.pdf,application/pdf
1fkLENsNmuXE4ygAiiLXvwgVOoih1OCkz,names.csv,text/csv
1uMaG5AyIPbGPK6fBaeN7guiMTrjdC2ZF,CAD Instructor.pdf,application/pdf
1L6ImXWaMKES7cy3KDJZzISTczXjyVgtL,Certificate.pdf,application/pdf
1nxfLwFRQeKkgkvd0OyfdSofXoFw92yo8,names.csv,text/csv
1hBBZkoiN30Td84Tqo30B-W_Ocuhxab5O,Project Competition certificate.pdf,application/pdf
1c19hI1ds0thlyPc9jTMBKpZKtMnjUxVI,Remaning Project Certificates.csv,text/csv
1kYxiKV8CVFicEFmEssmsLr-KQQBYSd9v,Robopop Participation.pdf,application/pdf
1PZbDuDvG07ny3t0amd848vSXVfK_js0j,participants.csv,text/csv
1URp2b5t9IBgHO-ojDIIWjWlPH3FBKyZm,Robowarz Participation.pdf,application/pdf
1OmOniV9kKstn7fPhH7YxQdgFl70I6MzL,participants.csv,text/csv
1JK7emuTAY6PafPnc9w-w3nrW3tYtbM1n,Dronacharya Participation.pdf,application/pdf
1PoEE02rJw2UXGwsO38KwuQ713EhmD4ke,participants.csv,text/csv
11m054Sx4L99mc6QqivAV1cvhVEjcQHnI,Photographer Certificate.pdf,application/pdf
1Q-v_zhFDkcgI49regn9BRoTwA9jIGd-a,names.csv,text/csv
1ASe70NZxQyPxbubfEYzRfQYUO7I3dAhf,The-Zerone-Members-Certificates.pdf,application/pdf
1FK_n4A70rrviIU_g8RNVQmKGJI9Gq8D4,Flashmob Certificate.pdf,application/pdf
1nFO-9zP0Vvvorq32EFB0MSkcUNljBp4U,names.csv,text/csv
1MDDErDz2o3Q194Vo3x1kmjrIcjO0OvzP,Badges 2Q.pdf,application/pdf
1TLyBLPQWvTFJ2NpVod8-A48Vq2P7IrSr,certificate1.pdf,application/pdf
1_QwV3aThRYG7o2dLlqh0TjQAINTyjijb,flex quiz final.pdf,application/pdf
1auAqdUZzxflDm21EVH3J8zjJxNGjq6ek,Vertical Banner.pdf,application/pdf
196kyO8Q0W8zCCkb3y-cgx5OnihUcIapm,IdeaCamp Cover.pdf,application/pdf
1l-4I-SKVmupPWBkCq1gfO1aK4OhWHEcR,IdeaCamp Two.pdf,application/pdf
1dMuXyvdVPrGejuT7hGVItW0eERBS9IaX,IdeaCamp infosession.pdf,application/pdf
1U4dGumS4NGyyZ2rJwb9_2VIvcJQ-8Edy,IdeaCamp calcgen flex print.pdf,application/pdf
1iBHGKivmm9PJwM6TslD5wb8TGy1i7q_u,Gaming_Zone_pdf_Updated.pdf,application/pdf
18aaO1wIPCi8tBVx2sAtrHWuOk0v6MZZk,Locus Gaming Proposal.docx,application/vnd.openxmlformats-officedocument.wordprocessingml.document
1JF5siKRlR7lQ2yz5gkFESOMjvJ2hhaJi,Locus Gaming Proposal.pdf,application/pdf
1yAJ43KxdycXoAmP9b1y1axpciGLPP84j,Flex draft5.pdf,application/pdf
1bpZtPYh1A6mTOOrOksCNvywv47qzkQMw,Flex draft4.pdf,application/pdf
1_WL1srR831jvLoAhY5WLM5bhHAzEiv18,Flex draft 3.1 ('Pulchowk' corrected + Logo size reduced).pdf,application/pdf
1RQ7SVflcOS1Q0AOFVO-I05xOY2NNkc9w,metering.pdf,application/pdf
1Yl3qhPekE_28l6tGYiWey3pGDOR2BYRz,renewable.pdf,application/pdf
1Mi6MpYJ-eJBq-eZohIVM9FpVTtXOM3k2,EFFICIENCY.pdf,application/pdf
1IH6HfhK8O3iW3BhQlVssfcQR3-N8xCC-,mentor certificate.pdf,application/pdf
1VwZ-WzG1CHOUxKR1yfLYKup4WMqqwwaD,certificate54.pdf,application/pdf
1XlNRG4984ElnwcZm8bTK3SfMT2MQNDIw,certificate53.pdf,application/pdf
13P1Oy3r8jMeNo2WXEwmdePXC-XueuTIm,certificate52.pdf,application/pdf
1lzV5TSQt_HWM897KUshgAF5RuwIaSNKb,certificate51.pdf,application/pdf
1M2bRcaAo0umQnHJxN0gU0XxSt1dC4bZW,certificate50.pdf,application/pdf
1cvWDagCzjx1tAPQ34yKIaDeud5gOEBl0,certificate49.pdf,application/pdf
1i63wlPX_j6EvvB22wOAzxWSNQX1pdu42,certificate48.pdf,application/pdf
1DXDGl-MwMNrdWg1w4hBx_RLC8IFBNSFK,certificate47.pdf,application/pdf
1Zi9amxsg_vsTurYAtj_74Tc268nsxXZM,certificate46.pdf,application/pdf
1uymfiol1aW6JfXS5Rs_evoHsykbjN6SB,certificate45.pdf,application/pdf
1IOLijoFz2sMX44HEFAuBYFSxrll6jpje,certificate44.pdf,application/pdf
1hIbupod5FkyKc7QpM4OrYd6D2ww937-W,certificate43.pdf,application/pdf
17RZVzV6m7ySEyCTmLXKRS2NRDn6JMzn5,certificate42.pdf,application/pdf
1EwAZc5D_XCkw96l2NE04pZEungASArGK,certificate41.pdf,application/pdf
1z8vQyRcOnQijihmR5Yeoe1n_ugy_oNZ1,certificate40.pdf,application/pdf
1rbcNasNZOfpBDHJcbJtl7dkiyj8dAgbl,certificate39.pdf,application/pdf
199Na7OEg_hteuj318h2do7Eq1NaAnd4U,certificate38.pdf,application/pdf
1qsRl_pYSRB27ne_sF1NX0RFnsTfDTo_y,certificate37.pdf,application/pdf
1UvjwLZqqFtbnV4GVbGut2RySzm99ZzCM,certificate36.pdf,application/pdf
1tE7D8abRT2ja5LUTLxRLn-WWOrGAS5ns,certificate35.pdf,application/pdf
1uHJMwCXH3qnccmwGmogEZaxAoS-WZANf,certificate34.pdf,application/pdf
1FgYSZPPKvLNPj2MvNEhwuc9zyyNlGQXu,certificate33.pdf,application/pdf
1q_8jBReMowWRLM0JbkUwZL6oKxRdJrlO,certificate32.pdf,application/pdf
1wN9PWniqr3O4Nn4DQ7L7yIqZ3rWE5Ff8,certificate31.pdf,application/pdf
1jA9zzKZk1UZdTHPS9Goxrr1XK-1o1KCn,certificate30.pdf,application/pdf
16rAD0exBI2AkAinpTQ48wQ_zjLs6mGIg,certificate29.pdf,application/pdf
1lUqoJjRaCvavS1AWsIlUBjKTzrAWW22F,certificate28.pdf,application/pdf
1duZ9KBtTpB_NaRgJB8fBNSrYnRd2hH5e,certificate27.pdf,application/pdf
1oNxlVT42R-32I7y1NL4lFDwTEHwS3BUM,certificate26.pdf,application/pdf
1oQ4fOwLyO8HrmNgDbdIY9-xl6RQ1pS62,certificate25.pdf,application/pdf
165dfkCOniv1B1XK6a-3Tp7KmlQUbz1Dt,certificate24.pdf,application/pdf
1eqOerff0gqQE3Yl9qoRrhWG5SawbTjOn,certificate23.pdf,application/pdf
1JM2vEx78qnEGN7NujSvMszbsFFfUT0XI,certificate22.pdf,application/pdf
1Kia6J9kM1EXwm2x9WO_DZu9dS3SD2QxE,certificate21.pdf,application/pdf
1pYdBAMy05_kvQ0OQFhwSa8Snt_6Do2ud,certificate20.pdf,application/pdf
1bANUgNx6cX5ypVYe3GhcRQ6KB-Oy6d0H,certificate19.pdf,application/pdf
15oa6YHb1p1e4VzrlpcoZOjN0UngsWns_,certificate18.pdf,application/pdf
1M9TdqH5GdJDNcTzfCvd5TrvR61gN_ltK,certificate17.pdf,application/pdf
1Vvm5Qi4ilysOkCdzEd4El5e67TUwwTR6,certificate16.pdf,application/pdf
1fcKtuPKXfkB9mtcv5OFfJpxNt9whjf9J,certificate15.pdf,application/pdf
1BhKPGdGmjE4o3UuB72UV2b5JtDxdi7h_,certificate14.pdf,application/pdf
19k3Fiwk36YKKK-IcRhAuwUAFBGNLtLtI,certificate13.pdf,application/pdf
10FOVgIXUzEh9cXPNjXI4i6wicG-0isKP,certificate12.pdf,application/pdf
1RXjVB8CUwUDRgafa3QhIWo7Zn35gmMuM,certificate11.pdf,application/pdf
1pWZ8VYWq0XXMeJzMHNmd5ud62R1P9dTp,certificate10.pdf,application/pdf
1FHflUawPteRBTMRGg8bGXF0joue00Jpq,certificate9.pdf,application/pdf
1VmSalXdkizHMYH8jH0HzuZeDs0Bne8Ti,certificate8.pdf,application/pdf
1WmeKYh63RnHHwelPMWwHE_EkoHhorIli,certificate7.pdf,application/pdf
1XBO0dlTWlYoVRTuqBOesVBDv2K87XSOe,certificate6.pdf,application/pdf
1SAEtMzyQ9u8enQ52BkBE435AOQBLrfW7,certificate5.pdf,application/pdf
1dzLPWJsJohoRDpqxPgoEG8YUsbKKB0tt,certificate4.pdf,application/pdf
1SeWEYkfoAxb3Ivqs3PQjOBmkG9EePjqg,certificate3.pdf,application/pdf
1-LsBkB-XK_XKw9355hI73QTLLUV3Q424,certificate2.pdf,application/pdf
1zd6vFeJTx8h9xT7DAk2KikgPn5hsYw5g,certificate1.pdf,application/pdf
1-_h-HencVAW-j_lQHTTkIKBxGll0PTc_,Volunteer card.pdf,application/pdf
1dy0ga2FF__z1-WE1-W3YBOg9ikqE5RFk,Renewable Energy.pdf,application/pdf
1XaHYFEEPnUEAM4ZJdB9QxgCVsxyIDTSq,Metering and data communication.pdf,application/pdf
1Ps7NZwFzYYD3DxF-OJassSSYTq2hjPkF,energy efficiency.pdf,application/pdf
1XArF1F7x2fz1R0hwZjYyCxwcTCMI946o,Yomari Standing banner.pdf,application/pdf
1ZA2od0V_dlsMheZOjehcq123XFLe-MYF,Participant Cards.pdf,application/pdf
1vAB0yLLSXO6bea_MDDkh6-7SdllbWT2j,Badges G2C.pdf,application/pdf
14uOFTIsjoFRMxwvHhPYT9jS-0EUc5LPP,Print this.pdf,application/pdf
11JlQwSfFuVW_qCDtYIoS9aOhwb0QOxnL,days to go.pdf,application/pdf
1Sp1IV-8OYlBvf3NWksj3nyl6FRO3pwx9,small flex.pdf,application/pdf
1zOEirFije5a5YUQMSqPMwqO05lww8SgK,medium_flex.pdf,application/pdf
1QyyVBBl5OppCVwTwn8S0Zw7UDaNr2Xvc,photobooth.pdf,application/pdf
1406b0ekIAWx8Q7OaoAxvx71lLhkkxFO9,Hack a week vertical Banner 5x2.5.pdf,application/pdf
1wS3idcwwuNTdaFkjkPqnUqglqlvZnMmz,Robowarz_pdf.pdf,application/pdf
1ijLuP_yzGQbV_m-jNj06-wL2I3Qb2Ug8,Dronacharya_pdf.pdf,application/pdf
1DhSsQhgllnX54XfG3y8R98ZlEgd2a-Yv,Robopop_pdf.pdf,application/pdf
1TtcDq6lRKdVntHAua9OCBL8PIN2ZsQ0H,Home Electrification_A4_2.pdf,application/pdf
16Xt8JXE_zpoZOuDR-6BblmPSMClaZPR3,Volunteer certificate.pdf,application/pdf
1gMRH1vhB5Uh6PhsyAGHeOufxrO82CfOG,Volunteer List.csv,text/csv
1y-u7MowW_gS1zPH0Oxyyu8m7FRWMCxZF,Marketing Trainee certificate.pdf,application/pdf
1u3YHzRxKnfbkZ0GJsaGj_Bxe18Fn7_nr,names.csv,text/csv
12cIryRRIc_d6-wLW-FkzODTj-2L1zAXSrW_eGyuAxR0,Event Organizers,application/vnd.google-apps.spreadsheet
1trNglE9wuHLqlS37LlVpMKIcdMewkHrl,Event Organizer Certificate.pdf,application/pdf
14Ztx9AZqJq28n7UZRSHuddFVlPXoAL9A,Designer certificate.pdf,application/pdf
1KneUOp35HmTyCivma6GcC6JfiEiFIt-H,designers.csv,text/csv
1UZ329RlcKC4OpniywfB9hbkabv9NG0KP,Codejam Advance Certificate.pdf,application/pdf
1vTc3kPtsUNOyGF8O6zzc8DZGd8mXIG6S,participants.csv,text/csv
1ryW7aAUDA7LxtVIusmpMTr0evPjqLT4V,Energy-Hackathon-final-report.docx,application/vnd.openxmlformats-officedocument.wordprocessingml.document
1tU6xlhJlkrAqtHHE-WYQd4i29G6oPyCex83LPkfDTSU,Energy-Hackathon-final-report,application/vnd.google-apps.document
1tzoOahtnsueQhZKsg6xJHjEk5d6wkvnx,The-Locus-Scavenger-Hunt.pdf,application/pdf
1fEmeqYCxjmDB2ZnWYRd_TFIm66z1BbPC,Robowarz-converted.pdf,application/pdf
1DwxZuFWnvhx9wKoM7yG-8Nlw5dV-L5mo,robopop.pdf,application/pdf
1WhoNbOqu5Dy8dfUQkKY_0riN8FL61UxK,robopop report.docx,application/vnd.openxmlformats-officedocument.wordprocessingml.document
19OE4Os26q2-QBM_GQ6r3n0TWY8YM2mcp,Energy-Hackathon-final-report-converted.pdf,application/pdf
1UK_UTU_XdPEC8rp5JAi4PIoTmE06TAQX,dronacharya-converted.pdf,application/pdf
1bOi_xaarMP-REhb7QRj2QQBL-t6nVTxY,YomariCodeCamp.pdf,application/pdf
1Nkb1DSxk9XS2AC4eD_9kUwM74Qgv2Nct,Calcgen-IdeaCamp.pdf,application/pdf
15GNdot6P1JOb15CNQ7ufTGMy0fCAAUT5,codejam-report (1).pdf,application/pdf
1V9-28Rd51iOZ8GJSVQLQf1MjhELdLA5THoH-AjEcC38,Introduction Details ,application/vnd.google-apps.spreadsheet
1TCpAVPrAjx1iioDvMR15oz3naXG_OFqT,Campus_Chief.docx,application/vnd.openxmlformats-officedocument.wordprocessingml.document
1uMCGUfrOCKUoOFbd-SImXobDi4dFiWzV,SponsorTemplateEvent.ait,application/pdf
1K7nZEmM2lYCaT3wZKRyJpf9skZJ6yEv5,SponsorTemplate.ait,application/pdf
1IKq7vxsaaUVXRjl1ax6K8nNr__TC0P3G,Horizontal banner.pdf,application/pdf
11QKgvm0uuwR2ykfcOkjFCB8l0ouRxxP0,A4.pdf,application/pdf
1oBe11vZMCfeXT8kmTIbg9yvcLKaEmamo,Vertical banner.pdf,application/pdf
1L6zzxaa4eDHTj3d_1A_vo_t8ODL35sbb5nqQgArJ0XA,4) Industrialize,application/vnd.google-apps.document
1sL63-DXB5EymFFIFgxzQd4mk4Bmvvqi0hTBcdvp0e9w,3) Integrate,application/vnd.google-apps.document
1iGpE9bGJtU4FiXkVzkYN3JdflcrduM0W7MV-cYMBds4,2) Innovate,application/vnd.google-apps.document
1bCQteoXyv51bkKEIxq0XAoNSuFtK_y9DwOJS2QDjcmo,Innovate short version,application/vnd.google-apps.document
1dwjIguREniS2KrWAdXp5J29U8Ac1Q0SL,Copy of LOCUS ThemeDraft.pdf,application/pdf
1vEwpzWXE_Qo9ZzTupIsLJ35M_qBqUG5rz_Qpcgp00_E,1) Industry: An Engineer’s Perspective,application/vnd.google-apps.document
1AqIYZfGJRVPF8Dr3tv5WP3JZmC2Awogw,Quiz_Proposal-min-2021.docx,application/vnd.openxmlformats-officedocument.wordprocessingml.document
1FjiIZ9Dbg7JPXNqYInRgsKYBxSstBgmI,Quiz_Proposal-min-2021.pdf,application/pdf
1o1tJzIjG3xghUBn2thU9MSh-EWJhKI0g,A4.pdf,application/pdf
11LNRoXuFG9eddbn6l6bfrgT7w_pYGc22,License premium.txt,text/plain
1tN9VCEAS6DtLK04pkH7fUjldkTpiC-AX,License free.txt,text/plain
17INHB4rt25jgbBKNaAemCcpF1kAyRKwC,EnergryHackathon Proposal.docx,application/vnd.openxmlformats-officedocument.wordprocessingml.document
1tVgXCpg16yDShlkqHCj3Pq0EnrVFU-Z3,EnergryHackathon Report.docx,application/vnd.openxmlformats-officedocument.wordprocessingml.document
1TwYS3NlBKDx0UE3e9aeRSWlXK46Mwr8c,energy hackathon-draft 1.pdf,application/pdf
1pcUHuAmN3syk95447KwFMwPpCChRQd0G,slogan.txt,text/plain
12R-c7EnglYd5fPQLItE45IPP1de8jzdh-tjhEoGLXBc,Order to follow,application/vnd.google-apps.spreadsheet
1EqyLcw-gQVG6lJiiJfGnuGrgQx92OYUn,CELA_ThirdPartyLogoGuidelines_February2021.pdf,application/pdf
16nVczLLmB1m7b7iUsgsBjyvbvkLndv2v,qr-code(3).svg,text/xml
1_tCfQNe_KW-kTqSw75LSZaLEZ-tsAJx0,qr-code(3).svg,text/xml
1fmvFLRbFvEkXJRX5BYAHQC1RJAEuuNiX,LP_AD.pdf,application/pdf
1YsucgKnQvntluvUNiRiFbb-KfkQv8BSX,Itonics-half-page.pdf,application/pdf
1LlKkTjr-mWbNE017o8GMbGzcax2NpV0c,Locus Spelling fix.pdf,application/pdf
1joQYJYo7qCEMSkrEYxc0lSP_VJHLdFyi,Dolphin Dive Technology Half Page.pdf,application/pdf
14o9raOM6V5qwB0S_NfOpCcm2IMyJUTjA,InspiringLab.pdf,application/pdf
1yc_krWDM5FlrtCAg_qsT2myrcDg2vMt2,Programiz (BACK COVER OUTSIDE).pdf,application/pdf
1dl9tFASpIU6ace4KRiwTaZ1t5AZDPEbA,Bhoos (BACK COVER INSIDE).pdf,application/pdf
1YwgEuj_EmO-D4U5_fj8Yu4FcnLlnTDIK0LMQqxJ0VBc,Zerone Ad specs,application/vnd.google-apps.spreadsheet
1rFpNQzKuL1MWjJ2X16ngRYakn6E2MG8G,Docsumo.pdf,application/pdf
1_59C1csixj2D9ZYrX7E3y5DP2W541FZd,Campus_Chief.docx,application/vnd.openxmlformats-officedocument.wordprocessingml.document
1ARToblxmRkop0usIfAi5SCLNPKqeV-Ji,Certificate.xlsx,application/vnd.openxmlformats-officedocument.spreadsheetml.sheet
1yay1tP5n5Z9GpgvG6HbJTooxygrJM01B,~$Certificates.xlsx,application/vnd.openxmlformats-officedocument.spreadsheetml.sheet
1Uxagsgo_utcESZvCCSlcmy1-w_p91ro4,Certificates.xlsx,application/vnd.openxmlformats-officedocument.spreadsheetml.sheet
1yMmrkVHV87fklnH5k7e7KSvAl5KjEuYc,LogPoint.docx,application/vnd.openxmlformats-officedocument.wordprocessingml.document
1lOgdBPyKD11AMbOLjp9lBpIZPAFp-Aca,~$rtificate - TalkShow.docx,application/vnd.openxmlformats-officedocument.wordprocessingml.document
1AdqclGEiPbgdSm9cBNHWRVOTwzL2IcrU,Proposal Draft4.pdf,application/pdf
1PqJdxgzwhewWTrQkx8vvSlwDvE7mLKsY,Proposal Draft3.pdf,application/pdf
1hJeODTukGNjaSto9Vf4q7btlt6VGfH-e,Proposal Draft2.pdf,application/pdf
1D7lEBhACrV7KRAt0frSQ2P2Qi0SlwGjR,EventList.pdf,application/pdf
10l7_sEsJRmIylyZJvmxmJO-sR2YSVatn,Proposal Draft1.pdf,application/pdf
1ZorkMSL6EbOgfc4dHPjVtOp-3zWPpsFL,JUST_FOR_REF.pdf,application/pdf
1nBF7MEeH1x6DZvrEwTknr69sZjugrgHu,Photographer.pdf,application/pdf
109S2Qu1y0jYuuEoW7lTewlHpQMyuuEs9,Volunteer.pdf,application/pdf
1qv6p-0JoXDPlQV-j8lB768rMNNotIWsn,Artboard 4 copy.pdf,application/pdf
1OpN92NbLFUO-PhnF68B3Us3vSK13sdK9,Artboard 4.pdf,application/pdf
1p-OWsGwuDwVKgPcRfKCapmiUGf4N9byd,Untitled-1.pdf,application/pdf
1qKskwH4X_oIunx2NRc28wxUeZw8moaEAYJGbx-wR6uk,Sponsor certificate,application/vnd.google-apps.spreadsheet
1PDBawbZQvwpQCAEOG-aY6zevvFqqr7YW,Vertical banner.pdf,application/pdf
1G3LCUIA4keLHL3kSZF-3-aikOkBcfhq6,PrintingPermit.pdf,application/pdf
1_XGCii4tBFO4nBHKhpcu750cM1CGcOD4,cithorizontalbanner.pdf,application/pdf
1pLms4uWQY0fj_FONytCU-zB0ULU4Fxlt,citverticalbanner.pdf,application/pdf
1N3cvQWBBJ-z05WEKKSC3Cx4APhGtmhrt,Proposall.pdf,application/pdf
1pzPLP21wRtwDnxELj4RW_91qP_Srn75Q,ProposalCheck.pdf,application/pdf
1IFkYzPj6EZvN9vINkZz8kDhgsxO1KuD4,Correction.pdf,application/pdf
1S9B6KTjCIRhx4CYE80TmD4OSJzsQG0Mo,IdeacampProposal.pdf,application/pdf
1CGarrUoToEuHFqkr1W4sWCjTO4DStYVd,Copy of IdeaCamp Proposal.docx,application/vnd.openxmlformats-officedocument.wordprocessingml.document
1PviAhDuCL0QVhCGFJNogKbD8URPzPDSACrxQeEyllaE,Press Release,application/vnd.google-apps.document
17mXmJCpmp30ELk0j2KiMWK75iqx4AWoi,locusCupFlex.pdf,application/pdf
1JhRvsNxZIcTbNDNKNHKQTn1DMo6Jjt_M,LOCUS Form.pdf,application/pdf
1lIMP1UlZpp70jr9i9BjbtaOMp9bhCoD1,Campus_Chief.docx,application/vnd.openxmlformats-officedocument.wordprocessingml.document
1PDD244-JxmyTJzDjMbjxsUIFFqKzddCG,Content_for_Poster.docx,application/vnd.openxmlformats-officedocument.wordprocessingml.document
1PK2mus5Zd0BtyvQUPMHKWRzrAHLL7Rp4,Locus Colors.txt,text/plain
1gRyke1eBBzjCCHTIAkpjUVCTXyUABYGc,Brand Book.pdf,application/pdf
1fomk3XzkaU9m6geSRvoglJKFy4Top2Cu,Brand Book Report.txt,text/plain
1xdTqiCUPichOxIhxeyzpeypXBGDxZnKH,GIT WORKSHOP.docx,application/vnd.openxmlformats-officedocument.wordprocessingml.document
1bejU3tOZblfNczng3-P6cDohr0fmAFJK,CR11615.pdf,application/pdf
1Sk-tGbWr2f5D9mT3yLm2F6z_ijVglmqa,Winners.pdf,application/pdf
1IowMyDCIi8sA2aJyYMNstJ_vEnrtwtIn,certs.pdf,application/pdf
1Ho0VZ5-q19XgjVgC6TByouHWJrV9HCcP,Photographer.pdf,application/pdf
1ys1qP_gTvJpPh9Dn-ewwknVrSzc1xFo9,Volunteer.pdf,application/pdf
1Cq2aRet-5_9Y0J_FXcB3Fs56ABqYX-V1,coupon.pdf,application/pdf
1-G6uiAMSq_fzWp2cmESVSHACHidOK4Df,LOCUS Cup Merged.pdf,application/pdf
1IoGmdb5-qeZPgkjCbgBhdCjZnoREVonH,EditedSponsors.pdf,application/pdf
1PItzLS8L1QVNvMIchgW-EXBcUIxGOSLxzbm9-dw65-k,Captions,application/vnd.google-apps.document
14UBhYVo03R8nXm4YGDRxbX3iZ_sDqfVgglpu1krzZNY,project_winners_2020,application/vnd.google-apps.spreadsheet
1_rgkVzGYFd5UqXIg02RpocPzpbqCY6n9,sponsorship+zerone.pdf,application/pdf
1ZLdSreOJRZBos1iQ7Nz-klAVz32BPSre,Sponsorship details.pdf,application/pdf
1vAs-iY7AS5ccHvYKAONl0ywR6fnnskTv,Zerone Advertisement Specifics.pdf,application/pdf
15WR6RMC8wmIpgDdhuvgsuFRXdMdY8xLB,Partnership Proposal.pdf,application/pdf
1hh7DRwOT8Utgvft9zT7XAesmMbCJfku48pU-tq4RhlE,MoU_Template,application/vnd.google-apps.document
1D1fRsU2ha1fCbxR9AExlFNwDqQhtIgS2uAFb2q2JD3Q,Community Partners Proposal,application/vnd.google-apps.document
1I97D0EaxHyc96d5C0_q9qA2txu-5i7zGNpSn3GwVq-g,Proposed Events List,application/vnd.google-apps.document
1xelsQL-NNekqkDt4YOE442KmvU8TSjxnAp7R73noGKk,Probable Sponsor List,application/vnd.google-apps.spreadsheet
1-hbuujOGFn_ShcAN_dmhuiL4qbmir_V0p6BQ-pcfJTU,Organizer/Volunteer List,application/vnd.google-apps.spreadsheet
1rZeWxExx0MdPO60V7wE5_ne7INY3HK2d20oYuSd8Zkw,Participant Certificates,application/vnd.google-apps.spreadsheet
1t95bIOYZ19WTmsypPTQ3RDKfzW8mG9FHA3iQjRYEE4o,Invited People,application/vnd.google-apps.spreadsheet
1HhKDMDzkJbMVGdUhQEDRhwQZ-DWY-lvz2akYBwE0hO4,LOCUS 2021 Closing Ceremony Schedule,application/vnd.google-apps.document
1VnLDsJvFHkRWoTugcf3r8UK_rbojGY3wLlh0tDtz3OI,Sponsor Announcements,application/vnd.google-apps.document
1DU0wakPjUY0KITqwHX8wlIXsn_ZG42jaDtMeqzlRMq8,LOCUS 2021 Closing Ceremony Schedule to Guests,application/vnd.google-apps.document
16jwMd51RPZb40GiBA8VD2oG9-eML-DmHHdqn2A8TstA,Winners,application/vnd.google-apps.spreadsheet
1OQFMBXp530_xNp3zHkL2CBnbFwEhCs2GBGGOmE2z0Bo,Namelist-Token-of-love,application/vnd.google-apps.spreadsheet
1xpm3jzVjTUctmfUkIgRB4xlWRc4157tkiMRq-Nl3vrI,Winners+Organizers_Typing,application/vnd.google-apps.spreadsheet
1wpGPTsgYRgY7BJ7HjFKnJtvADOzPUcv2vioBP18XAVI,Typing Event Summary,application/vnd.google-apps.document
1riJk_shXwUGPGiAjWh7iGqp27nF_xkdy,Leaderboard of Bhoos Typing COmpetitiion.xlsx,application/vnd.openxmlformats-officedocument.spreadsheetml.sheet
11NO0vBMzeX_uMADZ-sjtmJzVm2n0gGZ3,Programiz LOCUS 2021 Typing Competition (Responses).xlsx,application/vnd.openxmlformats-officedocument.spreadsheetml.sheet
1koS8Xeuvgz5iRJ425nNUQIFzncxQUQRU,Typing Comp. Group Division.xlsx,application/vnd.openxmlformats-officedocument.spreadsheetml.sheet
1dFv09ed6lNV6xHQ4o-VOiIDdCuc4NEQ2,Programiz LOCUS 2021 Typing Competition (Responses).xlsx,application/vnd.openxmlformats-officedocument.spreadsheetml.sheet
1IPoJCzRDDME33JkCJAXpdwq87fR4iFS6,codejam-proposal.pdf,application/pdf
1Zxme67s3JTqrydwzNA-HekiCPEvo5l1Q,CodeJam Proposal_UPDATED-GS.docx,application/vnd.openxmlformats-officedocument.wordprocessingml.document
1-QE5q15iiOy3oLYjPmoRotIAMFx-kAo_,CodeJam Proposal_UPDATED.docx,application/vnd.openxmlformats-officedocument.wordprocessingml.document
1GWHI5gw4lGNpKHdcJMGngTlOkjGnar26,CodeJam_Proposal.pdf,application/pdf
1yGJLUfD9ff6ikAxJoV7DhcKiq26_BL3yyD41laT0rlA,Codejam Proposal,application/vnd.google-apps.document
1WxQa8GfctZn-TGxCwIe4RY_9IrKtxJro,Hack-a-Week.pdf,application/pdf
1AYMQ4nPeeZyLUlcRhba6UcQ0A84gRy5LAR7oaChOeF0,Questions,application/vnd.google-apps.spreadsheet
1lO4V2A9FY96___nSRW2MWxcr4vXTd_TdTYrFozWKCMI,HFCYG_winners+organizers,application/vnd.google-apps.spreadsheet
1HFVDsmN35GEtu_oeh5e7y3u8vSDlBPCiCxZzbNygJlE,HFCYG Event Summary,application/vnd.google-apps.document
1rR0yGTX9jwX9SO6PeAbJiLADupK_ETiRaMi_PxOMAb8,How Fast Can You Google (Responses),application/vnd.google-apps.spreadsheet
1fyeWtf_9neSaP0EEvLakLTW1T-rdp2K8hy6FyjftFLc,Event Coverage,application/vnd.google-apps.document
1ZSDm4HXdGYTbkRwdoFn72x-h3k8JhkOXEDHljl-bDkw,Obligations for HFCYG,application/vnd.google-apps.document
199CxxpYNYxYcPLZKWoVXqfvZURhh4xPdGgS-_8o0MgY,draft_question,application/vnd.google-apps.document
1B9VujRcFZhNNvzEg91CT7zdGzsApohRvbS4w1fNOvqw,Letter_HFCYG,application/vnd.google-apps.document
1Ni1Rky92s-bqnO4HXjMBdFP41u7ieqAq,Letter_HFCYG.pdf,application/pdf
1UGiRLhEtvCd80w3kgSXH6sAGgVNVMTWF,LOCUS 2021 ROBOWARS RULEBOOK.pdf,application/pdf
1Twh8phTDLfPsWfhR-z1HT1OPZ8Ce8HEi,LOCUS 2021 ROBOWARS RULEBOOK.docx,application/vnd.openxmlformats-officedocument.wordprocessingml.document
1q3jAA2ra3OHw4EeOvZH5Sy9mYQUmMsJs,Robowarz Proposal.docx,application/vnd.openxmlformats-officedocument.wordprocessingml.document
1J4WLj7qJ7MX9-GfMgTnflPnawjhMQA-n,Quiz_Proposal-min-2021.pdf,application/pdf
1zS32kQi_h-uD7_sWS88bRL2fulSQlVGC,Girl To Code Proposal.docx,application/vnd.openxmlformats-officedocument.wordprocessingml.document
1rTJKCh5zMIXRiSv-pqn_pGRX52ZBfL1A,Girl To Code Proposal.docx,application/vnd.openxmlformats-officedocument.wordprocessingml.document
1hxRC8S3WrgOiDNkEFPxk7AdFaO5gPV1FP3ZbS_9PKTY,Copy of g2c,application/vnd.google-apps.document
118uoIvkKOdQ2NUhIc0D84nBf0Ju26FX75XVUu0A-uFs,Untitled document,application/vnd.google-apps.document
1NDmPcdo0Nls_SdyOLLZtvpmtzAmdqM_qDQl47ab7yqQ,Registrations,application/vnd.google-apps.spreadsheet
1UlfxOri_YuSZe-bxAZ6bGMLbOc-V-AVf3QfuCGvneEw,Instructors and Volunteer List,application/vnd.google-apps.spreadsheet
1Z3uftjOkE0DLKRkeUohT869dPCz1IqsK,Components.xlsx,application/vnd.openxmlformats-officedocument.spreadsheetml.sheet
1TJV8O7X3yzKz8NJqSPnSNheGfExDw5IG7sroRiqTO5U,Hardware Fellowship: Registration (Responses),application/vnd.google-apps.spreadsheet
1v7sH682_W1qKc9ESlyuW0htvVPrv3wWTY4KNVPRPJLg,Certificate List: Hardware Fellowship,application/vnd.google-apps.spreadsheet
1GMjKR-ebXadxAvbt2ZB2w3USNFH6TYv8rMhHuAPz2dM,Price List,application/vnd.google-apps.spreadsheet
1pX1eLlCLwCtugS3EK-cJ0UYmQOwf9hyl,component-list.xlsx,application/vnd.openxmlformats-officedocument.spreadsheetml.sheet
1H_P7XMHK1mejKvpVoaOCDgrk1MhGTySNQ--OI0Tg9JQ,Robotics MoU,application/vnd.google-apps.document
1ZyHBLVjtg-fOvsCdL0pt--qGxjPSAsWzO0584HBMRx4,Untitled document,application/vnd.google-apps.document
1uAu00eN5mX5HRDm2jsQuV5ws-t5fFcPls9H_zPSgJ8o,Robotics Club Information Form (Responses),application/vnd.google-apps.spreadsheet
1kk8v6ZtFqH8F3AOK4dopRiiBrZsshOV0,CIT_Proposal_2021.pdf,application/pdf
1yS19zBdE1Yl2SaCNoIO5KTDqdIuccGe9,Codecamp Proposal Final.pdf,application/pdf
1mYyWoTb6e6Yi7UgW34NN6PBg8KELQit4,Codecamp Proposal Updated.docx,application/vnd.openxmlformats-officedocument.wordprocessingml.document
1jGac-mIzcLRk42xtUJbljZs1lXr_O-gVAKwQAuOzjZQ,Codecamp Proposal,application/vnd.google-apps.document
1ELaQ1RFaLd3TR-FGeH24W_MwGkFVQYol,AI Competition Proposal_UPDATED.docx,application/vnd.openxmlformats-officedocument.wordprocessingml.document
1DnDOZE2SCdGHb4CCpJz95aIO9_jbnsAO,AI Competition_Proposal.pdf,application/pdf
1H89aMB0Q15aOUPuXHCZptojojHYAjMQM,AI_front page.pdf,application/pdf
1hn4U7W9HUacmK04HiAlPB-xtrDhxws-rptGYzcSLQG4,Copy of Dronacharya Registration Form (Responses),application/vnd.google-apps.spreadsheet
1Fq4-nslcQ_I9d_cgUln-d1sEa05FcM7b,Dronacharya Proposal.docx,application/vnd.openxmlformats-officedocument.wordprocessingml.document
1MD64LdUP1ZgTG2r_LCxkCdsWGqQvnWCTTZgXt-bnW8M,Locus_cup_proposal_2023,application/vnd.google-apps.document
1XnYu6Y5ApQ-tnYufRwp8gFaLU4Sr8pe0lWe-xm7jm-4,LOCUS CUP Marketing Companies,application/vnd.google-apps.spreadsheet
10Ht8z3p4LxLns61oInc4v-Kvk3a5j3r2Ch15wUpzBnk,Proposal_LOCUSCUP2021,application/vnd.google-apps.document
1TdtGGiSW2qPaza1OgFejA49Y86lXSc0R8rqJ865-JuI,LOCUS CUP FINALISTS,application/vnd.google-apps.document
1T68BGDrU0300DYM3DbvH4k10BRBT4x1L,Proposal_LOCUSCUP2021.pdf,application/pdf
1zKbGSXI5nv31dEcXqZrag5Ig9nwj73d6,LOCUSCup Proposal.docx,application/vnd.openxmlformats-officedocument.wordprocessingml.document
1eGyyuBHcWOOmwmPl_xUO3D5X6gvqZCUU,LOCUSCup Proposal.pdf,application/pdf
1eBS-Rwzye1mplcj9Vv4hgz7lwGEmD2li1BW-B5SpgcY,Proposal,application/vnd.google-apps.document
19YQjI-V5eP4Zz8Rj-QQUWhQSe8-1Hb8yxTt2ZW3JDzo,Theme release schedule,application/vnd.google-apps.document
1SbyoKiqV4KIwF1qVph7fkETJNNXCxo7Sb6TlORBNk-E,Untitled document,application/vnd.google-apps.document
1-FysxHSdE0TWJoWcG988YGqMk8gvvqaP,Theme release schedule.pdf,application/pdf
1rbWqk1Zf3gKijJMP9pEkNQU9UIPla5l34i2_JA9dChI,Probable Schedule for the Theme Release event,application/vnd.google-apps.spreadsheet
13Wtl3JhkK6Zo1xTxNyfXSnesTFlW2Rb9C7uchEtXx24,Theme draft,application/vnd.google-apps.document
1UgM5DiARXWA1-9_akGkvEo0ofrE4Jdp8E5esTkXDbJ0,LOCUS 2021 Project Registration Form (Responses),application/vnd.google-apps.spreadsheet
123diGnZ92Tnce0el2an1pTuGfCYTfoLBX4g1gkNgb9w,LOCUS 2023 Project Guidelines,application/vnd.google-apps.document
1inrGeF2xP8Y9e2igBbwDknyxUaAdEBTo,LOCUS 2023 Project Guidelines.pdf,application/pdf
1X9f015z0AyAfuPRwv9PlJE-uhAFq4hMLiRYxLDwUSZk,Project_Confirmation,application/vnd.google-apps.document
1k00tPuog9Gg3_fmA0HBQpBRfxLbpSbYp4SfvD6bBH_E,LOCUS Past Projects with description/objectives,application/vnd.google-apps.spreadsheet
1pPWbNH6vssHVZEozQWCCW7fCvRr9JJ0ly1NYGEhhdqY,Project with details,application/vnd.google-apps.spreadsheet
1b5QzOf328eyL_HwQ95zMjkB-HB_Z6UNJz6w2pdp6bUE,LOCUS 2021 Project Guidelines,application/vnd.google-apps.document
1oTPFwUzFP-Tyr0DQrGM86MbyuDCfslSShFPzEFnlVOs,locus 2020 projects,application/vnd.google-apps.spreadsheet
1wcii8U8hZFDVprUFed-DojoybFLUaZjF,IdeaCamp_Full.pdf,application/pdf
1r7ty1WDuLQ6p7Afz5dKo7skw3tAwQb0u,IdeaCamp Proposal with pics.pdf,application/pdf
1kCqD31-NsWCQBJX5O2jiB65jz1mpBEa1,IdeaCamp Proposal.docx,application/vnd.openxmlformats-officedocument.wordprocessingml.document
1HkH1bySamzuBrhGM59XHXajN9r6GU9MS,IdeaCamp_Proposal.pdf,application/pdf
1kk7Af8C6GmzIVz1Fj3js4rFff1UWAL8V,Ideacamp_frontpage.pdf,application/pdf
1i9uVRIGOP6PT2rJEtidXBzp-2ZWnVpiE,Copy of Letter Format LOCUS.docx,application/vnd.openxmlformats-officedocument.wordprocessingml.document
1LJvk1KLUqgGWy0ntKPyeEv-l5rMXDEbyqTwzxF9x9kM,Workshop on Quantum Computing review form (Responses),application/vnd.google-apps.spreadsheet
1jeT8-dVsSwCHeemPPXOJ2EjOmDlnOlIszGksbQbd5D8,Workshop-Syllabus-Instructors,application/vnd.google-apps.spreadsheet
12PXoo6BSIQ-v5-JZyI8SU_bfDf7mbDKaGJgVK-niqIQ,QC Workshop Unique ID,application/vnd.google-apps.spreadsheet
10w4UXmRGWMXsFFTEEIInEbB6h_LFrTztdMD80wld_bU,Formal Anouncement,application/vnd.google-apps.document
1SshjS5tjqs7ybdKnT84-_O31Nnyl93Tt,Software_Fellowship_Syllabus_2021.pdf,application/pdf
1qWqPm0Sk7d5YLPUmcVuHDxG1sNHGgwiw8SHTD_Nhkq8,Sponsor Proposal,application/vnd.google-apps.document
13rOhOo-N93i3w9HnPlKbXXnrtRGyH3UEdTrllDsHvK0,Certificate List: Basics of Hardware,application/vnd.google-apps.spreadsheet
1Ilgzp3uEB32ytROIZVBIbXle-wYmP2b_4B4CS5L1APM,Event Summary,application/vnd.google-apps.spreadsheet
1pVrVFgJmdP7dgbk_M7aDEXhHdKEUvmBT,Letter_Talk Shows.pdf,application/pdf
1Bd4Z_ayFvObG_lmAOajY2iq3UHx9SPykE4MTRhpNr5w,Letter_Talk Shows,application/vnd.google-apps.document
1Kzr22959nsYZnoerJlFiiun-NtdTBVhP,MATLAB Day-3 Attendance.csv,application/vnd.ms-excel
1WVWKCxsFok-DGG4Jjx9jt4K0L2iT-gNS,MATLAB Day-5 Attendance.csv,application/vnd.ms-excel
1Wd9zYES83RDWFLKFKDjdk34I1Do5lDLa,MATLAB Day-4 Attendance.csv,application/vnd.ms-excel
1BzBK-BvUirjMonEhUaVf8_iWt-Rw1dCt,MATLAB Day-2 Attendance.csv,application/vnd.ms-excel
1vWOIxy9SCdh4bZSyqdvn82gNQPo3AVck,MATLAB Day-1 Attendance.csv,application/vnd.ms-excel
1sxClSVNdjZoXVmkhPbTmcFRu0fzi-rPjO7sMrou0DMU,Matlab Registration (Responses),application/vnd.google-apps.spreadsheet
10v4GfEgfau2uJKVQ9onhXLzGxxXc4PZP,Matlab Syllabus.pdf,application/pdf
1S7tS3KIIHhSwDr96ZGY2lCu_c9eaOy9Cg4_hoqiZeYU,Matlab Syllabus,application/vnd.google-apps.document
1xcq4KlO7a6urISxpoWCRYGahwW0jiwMn,Git Workshop Assignment Guidelines.pdf,application/pdf
1pu7LZODFJfmkCLwlUeNHxVTuSPjpKysg,Git Workshop.pdf,application/pdf
1fx_n47IPxLW6qYw63VhVqreE7VaOcoMj,github-git-cheat-sheet.pdf,application/pdf
15Hp4e9CRqT8Surr0u4WW6ymqEI7HQCth,Git_Installation_Guide.pdf,application/pdf
1asNj4RGXfJgtapHndRgltBi4DC06BItR,README.pdf,application/pdf
1dMC3zVb4wPmw_CKy05C0DtS8uuf0DkZzTzVc59bV7es,Press Release,application/vnd.google-apps.document
1vcBzEcnt6IwNKLLlhP6kiqqDc8xlla80P4DGfqhegjE,Event Details: RoboCup,application/vnd.google-apps.document
1JULyWQRl-j_9aQTUd29Z8RJOT6loXzma,Basics of Hardware_ Assignment 3.pdf,application/pdf
1IF3XPs3B1hN7qDn8HmwDeXED3mq2hGMe,Basics of Hardware_ Assignment 2.pdf,application/pdf
17pCbTuKJglrKJvNX3NqZq3qlyo2b8djP,Basics of Hardware_ Assignment #1.pdf,application/pdf
1NN2_fhhBF-YPC521b9Sdq-SatqjSM3GR,final-ckt.pdf,application/pdf
1jVed_RKffIih3Pym5zUPZ6PVk2qecGvD,Basics of Hardware_ Assignment 4.pdf,application/pdf
1BqsY6xMlkApd0vEg5lGEwbm6teGyyhro,Basics of Hardware_ Assignment 5.pdf,application/pdf
1RtP7JaLgUz_7dLPx8m6qgErZ2lRZNOERHPf3VfKHexg,Event Details: Hardware Fellowship,application/vnd.google-apps.document
1Klhtd56tj6KpCxi3Pa7Myv_Edx96H5av,component-list.xlsx,application/vnd.openxmlformats-officedocument.spreadsheetml.sheet
1rhlzsyBmr-BSdQxpJIzzj4teAF9WX-eT,LOCUS Form.pdf,application/pdf
1bgksVRPZWbUgmvdNDBlBPT-UQ9sQsj7b-aul-DTSH14,Locus Cup expenses ,application/vnd.google-apps.spreadsheet
1fG0VH_b7-5eeRspgfSEvQc7Unj5g8Z6y143kLvi6Qbs,Expenses,application/vnd.google-apps.spreadsheet
1G-mSbNKanIzXIWZofP8fOkLDvxNNofJGj_kXEZ4pvtY,goal sheet,application/vnd.google-apps.spreadsheet
1hMqraRRptk792PbMcR-NjQP_0OQJAAuF,HFCYG-Final_round_score.pdf,application/pdf
1E4yc-8KS9dZt9hvxPrrXKG6YvrETiCF8,HFCYG-Round-1_score.pdf,application/pdf
11Fh-zmllnDIbaoCNNwn1w_AnDR-m8C0H8CXQj7r14gU,Programiz_Pro,application/vnd.google-apps.spreadsheet
1DqeGmVdk8hZCezBvlxPvz-oslg-yyNLK,Gaming Sponsorship Proposal.pdf,application/pdf
1ReR_pSGnYBU37zaHgO6jCRF4d4l4VgKOtwmfoEVw4pM,Gaming Sponsorship Proposal,application/vnd.google-apps.document
1hUKGpKKc3BmSg3I-K-99rYyi0FVR0sfe,PUBG sponsorship draft.pdf,application/pdf
1E0KNavPHQthlEsf4Gzl6Fq0R7nlB97_PkLjJvWkhJ8I,LOCUS PUBG Rulebook,application/vnd.google-apps.document
1UR_o9ZDtpKREHCjE7sRcw-mqzgEVCSdsHMynm-Kct9U,Gaming Possible Sponsors List,application/vnd.google-apps.spreadsheet
1S6133aGAFnh1j2iRmPra8mXvVmRY_TgI,Banking Details .pdf,application/pdf
179-Id4-2ntiQXj4VeU3X38UIf43iMAPhMoQDxiWpa8E,PUBG sponsorship draft,application/vnd.google-apps.document
1iMnxxtfPHqTyBopy6giSwQSOo0NYJoYFxB4PYga2Sds,Banking Details ,application/vnd.google-apps.document
15UgL9w0o5gwzdqkCisBXqHdpGn_tkFhycVrNKaH57c4,Event Details,application/vnd.google-apps.document
1EfNt5vQ9vlGDfj91vw50m1IYwantT9nul0XNk3BOz78,Interview_Question,application/vnd.google-apps.document
1SMpe7XI0QUM-8nA29-dd0lV3yXP7DvocOshJ-Dt3jAE,LOCUS Minor Project Registration Form (Responses),application/vnd.google-apps.spreadsheet
1_UC82uwWwDw5DkGJLCz0ozZ1KjARkB9i,Send_Money_2026-08-07_2026-08-07_19_23_39 - Bibhu Gautam.pdf,application/pdf
1MKWafViMyQqimnls-oW6O1oHbLPiA5d4,"Bishal chaudhary form deukhuri,dang - Bishal Chaudhary.pdf",application/pdf
128l2K7LjHS0nZjPVbxT39PaiiPfcim4H,Send Money_1786030492.2920098 - MANISH BHUSAL.pdf,application/pdf
1dU7lGfsKoErXts9XGtRCCfZM5NyQnX1N,Documents - Ramesh Bhandari.pdf,application/pdf
1BBSWM4BYm5wE5tvFBU4kJxg8K3-EQFNY,BALTXN_06_2026-08-06_14_50_06 - Khagendra Upadhayay.pdf,application/pdf
1vXPP7Sq0H_4aQRm-WABJ6ka9TrbsGOLB,BALTXN_06_2026-08-06_14_19_15 - Bhola Lama.pdf,application/pdf
1LGwCX0AKDWpOY-zYeWajtiuYj4UzAEQc,1785997255490. - Niraj Phuyal.pdf,application/pdf
1Gh2NvC1qix_wfP7fcsNr0IbP6G0vPbmX,Send_Money_2026-08-06_2026-08-06_08_45_25 - Bibek Rai.pdf,application/pdf
1T71PCOIMfx9VRx6LXnvRC8p20NPY2mDe,registration fee TU Pulchok ven - Subarna Giri.pdf,application/pdf
1lM7RpNdyzUv5jAC6cek5oruwbd4U6-vq,inbound5824975318318288806 - Nitesh Sah.pdf,application/pdf
1g_X50gmEsCuhVFTQ75ee0Ge0YZ7fJBxU,Send Money_1785942013.417311 - Aakash Shrestha.pdf,application/pdf
1ToZ4xhP47nE9pcd8XrmFRGw3Cm6h_won,BALTXN_05_2026-08-05_18_50_04 - Nabin Khatiwada.pdf,application/pdf
1aDJiF7BQ3CnwNKuXm0dXfXGmlPaX5CxT,WD_05_2026-08-05_18_29_26 - pSaroj Ghimire.pdf,application/pdf
1A-JjAFbAfG-upkcABcWNMIfjjiMrl_W8,manish.pdf,application/pdf
1Me9fTUxT0a1JFzYxAPdq7O8P-z4E6Ay-,elina.pdf,application/pdf
1CpRvk3Nuv74J3BROSYLOMC9FslTzE8xC,pragyan.pdf,application/pdf
1SyhLtZ2GBCA484nztnYmr30RaE5KY5Rm,arpana.pdf,application/pdf
1eTkQ9ks7C21PLkIZgK8luP4-VqSDbAK7,nitesh.pdf,application/pdf
1QgXDwVVK03VJziyoRaxa_nQYwjNX4Z1q,surakhsya.pdf,application/pdf
1qISgPnqPYBUYDyIJ-kiEV5z-B48nop4T,divyanshu.pdf,application/pdf
16MmDP7Na9rtEHlVheJTHVgmDki2iC56k,kadal.pdf,application/pdf
1SwR3STevVFCVQ3dXy_KSVmCNO-tuxQQj,janak.pdf,application/pdf
17BWM8Kkr3JrapIUU_CYEpVRZNi-Y5hlV,Aditi.pdf,application/pdf
1iT34BQ56tTv9DF_mpLJwmAyoVdBwY5gv,Deepak.pdf,application/pdf
1VSlak1Oi9q2PZR69wNNpbQBpJvsoqjo3,bidhya.pdf,application/pdf
1zPe9CVs0NuumvhOtyjBiQjR-UFGenyQa,dipesh_baral.pdf,application/pdf
1WJrqw_87o7aPeM-UGRRJvL2u5jFMxALS,jeevan.pdf,application/pdf
1-HGJoCFbTv1oEhWOleSSzSVunk2bAXDi,sangam.pdf,application/pdf
1e0JBvkbHGUEHh5iti1jrDmtZxEOWbeMl,anup.pdf,application/pdf
1wCmZ7zuX9gpeAWHS6wN6-VHL9V3aWUdI,money receipt - Ishant Pandey.pdf,application/pdf
1A5nbLP1PPjN1vgS6e_Oe6pQAwbvXWS3F,registeration - Piyush Adhikari.pdf,application/pdf
1-tvjiIhT6e23usTfA1IcpNe3CtuidvdB,payment_detail - Zenith Kandel.pdf,application/pdf
1EmVimlIDdIIT1D13i8scMpz762DY_9TA,NMB-TRN-RECEIPT-717951-2026-01-28T13_42_43.177 - Arati Dangol.pdf,application/pdf
1LALKYTvhoVqxvlk_jSJj8cbLeUHf9EPM,eSewa_to_Siddhartha_Bank_Ltd_2026-01-27_2026-01-31_12_46_21 - Devraj Pradhan.pdf,application/pdf
14SGTm936nS7X5_iOCHJRfGK8du-guFci,Receipt - SIJAL JHA.pdf,application/pdf
1wF-UFzUlLT2ISaOKwqOepsqopvzZM1RG,TransactionReport_585829617 - SUDIP THARU.pdf,application/pdf
1zE9LT1fnf3byOMWMC75bnQRNgGZDyhgR,NMB-TRN-RECEIPT-717951-2026-01-25T15_18_53.644 - Arati Dangol.pdf,application/pdf
1R8Ny9iD-zlx44SO4urCBXEJPP2IUU_yP,WD_02_2026-01-02_21_39_37_260102_214222 - Aseem Nakarmi.pdf,application/pdf
1kzgVd76KSRkyN-j85qA47BIksmOWEv0_,Send Money_1767203121.736098 - Rimon Kayastha.pdf,application/pdf
1VUN4KrbqVxRRCLK7URlsQqL3cIFHZEBU,BALTXN_29_2025-12-29_10_04_35 - Pujan Shrestha.pdf,application/pdf
1dUpMK81ODpXS51x4SCGaLYxowClkXYck,3e-4_Documentation - Manoj Khatri.pdf,application/pdf
1TPYDi07a7CKRZ-pR_eb1cSY3OHrhLSXa,Team Magnets_Energy Forecasting - Puskar Neupane.pdf,application/pdf
1uwL2QfimijwXuyk6I9SjxQhGPKT6VLIJ,Fantastic_Four_Documentation - Mandip thapa.pdf,application/pdf
1OSrN8BX9AHkw9bEzPmA9UuGqwyJzzPqk,pdf24_images_merged - Anjal Adhikari.pdf,application/pdf
1UZcuco3cfACsVavDS9Ug8aA1ULfF6HDu,The-Invincible_Documentation - Rajendra Baskota.pdf,application/pdf
1jv77gp00-G3PzSgnp47_AjpKDYDOBrYW,Seltung_Documentation - Aayush Puri.pdf,application/pdf
14eUPqdkWEcOJyWYloH2LXeS6PZERG3YU,Fantastic_Four_documentation - Kushal Paudel.pdf,application/pdf
1h2G8m_VO7uqETu9c802UYFf7o9c4BhL5,Praytna_Documentationpdf - Rajendra Acharya.pdf,application/pdf
1KSjmifqZgaNJmQvgvJ__ebBVLFzjurFp,Nansoscopic_Innovators_Documentation - Nishan Adhikari.pdf,application/pdf
1O87v6FKHCiFkF-nb2X7XKojXcUIulWI5,Fantastic_Four - Mejan Lamichhane.pdf,application/pdf
1v-jBymGG7B7ClD07bSURa6ROw1BwAasF,TheCrystalCoders_Documentation (1)_compressed - Khalid C.pdf,application/pdf
1GnNiIWrPlG9iEm_qvCad2EqRh_RjIBMh,WICK_Documentation - NIRMAL RANA.pdf,application/pdf
1rd_Kf-Gu8a-fn-ODCN19hlI2qEkhFTxa,Nanoscpic Innovators_Documentation - Utsav Acharya.pdf,application/pdf
1YjTvXdju9scvnAl9uOPAYN0NYLKUPNJh,Energy_forecasting-Metaminds_compressed - Nadika Poudel.pdf,application/pdf
1MCgkA61NmZIRz1VPk0jcCYsUl5QQY7N6,0.1134-W0R1D_Documentation - Rajat Dulal.pdf,application/pdf
1ec2SGD_TFOVW9jxsFdAmmSJfQ4FJZCFK,Vinergy_Documentation (1)_compressed - Prayag Mane.pdf,application/pdf
1zc3LEFi4U0NRbLqHuKk9_YpfHo-A8haN,Energy_forecasting-Metaminds_compressed - Nadika Poudel.pdf,application/pdf
1o0oPnQRfGGE2W41Rgg0SBoHLBbYhDMrr,ZeroR_Documentation - Pratik Shrestha.pdf,application/pdf
1xp18YFuteMRxQ-qmFAIg8T1MD-M3v7aX,SoftFlow_Documentation - Grishma Rijal.pdf,application/pdf
1wiuWIUivw3y17O4yMAjEPslq_zvwK83U,Robolinedash - Locus Competion builds quality.pdf,application/pdf
1fMon4Xzva2pgiU2PX5f6ECnpySlzJ1w7,SHA256.pdf,application/pdf
158L5czDt3DgGI4ZHedfaO5gDpbb9OtOY,Cifrado.pdf,application/pdf
1cqBHgPqQ-BgiafQp80Fj2vJ-q58DWiTt,Praythna.pdf,application/pdf
1R91lTr6XUHiR4U2eSUX3wgS-S9w-cAA3,Fantastic Four.pdf,application/pdf
11T69Qofh4EY71hlm7MTU9d0Zw5fCh8mC,Flash.pdf,application/pdf
1V7SE1JtGR0oWhvLynC9NpgjNSyxJ80aj,0.1134-W0R1D .pdf,application/pdf
1hYfMk4_rU98N1lzO1Eyafhh9oZAtPyn0,receipt_1705147137199_240113_174410 - Kushal Paudel.pdf,application/pdf
1qyWVSJZ7FAAqJgIOKuht9K1SV_dZIYnU,Hackaweek2024 - PRAGALBHA ACHARYA.pdf,application/pdf
1_GD-Bjx3MUNGlfIw3vaG51pudoXD6Jrq,THE_NOVICE_HACKAWEEK2024 - Samriddhi Karki.pdf,application/pdf
1otvZvn_u_rKIAh0vuwP3kr8Nm3Wruqwt,receipt_1704627892397 - Utsav Shrestha.pdf,application/pdf
1L20vzVQX_P2xZto72LP-nASwmJ0Nhv1Z,eSewa_to_Siddhartha_Bank_Ltd_2024-01-04 - prateek poudel.pdf,application/pdf
1u-9LnCQ5vr5EC8rCQboP4d1ynLcjr6r3,Receipt - Ashok Neupane.pdf,application/pdf
1Hmzt9PKlFYgUxM908-rk1jQBHHXYayN0,inbound6710377795648200325 - Suraj Pariyar.pdf,application/pdf
1juDEWXwmn_coridJW1a2MVRfX-JeF1tQ,eSewa_to_Siddhartha_Bank_Ltd_2023-12-23 - SHLOK DAHAL.pdf,application/pdf
1Jb2qFK7SYvYVHscKwJQ-PjeiXgFGU-Ts,receipt_1703308861703 - Mukesh Yadav.pdf,application/pdf
1wP0kgITdmxTrGbBOG1AU51Svu_vVIhGj,receipt_1703052601448 - nabin shah.pdf,application/pdf
1FQSiOkn9dEWfWl8qFMS1sTtuw2Jm2e1L,receipt_1702868930119 - Ashutosh Pokharel.pdf,application/pdf
13X7Z0-YYhKwRlcFOz3KC4TtGWys_1zoe,inbound3439931818948973607 - Sagar Rokaya.pdf,application/pdf
1_9sPlj-tbqu8rLdZz8y58Z7FJBLo_va2,Anish Kumar singh (9807690390) - Denish Yadav,application/pdf
1fmbtjLRNOs9Ob2aXiHpzvpV5HuIHVTgL,Denish kr yadav  - Denish Yadav,application/pdf
1d4dgqk2ijVjxxTeIKBTtqmSjKaD8Fpso,Receipt - Aadarsha Baidya.pdf,application/pdf
1hf7cQBJgH0Ys8XuwYcrO62bS7pLLt1hk,inbound4152554748815892267 - Ayush Panta.pdf,application/pdf
1NVunYGvSQ8lQuQMOz1uRv8asTE62SU80,transaction_1689514348079_ - best Ranjit.pdf,application/pdf
1YzQVaj-fRZcpndB1z3kSZV49tpY3BSIt,Locus - Bsal Poudel.pdf,application/pdf
10ZQv2p45O3m645zpKMMwIPJlyDIVKfW1,eSewa to Siddhartha Bank Ltd._1689495299.4412699 - Nozomi Giri.pdf,application/pdf
1qjSyXIoNFwB-uYbCXomujvvbkjJUvAhj,receipt_1689485281188 - Salini Jha.pdf,application/pdf
1HQxlomfTSbuA7WWtm46lcjIDImmrrsMN,receipt - N. Sharma.pdf,application/pdf
1TvRZSOBrW-8InW5qbui4hSB9ZdpMa6le,TransactionReport-RHS3XYIN - Masticate Nepali.pdf,application/pdf
1tBO68w9SkfmDpIJ8rLnhIwaHj-DwzHA3,Receipt - Kaushik Raymajhi.pdf,application/pdf
1tZXP1Jh8fQh-hnNnlFcLPMjrweKotfdC,TransactionReport-S3B6UJ4J_copy - Aayush Dev.pdf,application/pdf
1ZXXqOlMG-lX0G67mUt7wQcNRbjh_CAuL,receipt_1689427498464 - Samir Shrestha.pdf,application/pdf
19USE5EJKtclftCxEovjaMN_VUtHkk5jg,inbound8634539396493225100 - Kritim Bista.pdf,application/pdf
1pbVoY2zzOAbsuTmJR3V4qmQoTYFrYvD2,payment_detail (3) - suprem simkhada.pdf,application/pdf
1WPQ0FuEy9-7-TbtS5nKhBNK1LlotSXmB,Sayam pdf - Dusk.pdf,application/pdf
1W5ydyT7PfjiEW4s2M-HWc3Rn5IKDY-YW,NMB-TRN-RECEIPT-365424-2023-07-15T092924.236 - utkristha.pdf,application/pdf
1D2mm_fqN1kz7t5ibVqnTYV7nlQzba2Dt,eSewa_to_Siddhartha_Bank_Ltd_2023-07-15 (1) - Sulav Bharadwaj.pdf,application/pdf
1EKVnDGS04m8ThRZ6Bbg5jYVO26fvfQaj,Screenshot 07-14-2023 22.29 - yubraJ Shahi.pdf,application/pdf
1L5K_o0eKi3b4YZz8xPiUK2GpqBugzNYL,Receipt - Jenisha Shrestha.pdf,application/pdf
1CtwgmPLfFTbN-p1rV8b9JC7R2meKwUr6,eSewa to Siddhartha Bank Ltd._1689263156.562249 - Roshan Pandey.pdf,application/pdf
1z75_CC8BMc46bptrzcHIMfpaA13a_hrn,eSewa_to_Siddhartha_Bank_Ltd_2023-07-13 - Prasham Banepali.pdf,application/pdf
1kiUv4pKcDht4KMIhLaHfixrRch7RVbCN,Receipt - Pranisha Shrestha.pdf,application/pdf
1wblUhb4ye4Z40UTw7kf942mCkz8SyIM9,inbound1813665958062989392 - Ayush lamsal.pdf,application/pdf
1-GOc7OXl-h-vK9CN2rRnzMA768GYMY_w,eSewa_to_Siddhartha_Bank_Ltd_2023-06-22 - Ankoor.pdf,application/pdf
1Z-UEpb7JGXHzJ0eyhj04oucz5utB5Dao,inbound7090136268909833904 - Ayush lamsal.pdf,application/pdf
1WhuLVjhvkwk8vBgGIiFDUytOWBAosUh1,eSewa_to_Siddhartha_Bank_Ltd_2023-06-21-1 - Poco Loco.pdf,application/pdf
1BU9DZ_aqyxkNXRqeZWAORcESa3b0Njty,inbound2286632197433903272 - Aryan Silawal.pdf,application/pdf
1ziNEIWhuPH0ir-Tc-rRALE9AoOELWWv2,payment_detail - Pippy.pdf,application/pdf
1kGmazKAlBDFL0kb5U9nhZ3bTFJSr4TUv,inbound7564768029355090574 - Medusa..pdf,application/pdf
1H_CJ8mecp0yywGW8i_3jI6rPY0hrkc2R,eSewa to Siddhartha Bank Ltd.-1687358440.2684422 - Prachun Shrestha.pdf,application/pdf
1JCsChbEyj2Uyhhs1HLnRFuC9Yf4GlQjl,inbound7946876511210910062 - Suvankar Yadav.pdf,application/pdf
18MtxdU8DIqqDFg76KVl3R59LTw05wp3C,inbound8555158901213276741 - BINU SUWAL.pdf,application/pdf
1aQs5fddWrkkEyHoNhxSmb8ZjLY0lL_HO,Receipt - Samyak Bajra.pdf,application/pdf
1ETGlpA2Ly63MGJsVBdnzTk0u4ZJSdIjy,eSewa to Siddhartha Bank Ltd._1687347412.56441 - Rashika Karmacharya.pdf,application/pdf
1gd6l380PsgTFqOES6e7dQEeAZDtwnsrQ,receipt_1687279751335 - Ayush Jha.pdf,application/pdf
1F4ncE0QGbzTunzgsQiRpa2hyOQVmIAxK,TransactionReport-JYPDOCKN - Xitiz Raj Shrestha.pdf,application/pdf
12pD4XAgSfakZOh7woC8Rj_5847iP6VB7,receipt_1687275322638 - Sujan Bhattarai.pdf,application/pdf
1R7VwFgqHK0an1k0WLoqHXDzVzEJ2WMS-,inbound4009909916726297117 - Sheelu Poudel.pdf,application/pdf
1gaGh0YgDisq4KFrylQfiGUV6wAWFz0yA,TransactionReport-TMEXCBPH - Kanchan Dhamala.pdf,application/pdf
12syL3KYjf9KOOr4GbCM5xo5q_EFf5bF-,eSewa_to_Siddhartha_Bank_Ltd_2023-06-20 - BIRAJ NEUPANE.pdf,application/pdf
1nQXp6M2NjMmn305GlDQtSOGfbypzPvm0,"Transaction_Receipt 20 Jun, 2023 06_27 pm - Piyu Maharjan.pdf",application/pdf
16n0uO9Cm5PuCgXH4t776UY0Uc4v02Tgi,eSewa to Siddhartha Bank Ltd._1687264098.48793 - Kritika Aryal.pdf,application/pdf
1PeiI5KsKsv5qk4dbYikIOIZY-LnDG3QW,receipt_1687264532750 - Suraj Khanal.pdf,application/pdf
1_-aYeRcA6MjcDYaGQU1_3S_0R5BTfO-m,inbound5507571926833013611 - Aayush Maharjan.pdf,application/pdf
1zH822iuJE_kh6krW0YEqVyVcwrRiR3kH,TransactionReport-MBBYOYFC - Kabin Giri.pdf,application/pdf
1XNqArv56H9Y74LFh05OnRybEcZoQ90mT,payment statement - Sadikshya Adhikari.pdf,application/pdf
1gIrJJM2NdBxZtd5xCE_nf3VSozxePpPx,eSewa_to_Siddhartha_Bank_Ltd_2023-06-19 - Samikshya B. Chhetri.pdf,application/pdf
1AB00ZSbtFmqzc1cRzpBLcZB0SNE-Ql8d,PDF Gallery_20230619_205408 - prativa gautam.pdf,application/pdf
16ea_kdDNFBX-2fKBxfhx0IenaaIlyk23,TransactionReport-Z4XOCBQE - UJWAL DAHAL.pdf,application/pdf
1ykvt5A9J43svkUaQTd4xxOmkLIBF6wd5,eSewa_to_Siddhartha_Bank_Ltd_2023-06-19 (1) - Munna Pajiyar.pdf,application/pdf
1fOHjx6sUjeojDmouyWlUzW07T7MhzcNp,eSewa_to_Siddhartha_Bank_Ltd_2023-06-19 - Bijay Singh Saud.pdf,application/pdf
1_EHewYo4Y7N6sny9c09-RUVrZMefZKaY,eSewa_to_Siddhartha_Bank_Ltd_2023-06-19 - Sandhya Pant.pdf,application/pdf
1hE0g49vI09LejxqVqo8WhdAzv_do7JV9,inbound7811663093223563819 - Saisa Tripathi.pdf,application/pdf
1FxbH5vQ8iuf0n-n0C10Q7CCi9clDWyw9,CamScanner 06-19-2023 18.36 - Sadikshya Subedi.pdf,application/pdf
1l90e8bT-UdNXylw7JJ0LtxBSGdgH4OH9,receipt_1687156900006 - Abindra Shakya.pdf,application/pdf
1-GYA_UGgaqlnenOVARlCL4GuWJbW4kTR,TransactionReport-YJMAQJKV - Bijen Shrestha.pdf,application/pdf
1oxSynYcPcAJrXmx0hVod8Kfgs1n_uRMk,receipt_1687156900006 - Abindra Shakya.pdf,application/pdf
1z9BN0A7V7GQyJPghi5YLoJ3J5lH2s0jj,receipt_1687141131834 - SUMIT POUDEL.pdf,application/pdf
1-NqLl8nOQk_umrhC-ZacBLQ7wVC4cOuH,recipt - Ishan Chalise.pdf,application/pdf
1GoKYhHi1fGBeThoUBwT9Ok4Z3g29Qvzz,inbound7377390602577744639 - Anuja Gyawali.pdf,application/pdf
1QJjHPetBTkZOe5c_7dyn2LnRS_OwXK2O,receipt_1687016643995 - Shreyas Acharya.pdf,application/pdf
1nyusK3yleHYnmEDby827tqEWHD5P1n7i,receipt_1686994427495 - Kabita Khanal.pdf,application/pdf
1nKqW6hoz03WVJL63gHfFKWgbELPl-7vI,inbound1897041965081310065 - BIKASH GHIMIRE.pdf,application/pdf
1MTbzc1krM4awiNL76JBiegc_dlRyRlva,eSewa_to_Siddhartha_Bank_Ltd_2023-06-16 (1)_230616_063847 - Jyoti Joshi.pdf,application/pdf
1hkROHoDQaEW2h6dIpDEO1zw3bTlCrjPz,eSewa_to_Siddhartha_Bank_Ltd_2023-06-16_230616_063941 - Trisha Chaudhary.pdf,application/pdf
1SGHWlYWxXERjVHJ-pC2fu5jJcStYnhCj,inbound7521963259407902063 - AAYUSH MISHRA.pdf,application/pdf
1TVa4p6UreQpD0JmuhxHsHHDLi_iMVcFj,PLC_slide (1).pdf,application/pdf
1IcfJIZ8l_e1hyoPFEY7fXT6LmcXmmVaZ,Hydroelectric-Power-Plant.pdf,application/pdf
1RXykjH3mSKVLBPC3kY3Y5lbJCWMgGW8P,inverter.pdf,application/pdf
1Nwb5QBg6joq6Zh-aRLF0ky6N-cZ_SCL_,Busk_Boost_converter.pdf,application/pdf
1FmRup4d_yDwnYL9jM0xyEHU5BHd3yOFj,TechAxis.pdf,application/pdf
1EaK-memhuhVQ9VtGtR8axJNtRvMIsJD2,BroadwayInfosys.pdf,application/pdf
1Ujsmm3Zp8wL6UDu34w6F8M91mcnEfDUW,Ekbana.pdf,application/pdf
1uOz2a2PdEoFLkLzMlF7_hrEMOpDEAcQc,DolphinDive.pdf,application/pdf
1vun249X4D1_EQ4lkFkE4lRf62X_INWhh,Botyards.pdf,application/pdf
1SFyuO4ypwftdH6FJDMcay0Ift8XTpQuy,SecurityPal.pdf,application/pdf
10ET3nObZT14z7BrdMUt2wqhZztFGb-e8,AlternativeTechnology.pdf,application/pdf
1wOWlTJ_b639QvJ16shP-TdLOIQnNyhLz,ebPearls.pdf,application/pdf
1r5lrsogkZjSHUM4ixNNDMDXIFWCKs48K,Jamboree.pdf,application/pdf
1C3I8RT8g2KXlnfzLnZSATTYJ6LfBdXc5,Neek.pdf,application/pdf
19O6Ud_lT7_SxNuPUWfm0FHpL4MIInaxT,ProgressiveLabs.pdf,application/pdf
1U4_hjdi6SSJZueaGTAcYntDoh7F_v_XH,K&A.pdf,application/pdf
1JSIBf0YeRg8oFNB2E6b0PhQ-5QP83C21,Itonics.pdf,application/pdf
1k2Elc3FxUqDl3aHBFNYjgceVlyN-rC1L,careerlink.pdf,application/pdf
1sqQmPSLGwwyla6g9hOV7dwI1YE1YlTkh,Dolphin Dive Logo.pdf,application/pdf
1WRYj4CaQ4lyN4rusuF5u8pGAWTLAeSAJ,Normal White Tshirt.pdf,application/pdf
1EhcWB3s5Km7Htyt_3XQLAFc0XcRu6tkE,Black Flashmob Tshirt.pdf,application/pdf
1u1evis_dt7HSEPrCRqGTtMy6_AoTuHl7,Exec Tshirt.pdf,application/pdf
1aFMols9IERX895RIb6Bcudjb04zZ8-hr,BI HD Logo (1).pdf,application/pdf
1it6HPhIUrl6OVFS_Iwm_0frSVJe9NRqF,TechKey Logo Black.pdf,application/pdf
1zCInsg42Uqc5UGI8rjKuS61nPMSodocP,techkey_logo.pdf,application/pdf
1fHDaOF377_r_gbyX87txQnTDOnUT-fWo,Miari Global Education Logo v2.1 (4) (5) (1).pdf,application/pdf
1m-oNZyfMpX4impZu620rywCydzt80vBo,The Computer Club Vector.pdf,application/pdf
1aXFj-tG9eYDlEylMZCZSgEktJqHCy2_H,K&A Engineering Consulting PC logo.pdf,application/pdf
12O5jPuP7Cnu_N6eBuZbo4mKA-75_XaeM,Dolphin Dive Logo.pdf,application/pdf
1u3YPuYJtaVUGu4OCtWbWQb-7jEjdD8Mi,themedraft.pdf,application/pdf
1QMQ2h6cqKGHam6aNL0zoeuGOFeQWlZtV,Prospectus.pdf,application/pdf
1jRhyHF0Z-3uoFcafXhH43jIVaaiD_McP,Prabhav_Pokharel_certificate.pdf,application/pdf
1VbRArOY12Sk-DIeBbZWM64YSwDQV_CB7,Kabina_Giri_certificate.pdf,application/pdf
1zoKdXZ22sVJveE7hmSg2sSPbK3hpJsMn,Sadikshya_Subedi_certificate.pdf,application/pdf
1fVcpRjoZ3ZDWfMBLUKmxhqn-8DWWszoj,Rita_Panthi_Bitalu_certificate.pdf,application/pdf
1-HfTeQ2NljW5aJEUaKtOpFub2W52ikKp,Aadarsha_Khadka_certificate.pdf,application/pdf
1gYWF37dKq4OeKi-q6GUR6HYuO3E45CXj,Kshitiz_Raj_Paudyal_certificate.pdf,application/pdf
1o_9OrgGFZ-NbUGzgu9mww-PuVI7a6rqt,Thaneshwor_Chaudhary_certificate.pdf,application/pdf
1v7v8gSkmkmaTkAgD6VQLtc1YgUxgkyOI,Prajwol_Subedi_certificate.pdf,application/pdf
1_oUxs9vHORrZejptnMFgSybjxIvJQ502,Anish_Shah_certificate.pdf,application/pdf
1RiCtOK8UrVCNgVNSuUwziOEKi6vlsoB2,Sudip_GC_certificate.pdf,application/pdf
1z5jqyqgPmSSHTAqaeh9OXSoRts4bLz4d,Samridhee_Ghimire_certificate.pdf,application/pdf
1AYoxDf8E2Bgr0tAAoDLxc7TTqNJQXYO-,Sakchhyam_Sharma_certificate.pdf,application/pdf
1AyBd3dzzf658CsjdeZff0ukA5KPFnJje,Anish_Bhattarai_certificate.pdf,application/pdf
1-nkvCZmTOaErCaRJL47-euIfDXk0Pi9F,Abhinab_Shrestha_certificate.pdf,application/pdf
1aN6RqJKTtziOSq3E3nMWC4PsOrmFETvH,Archana_Kumari_Shah_certificate.pdf,application/pdf
1i4ckptt4I4NflCTWyN94XoV0VjC9F1Lq,Priyanka_Jha_certificate.pdf,application/pdf
11azEar606e0vMt8ufhMqgkS6QmO_Y1fG,Shreya_Karna_certificate.pdf,application/pdf
1GvxoecfYIlV10x-c3f3p3bAiDzH5oHvc,Sandip_Sapkota_certificate.pdf,application/pdf
1sL6SKg-ZNSaJCDNvHM4lVPkRtOlZ279U,Ashish_Aryal_certificate.pdf,application/pdf
1oJBh6WPk50jWuScyUXOZh0cwQI7BWkXd,Komal_Adhikari_certificate.pdf,application/pdf
1R-Q9baI3Ad2c5HBEA3dyUqeCyXoOfVKV,Manish_Basnet_certificate.pdf,application/pdf
1lU1fKHrFdC2r_roqrGE2DMOaag2bBpT6,Bidhya_Bhattarai_certificate.pdf,application/pdf
1sSRdl-1DTno1YmiPSPvwfz0fygnta8oC,Jeeni_Shrestha_certificate.pdf,application/pdf
1es0hHj6UYLftFmj4mg-iAtkKbWuR-_oz,Keshav_Raj_Chaudhary_certificate.pdf,application/pdf
1Lwt03fzP65R7HTkMt3ifkAqTZg6xUhBR,Yangchen_Lama_certificate.pdf,application/pdf
1g33PRtHS8Ye1YRj82OZjD88S0hXr8mwK,Prashanta_Rokaya_certificate.pdf,application/pdf
1_jNjmm9-L_qJlBYwt3F8ZYzCeDP40Wwc,Laxmikant_Sapkota_certificate.pdf,application/pdf
1mjPlCIa8hDkCM6agkGJxja40ATQCzH6P,Abi_Shrestha_certificate.pdf,application/pdf
1tJ3Dg1N0nb8rUWWoPPFrbazoHW9reD6M,Shreeya_Tamang_certificate.pdf,application/pdf
1ViwqCFXV9eWLhVKnFnYcFm2nkNRec0iX,Shreya_Rai_certificate.pdf,application/pdf
1nggT1pTv4OxkEGA5LKXTh_cjBlEt7weG,Sugan_Regmi_certificate.pdf,application/pdf
1iXGZ8WmavZBGFTeYPb2jwtjQwcnUoyRf,LOST.pdf,application/pdf
1gVD5vwHn4FE3jh7l-96wux1SxNg0IpLS,EH8.pdf,application/pdf
16Ji_ToJ9wEldpnytHEXyQdpznfs9AVRi,HAW.pdf,application/pdf
1uriSlu28V8VNhJX-2LryJQP0njuuEMeJ,ETW_certificates.pdf,application/pdf
1tlL-ymArVO2eXrBIXhr9EaAzaY0D1iqN,fusemachines_digital guideline_final (1).pdf,application/pdf
17vLT1nX1miN5aXmRBVlr4X5DN1r76BVE,License free.txt,text/plain
1NLpzWbYH9jjlyIAcV-rxAP6iQZ-3QHzd,License premium.txt,text/plain
1mZzu3BKBhk_VPjKMZuK_fK_qQ4JttiC2,Home electrification instructor.pdf,application/pdf
1-YISqNwDLmRLmsibGzN0b-hnznFKVn2q,Template.pdf,application/pdf
1_9_bI433cRa6TTPWXZGL0AgzX-J0XZD7,list_of_participants.csv,text/csv
1S46TbI1PnDB-da08Gs1G_Z90faI08Hot,LOCUS Software Fellowship Certificate.pdf,application/pdf
1FO8ECCz0tkHKfaWdFovabu34DS9CT2nX,LOCUS 2020 Courses Certificate.pdf,application/pdf
1vNndqn526tkLR2JyA349ByyKloJ6MpJ0,names.csv,text/csv
1E2bWDf_Jbr33iSLVcnCArJcQ6oxj2Zxi,Finalists.pdf,application/pdf
1QArZV3IaJYCEKczZzdWURp9nV164gP9g,Template.pdf,application/pdf
1AEKlmPo5v-n-tXn85wSSjHH_9Fhb5uIc,gaming event winners.csv,text/csv
16IfT6Ws2gZ7DKDjR4Yq8keJRvvUmTSxe,Marketing Trainee certificate.pdf,application/pdf
1SS8nqjcb3NGqKumN_hIQtvPxWRsUoDoQ,names.csv,text/csv
1enem-b1QfsogaH11h7zltViIa17_Fj5V,names.csv,text/csv
1htyvPmPjavsN3uVYrCdmBH1xcfLiicYT,Hardware Project Mentor.pdf,application/pdf
1DryOb0Z07thSs7QNq04pR1ELb-qX5mWW,names.csv,text/csv
1im5_RbuOqIgbvyGd_wv-YgiTaROjQPvG,Hardware Fellowship Instructor.pdf,application/pdf
10r2krHCu2hCz-ZkOzr0v7K1qI_2M5pGE,Software Fellowship instructor Certificate.pdf,application/pdf
1N_wb44g4ZHEgdEoncZWcvksEOfo4nNQr,names.csv,text/csv
1F0xiUEmh50CD8P4qq9nqZZGvFfFj1IxFsjw3HAu549M,names,application/vnd.google-apps.spreadsheet
1N4BiCpIQC6L2FQn3YdLiCZRfQqAdGEak,Software Project Mentor.pdf,application/pdf
1rGJVZwXBAhJrswu8g-K7JzquUrYkTN-x,Ideacamp cheque.pdf,application/pdf
14vAKe9SJK_r2Kd0ofnLfnqZj-3qJKaVO,Volunteer Card.pdf,application/pdf
14m-2WrHS1si94fHhG3GhgIWztF3l03ze,Participant Card.pdf,application/pdf
1n8YqAZ9zQL7y3P3KkMuw1qPIn6C3ww6y,Emcee Card.pdf,application/pdf
1ySCjwiw_iHtc4ykssIonPA93G0J_-Lzb,Draft 13.2.1 (added 'From' to manage alignment + minor adjustment).pdf,application/pdf
1W40HQKi1k6lpb5RpfNDizBKELxVXLa-l,Draft 13.2 (added 'From' to manage alignment).pdf,application/pdf
1Gqh0Q1dA1C1B6Wys3yiyVpR0xDxzo7ID,Draft 13.1.pdf,application/pdf
1UE73h_VpCzYSzx5aipOZexuy32yP0Dgx,Draft 13.pdf,application/pdf
1ju095O7TvbnlmCE2UZHE0M-dJglX-0fk,Draft 11.pdf,application/pdf
1zjyVuc0SWUZPnMkjwxqmHCqw6qHEpek5,Draft 9.pdf,application/pdf
13C3FOn3MZnWwox0FubPFBazBNyb7twqJ,Draft 10.pdf,application/pdf
1-MFwvu_2JC0sqjdstt8wfbFB_rIfhJmT,Draft 3.pdf,application/pdf
1tPglx9ej3RkTCMUOTCH8ZQS5ETSDoiD0,Draft 4.pdf,application/pdf
12JixCId-np8h4d2h7wQJQZ2cPSruKMyp,Draft 1.1.pdf,application/pdf
1HfeVFHZy4Y9QpMX5QAG7Y4mjzPYlPTFV,Draft 1.pdf,application/pdf
1cuXK8yuILyYBTrhTK0pOt3gi4H28VWs0,Health and Digital Wellbeing.pdf,application/pdf
1ggbXUxBdUcnDOG7O711DxCVkW9exhA6i,Tourism.pdf,application/pdf
1LSR07I25Yj7Zskmb4Gq05s3TIw3iwonY,Sustainable Cities.pdf,application/pdf
1V1Vya1lJK2AV-5nF3wRfFhzF44KrdvrP,Volunteer Card.pdf,application/pdf
1sbKySUh56FPN7fp-RLbIIXp8lGWSQMR4,Participant Card.pdf,application/pdf
1VXjDsS0kp7G4tUYjZdR_6_v64aGv70mJ,License premium.txt,text/plain
1tibYtcasE1hHp3onbsNwlxhGACdUESM9,License free.txt,text/plain
1IQc_b8WF496Z_Bjrv9EprLi2Ji5na_lO,License premium.txt,text/plain
1x-cu79Sd0fm1km7FmkV91J37f_GzEHVk,License free.txt,text/plain
1EOat9kvVV1XhdkzNsFymSH0TGL8ezuld,License premium.txt,text/plain
19qxZJuAYL1_BSQG-h65wGdjdvooI7SLX,License free.txt,text/plain
1gqjIInEnLAT6mUX0WjrQCFztvaJMSKyk,PratikJungKarkiStXaviers.pdf,application/pdf
11Ru1_edFMtLrMr5wjHpNItHyzqWz1Sdw,SujanKharelThapathali.pdf,application/pdf
1fDfg4gSgu5wjmwWQQkt4wr44yZL39a12,PreetySitikhuKathford.pdf,application/pdf
1WgBShF2YC6JRARMt6Tm1IDTKVNGXeZ0L,NiranjanGyawaliSagarmatha.pdf,application/pdf
1s--YCErUoP2t0P2Kf1yA-jVuE6nNcTQj,NareshBhattaKathmandu.pdf,application/pdf
1Y8xzrnnT3HoL-H5nSkUn5dHZDGT-4oyj,AlokGiriKantipur.pdf,application/pdf
1hRZDCc4WELVhJEtubWUcrk-koJNmi-8L,SusanAdhikariHimalaya.pdf,application/pdf
1QGunGJ2hiwya1Kj2TgQwyqx8EGBdXhj4,SunilSimkhadaKhwopa.pdf,application/pdf
1gkhzkwLzbMqVDy-Xfc2gquHif7jwI16f,SundarNeupaneAdvance.pdf,application/pdf
1CpNA1jKd5MXPYfVhYdnJjY9XUOtxS58r,nmb logo.pdf,application/pdf
1DrKdsnMxvMh7TRN3MZKphIUVx-vhRCsH,EW Logo.pdf,application/pdf
1y7lKomDagM59qq7liRLeIYcZMhBGBKFI,vianet-log-white-bg-black.pdf,application/pdf
1lD4TqArd2l88q2DUTBqlfGYiNcR6YtKa,THE NEXT LOGO.pdf,application/pdf
10aaTHcQC70b7qAu2tW-rI4DTsqczq1GV,LF Logo - CMYK.pdf,application/pdf
1_Wh_0IDb0n3bOxaRxfT5nTTPfxYxhDC4,Abinash1-min.pdf,application/pdf
1Jn-Cl6Rek4g4e7RlR_YyjWrhRuPWD9x3,Rishav1-min.pdf,application/pdf
18euYAeGKeHwz9mGzlo0rl0LQdW_MuKtd,Asim1-min.pdf,application/pdf
12_aQmjn4pZw0a7u-1_9LS1B_6uWEOWYa,Prashant1-min.pdf,application/pdf
1h0RzR1EgeXEjs8TQSVitRaDjDrY7Cp-X,Saju1-min.pdf,application/pdf
1RdT3Nbj2cm0KnqTEbZG3I7OI_25tRcov,Aasman1-min.pdf,application/pdf
19h5oG-fXpyFt-1g3C6GEkLVnq-0n11sN,Love1-min.pdf,application/pdf
1bYipsuAvYbzRhTvkeV5ill-OrQa4nOCB,Pawan1-min.pdf,application/pdf
1U5iOSSD_pKFvFHHJk0n0-p53j8nhBB2q,ghanashyam-min.pdf,application/pdf
1N3yfWi9lF5wABn3VcPLV9QWoRTNopyCb,finaltokenforAll.pdf,application/pdf
1YpFaByVgjR5L-qm_CURa8aAREys0CQbs,Purushottam-min.pdf,application/pdf
1JuGMR0mF-PhbAf6W9IunFjFWcAqS3xnf,shree-min.pdf,application/pdf
1yIsiLu4-QYslGQIAd_y9f9JKHPD6CfgT,shovit-min.pdf,application/pdf
1q5jwVBgN-UES1H-ZBafZ6luAHVNzAFEv,aman-min.pdf,application/pdf
1piWakjW0SZYGb19qt4RwEVKfiT2vCW-g,kamal-min.pdf,application/pdf
1SQ61WcLbeTHfZSV6SNc7wHVvg8yNTMYJ,dibakar-min.pdf,application/pdf
1kmygm9UZRxy-2Vwn8ZyRWMNQ9LfignoZ,oat-min.pdf,application/pdf
1b-IvDvQGTIM7qxudTxp3d9DXXlXgStD2,BookletCheck.pdf,application/pdf
1sPojrAzsyVm9InZwjBJxriABN5PNYDFy,Booklet.pdf,application/pdf
1hPrbETF1zGXivypha3jG4L5bXcMi9CKp,locusBhushita.pdf,application/pdf
1aDxErtq0Org3UazMnCNKwVSCMGdEKqLt,locusNayan-min.pdf,application/pdf
1qOAu7rrzRtGhXXCr1Vvt3Kr_Ga20NXCN,locusSanjeev-min.pdf,application/pdf
1kIfz6ml1QnFwNmSHhyuZRoQcqI-VsS9g,locusShishir-min.pdf,application/pdf
1cEi_UjJanE4MKPMw7dsnKW2IvCpxfupH,locusDhruba-min.pdf,application/pdf
1Q2d82lxTjzzrmr-JtcOdCNrBvCcYkMfr,Shiva-min.pdf,application/pdf
1QcmDOj_C_59liCookirC-JIiBOvNbO-U,Susmita-min.pdf,application/pdf
138HLB_MkVVSxzjqhHWjDYIyKKjwIiqTm,EnergryHackathon Proposal.pdf,application/pdf
1sRTq3XftV9jNNMrKdn1S6MoUpK-UIEuN,3959340.ai,application/pdf
1-M_xOhK4zDvAHOMBZUE122I1Lm3V4yM6,License premium.txt,text/plain
1Rlf14DTae3y3muGlJ8KK2rSO5IEFN2sM,Certificate - HackaWeek.docx,application/vnd.openxmlformats-officedocument.wordprocessingml.document
17LI0ZWHLgvzUNJ1P1YXgGzwokv3U5dhJ,Certificate - Software_Fellowship_Organizer.docx,application/vnd.openxmlformats-officedocument.wordprocessingml.document
12XBaXx2oySsUtnqsJDCr10oHapoSHPsQ,Certificate - Energy_Hackathon_Organizer.docx,application/vnd.openxmlformats-officedocument.wordprocessingml.document
1TY3fjYIDThCe1mFNDc01qyDj07GP9fCa,Certificate - HackaWeekVolunteers.docx,application/vnd.openxmlformats-officedocument.wordprocessingml.document
1icU26WZ4L05dEOJB4QgTLDDa662OyKJm,Certificate - TalkShow.docx,application/vnd.openxmlformats-officedocument.wordprocessingml.document
1eAIpRlqW6n74za-Z0KqRBhown0H-dB0m,Certificate - LCSW_Participation.docx,application/vnd.openxmlformats-officedocument.wordprocessingml.document
1mdUikUGBqV4tguEZnANR46C2V1z_7dMD,Certificate - EnergyHackathonO.docx,application/vnd.openxmlformats-officedocument.wordprocessingml.document
1tvNAiaNePk3lgoDmRpvhb2c8kiGLab0W,Certificate - H-A-W_Organizers_Blank.docx,application/vnd.openxmlformats-officedocument.wordprocessingml.document
1l12mPpgw0v4G3OHcM9nR7DOF-Gl3HC-1,Certificate - Software.docx,application/vnd.openxmlformats-officedocument.wordprocessingml.document
1HIhkxLPDcFoboZ-NWQ5mevDG3ypLqwnp,Certificate - AUTOCAD.docx,application/vnd.openxmlformats-officedocument.wordprocessingml.document
1MOTOx_T8nUg8v2wkkomBjavxmDDglsfq,Certificate - LogpointCSW_Organizers.docx,application/vnd.openxmlformats-officedocument.wordprocessingml.document
1Tbn__Rz5bdZ43iHDF-bKhA8Wksf1BPuS,Certificate - LOCUS_Cup_Organizers.docx,application/vnd.openxmlformats-officedocument.wordprocessingml.document
1EfEz8b_tdpxLoboFhgfKweJX1CHHqM9c,Certificate - HFCYG_Winners.docx,application/vnd.openxmlformats-officedocument.wordprocessingml.document
1tAPFhzXsTp8odHatQMrWqlFZ3X8NVR0f,Certificate - Matlab.docx,application/vnd.openxmlformats-officedocument.wordprocessingml.document
1jsdOg62nEdLrRC7ely7RY21VdXYHYO3y,Certificate - PUBG_Organizers.docx,application/vnd.openxmlformats-officedocument.wordprocessingml.document
1bS-2ug-Io31INOSD83JlEtwbkX2XokFG,Certificate - Quantum_Computing.docx,application/vnd.openxmlformats-officedocument.wordprocessingml.document
17kzAI-JoL3RM403UDcy6pwnlf919bUcM,Certificate - BoHO.docx,application/vnd.openxmlformats-officedocument.wordprocessingml.document
1sCA57LKPPUVk3SwuWs8GQ-bkD_C8h-AE,Certificate - HackaWeekMentors.docx,application/vnd.openxmlformats-officedocument.wordprocessingml.document
1K1DmiLjAGFJ59JKX-huzHB5xtHZaYsTT,Certificate - Basics_Of_Hardware.docx,application/vnd.openxmlformats-officedocument.wordprocessingml.document
1cdZlo0E7ieUiR2QvXJ5mDWykSy8xg9-r,Certificate - DataRushO.docx,application/vnd.openxmlformats-officedocument.wordprocessingml.document
1JyGZNNgeXucocujQ-mMaOn8Ui7GOazCH,Certificate - CodeJamOrganizers.docx,application/vnd.openxmlformats-officedocument.wordprocessingml.document
11eIqBiiYGg9R9prg69Yutw25SSkuRbhR,Certificate - BhoosTypingCompetition_Organizers2.docx,application/vnd.openxmlformats-officedocument.wordprocessingml.document
1DDIAfQue8KVEFjMm6IAR3gGwP5E9xL7m,Certificate - BTCWinners.docx,application/vnd.openxmlformats-officedocument.wordprocessingml.document
1Ia2vwuxe3a2KzC1Y2Sq6oAUA81D7pgaT,Certificate - LCGF_Organizer.docx,application/vnd.openxmlformats-officedocument.wordprocessingml.document
1B1-of7Vq2v658Kl5HDmp31Cl8GxkXLsd,Certificate - Creatives.docx,application/vnd.openxmlformats-officedocument.wordprocessingml.document
1cU8rghz2aeTYZg4JQCGiFtqNTTTRpK6w,Certificate - H-A-W_Mentors_Blank.docx,application/vnd.openxmlformats-officedocument.wordprocessingml.document
1_bEOJw-4-G9sIEzeUQiIDbH01-F5qg_Y,Certificate - GitP.docx,application/vnd.openxmlformats-officedocument.wordprocessingml.document
1kspAOtlOqhjgHmqoemnRe02-2ZIYBupM,Certificate - HWOrg.docx,application/vnd.openxmlformats-officedocument.wordprocessingml.document
1b35OSoZ30-Kip6-gUTsfLSZeagEiRQnB,Certificate - HFCYG.docx,application/vnd.openxmlformats-officedocument.wordprocessingml.document
1bh9G-NZ_Q3qw4KSlpS0DHE3is6iPUOA4,Certificate - Hardware.docx,application/vnd.openxmlformats-officedocument.wordprocessingml.document
1g95MG80dq12V8Uug0sgn3kMDUP8KApYu,Certificate - HardwareFellowshipOrganizer.docx,application/vnd.openxmlformats-officedocument.wordprocessingml.document
1-AbVrmCW6YVSTNS083fWQOK47BMrUV6E,Certificate - Proteus.docx,application/vnd.openxmlformats-officedocument.wordprocessingml.document
1kfA1Va6rOjBfCuAD73w0xs4o7Ys-JzRr,Certificate - HFCYG_Organizer.docx,application/vnd.openxmlformats-officedocument.wordprocessingml.document
1GE_9Gs6mnII6Quu2BzX_D5HHT_ibEn-w,Certificate - LCGF_Blank.docx,application/vnd.openxmlformats-officedocument.wordprocessingml.document
1MwJD9q3Mb9mF-7Clsdpi1ulARGTvnSHv,Certificate - GitWorkshop_Organizer.docx,application/vnd.openxmlformats-officedocument.wordprocessingml.document
1TF3QzJhareOqNYve2gTtbXITzBJTf2Jy,Certificate - EnergyHackathon_Winners.docx,application/vnd.openxmlformats-officedocument.wordprocessingml.document
1cOuVktHyvou3DSEEkbbePoEJa2WKaa0_,Winner.docx,application/vnd.openxmlformats-officedocument.wordprocessingml.document
1KxFSaVwIwh0EJnq9YQ9BgTtVLlN4zywy,Participation.docx,application/vnd.openxmlformats-officedocument.wordprocessingml.document
14xkLosCzBMCoBm8ESzOm4ZOvaoA9C7Vv,TeamTemplate.docx,application/vnd.openxmlformats-officedocument.wordprocessingml.document
1xBGCXE_M_COHjZKvK3UJZsbrDiLU3yUu,LOCUS Cup Merged.pdf,application/pdf
1ERD2ZHrU8kBTY3G3Ay7a908i9SOXnt95,MergedCommunityPartner.pdf,application/pdf
1Uw1iwekMxl1ADxSz1Q7f7vpkfHGLlrYt,CR_Combined.pdf,application/pdf
1ivDXxA2EM1Aa3r1q4wV02-_rSfNud6kR,EditedSponsors.pdf,application/pdf
19pruiAfQkgZ7l4f0orcKsBT_HLVS4rez,Cert_DataRushP13633.pdf,application/pdf
1duHyBPlW2NaBXnQDIRc7HkXMNLOS_Pea,Cert_DataRushP13613.pdf,application/pdf
1znEOY4SD-NLB8rgvt6_OvN-3q7s4XEWT,Cert_DataRushP13620.pdf,application/pdf
189BS6sRm0o95ihOPlCSzuDjkHb25fYWy,Cert_DataRushW188.pdf,application/pdf
1AxIgFlMyexHNxqEZDBpY-uaqJeWz4azL,Cert_DataRushW182.pdf,application/pdf
1-9FKFWr5IGuSrH4WIPvAzaxG0ltxC-5k,Cert_DataRushP13635.pdf,application/pdf
1F_9SNicawvI4p9pvThhXmsjbkmkpAO2G,Cert_DataRushP13621.pdf,application/pdf
1Xk7hkjizcTbFeShYtgrzSpZlVdOcPM9v,Cert_DataRushP13629.pdf,application/pdf
1i41xRAnQopfLbqlBWVIv98VVEL2Y82dN,Cert_DataRushP13624.pdf,application/pdf
1tTvkpT5RjbBR4IKmSMyqzWTnQsXFC9KK,Cert_DataRushP13630.pdf,application/pdf
1RQwU7HBNnWxqz4ZY2z1PtF-b4d2XcYnm,Cert_DataRushW183.pdf,application/pdf
1w3UzbzOxXM7cxdImVuYTEhzvuiq4Lj7j,Cert_DataRushW181.pdf,application/pdf
1VqPI6btk5uyzJeW_rAe1bqDp8FN_GK4q,Cert_DataRushP13628.pdf,application/pdf
18rCIJXXWPZxCMkuLmLM_Fd5M2TrYLZFB,Cert_DataRushW186.pdf,application/pdf
1m3AHwbfcmcUpSMTaZYPbwPH_IXvcCk2m,Cert_DataRushP13626.pdf,application/pdf
1tzb_SEM0h3p65LcwmhqY_r_wCBzajBCA,Cert_DataRushP13614.pdf,application/pdf
1CjEqhe7ouEQxjalDPCHJAK3WTEhMwtUl,Cert_DataRushP13634.pdf,application/pdf
1aBXDP-5TCe6mkyiAdENlrcbp2BTLz9Ed,Cert_DataRushP13622.pdf,application/pdf
1l7GqYhxdX-VVQL3kYpYIGC7MjHsZvX_7,Cert_DataRushP13618.pdf,application/pdf
1O0mxOzaDvYTnpxBmZoQda2Lge0QWkVoe,Cert_DataRushP13625.pdf,application/pdf
1paNuMeOqUmWM17ZWcyaaXKtaXDEHtk8Y,Cert_DataRushP13615.pdf,application/pdf
1sIwSRngJ9KMtwu0NUuPYUimaYob39Yit,Cert_DataRushP1369.pdf,application/pdf
1TayZzp19geYfPClipdQ-aeaZe2gdCf5w,Cert_DataRushP13612.pdf,application/pdf
1cNXT-JMd5fyxIx8N7WIpZEx4jel-roW4,Cert_DataRushP13631.pdf,application/pdf
1sBvn_i0QSt3al3OCJ5XzAEALAPHw7H0T,Cert_DataRushP13616.pdf,application/pdf
1iW0FDndcsTYr3NqerY3ZdC2rMyg-JUEr,Cert_DataRushP13623.pdf,application/pdf
1rplQp291ogV8snFBgwwrzLFmU4rjoSMn,Cert_DataRushP13610.pdf,application/pdf
1XGZVmb_se0YNepnu6ZD2Ks7PzIwT_dQ0,Cert_DataRushP13632.pdf,application/pdf
1uK4oSdKHboASgqsUAk7uQ0Idbr1TnmgK,Cert_DataRushP13619.pdf,application/pdf
1IIRDuLJR0BKiG5cnR_lx4nsbf__QNCKo,Cert_DataRushP13617.pdf,application/pdf
1-TQSyY2Qx2hgzcckBs0OjnqT1YHl-AI6,Cert_DataRushW185.pdf,application/pdf
12qnxwA5NKTW7LBz-5eKVT2xJE-1YITQi,Cert_DataRushP13611.pdf,application/pdf
1t0pMepRihr_IThDqhtgSZHSupqPq0sIJ,MergedDataRush.pdf,application/pdf
1TKyAK0NtR_V5gtIc0nAw9BZpW4VB10yc,Cert_DataRushP13627.pdf,application/pdf
1nXK6PPK7s3wyDSyIIfmJ1N0EqEq2ocpY,Cert_DataRushW184.pdf,application/pdf
1SZblTAtnaevSh5Hr2XfKwEB8DNdv5cMR,Cert_DataRushP13636.pdf,application/pdf
1rUxf3Anp_L-xMZBcOrbnDrDliGhXYJ1Y,Cert_DataRushW187.pdf,application/pdf
1JS-pZPnnPLBH_XSTmWihcmBX1chWoxbA,Cert_HFCYG1106.pdf,application/pdf
1_lejoZxnWrFgC07GwkFUmhY8cpoyPFRx,Cert_HFCYG11010.pdf,application/pdf
1tgqqouRS-fGhzeCbgtAJr7tET2ErkD6a,Cert_HFCYG1107.pdf,application/pdf
1sqJkWu454InT6aK0gSmq-DW1sUaA4utJ,Cert_HFCYG1102.pdf,application/pdf
13cMcU79NE18bQHjZthko7iM3SMlf9oVE,Cert_HFCYG1103.pdf,application/pdf
1HYLHzSPxXiPB4shCW_mPm7EjbquWGbE-,Cert_HFCYG1101.pdf,application/pdf
1ty1-kMiK-aTCJIKXu-p18x2aAoLeHC6O,Cert_HFCYG1104.pdf,application/pdf
1sdYxXXnOWwivxvgoH0_nSuVHL7d44180,Cert_HFCYG1109.pdf,application/pdf
1i7St4SoS9bCH3r3YCJFqeM48_BrdRYtY,Cert_HFCYG1108.pdf,application/pdf
144VgWvUMOe9i8EjUXhNKzP-3oTXg_xFQ,Cert_HFCYG1105.pdf,application/pdf
1dc2HALOZ7OIVSIGXedlM3vbWWf13o2AY,MergedCreatives.pdf,application/pdf
1X5V60y8-NI6mm2ppHMYBdx8QcQL77Oik,EW Logo.pdf,application/pdf
1WOpgJ_BHX1vWkynvoG00Hgia_iQrCsAo,THE NEXT LOGO.pdf,application/pdf
1_IAwyF_Pd3w_boKRcDHf2rbeR31MzQrF,LF Logo - CMYK.pdf,application/pdf
14GOgQNZRfhtFmbpv61E8GaFggkZ2VYyH,vianet-log-white-bg-black.pdf,application/pdf
1FRXwvRWlclx8_qTZvop7Geh1J8L5u0MI,nmb logo.pdf,application/pdf
1i2bYcvhMeLttROiCDcUpxRDQ1W7lg8Bl,LogPoint.docx,application/vnd.openxmlformats-officedocument.wordprocessingml.document
10S97KN3i6Ma5BR2jsSy0Oi7OZw_8t1-i,Certificate.xlsx,application/vnd.openxmlformats-officedocument.spreadsheetml.sheet
1X0BCnkkfDwhcJDEdInh9oobbOXZoFWnG,~$rtificate - TalkShow.docx,application/vnd.openxmlformats-officedocument.wordprocessingml.document
19NP0oAg9J93B4jtoLysF000nPeFsJwc_,Certificates.xlsx,application/vnd.openxmlformats-officedocument.spreadsheetml.sheet
1rxG3k1x8bgLIKvomhZ8Ds4GmCbkLuskr,~$Certificates.xlsx,application/vnd.openxmlformats-officedocument.spreadsheetml.sheet
1XvUfWy-ZcqVRfTX6XEnGApEBXZPd1hPy,Campus_Chief.docx,application/vnd.openxmlformats-officedocument.wordprocessingml.document
1CIo6Wl81wSIVp4v3m13A26MT_-BxZdkE,License premium.txt,text/plain
1wWrbpcAD9E77gjluySXRkwI7nAOw4fvy,License free.txt,text/plain
18UlUDVGKzCgyAt4wa21Knq5BkG07asE9,JUST_FOR_REF.pdf,application/pdf
1la91g_6HSjDRITjOnIV1aZhKOThy4mUb,EventList.pdf,application/pdf
12MhT5ecQZIvh7G1ei_aBGBK9KmEe3Ofb,Proposal Draft4.pdf,application/pdf
17VxRvgt_pNDAavh75Au7QPbQ_tRdHM4Z,Proposal Draft3.pdf,application/pdf
1YLouasUjnfzdhPtzC6Bm9DFLoqdeI27a,Proposal Draft2.pdf,application/pdf
1GJLFat7srAMBw_RpV9B71mbGIizkdyuc,Proposal Draft1.pdf,application/pdf
14f0gRejPdrhV4ENoYpuwvGECs0Ko_TM7,A4.pdf,application/pdf
1kLrgu2gKFlegr-_ThAnQZ9Wj2vwkefb6,A4.pdf,application/pdf
1Z1MUOC_IHUqoRRfxJAny6ESd_CK4_UMMEOY0D3wKn4M,Innovate short version,application/vnd.google-apps.document
1FEDyQMZxKZrBL6L5MidWFb0Kb093CmibVT6gQrkwy3k,1) Industry: An Engineer’s Perspective,application/vnd.google-apps.document
1ro_n2ler9m9iwQJ0OViRJOwXFfu55w8D3m1h3u63IZI,4) Industrialize,application/vnd.google-apps.document
1m974iDoBUY7F19bfv-Qup9XxDfRfQ2b22hoGrRh7qXg,3) Integrate,application/vnd.google-apps.document
1PmaZJGcA8mABKBZyzEYhxSO6utA_7KgyRALtvJVr5EY,2) Innovate,application/vnd.google-apps.document
11QAbNNnWi6X4vMszyb2gFm8IhKY0kzzM,Copy of LOCUS ThemeDraft.pdf,application/pdf
1cPottVGfwJ4O9LrMqZ9pA4afn92imtIx,Horizontal banner.pdf,application/pdf
1XK61nbhwjWIQpEzQq0-HH46Iq3F1szUq,Vertical banner.pdf,application/pdf
1TXFqKoTcTfXQye42qxzeKys-N5L_sn9X,Quiz_Proposal-min-2021.docx,application/vnd.openxmlformats-officedocument.wordprocessingml.document
1Z9LIosgiAcBOEkrb6yNJBcH5oDzOsNne,Quiz_Proposal-min-2021.pdf,application/pdf
1-xjtculhKylZbmkgVVtDHz28M_pYPzFD,EnergryHackathon Report.docx,application/vnd.openxmlformats-officedocument.wordprocessingml.document
12O3TQC4zutbWOW6FJG4R7QCft3noXaor,EnergryHackathon Proposal.docx,application/vnd.openxmlformats-officedocument.wordprocessingml.document
1eX4obxQj7Mi2_VJamtnP3LqQ609QhGeC,energy hackathon-draft 1.pdf,application/pdf
164eOFfzwg_3H5AJKdjvWM8iQLg1JEFgO,Campus_Chief.docx,application/vnd.openxmlformats-officedocument.wordprocessingml.document
1MOCAGsjCdhDqATM4j237A1i-71I0EO_tP3aFGdtGgak,Introduction Details ,application/vnd.google-apps.spreadsheet
15ICpkMzcvnX3X8qBG_cHRrp0Zdym9uFi,slogan.txt,text/plain
1XoNR2IXUzt78bdU0iVFUpSkgJFV9BnNI9-8Gk-o9U3U,Order to follow,application/vnd.google-apps.spreadsheet
1n13kSFv-L4rB9r-tCBBq-s_QvK1gIc6O,Locus Spelling fix.pdf,application/pdf
1pvJaZ3ByfCewAK_NeSVx2ucpXq8GzEjS,Docsumo.pdf,application/pdf
1J-On1_BLv89khJFqZ5IgWCnfyyKgwBAx,LP_AD.pdf,application/pdf
13at11X0415kJEDTJXRk_c_RWVAnKqQv_KKuGtza1_Vo,Zerone Ad specs,application/vnd.google-apps.spreadsheet
1Xao9Lrlam7Z2gbEo5QHlvz2_Ql0olgww,Bhoos (BACK COVER INSIDE).pdf,application/pdf
1Kg1epTWn-wqXG4pqLAbGVrNTGdtjR1dX,Programiz (BACK COVER OUTSIDE).pdf,application/pdf
1LypuebqDkpnlww7_NiHm8vDZnRHgvhIN,Dolphin Dive Technology Half Page.pdf,application/pdf
1rDrMOdJRx0b2-a16jPlMavruHiK3TfTY,InspiringLab.pdf,application/pdf
1R54RABpkkuWVuym8lz1W7pArCpgdSSi6,Itonics-half-page.pdf,application/pdf
1CDCVVXg-r17lwJOdUva6XpAIbWk9tys7,qr-code(3).svg,text/xml
1Mng_pgCsiNTqRj3kwJvIklvMUAN95oDR,qr-code(3).svg,text/xml
1QfCqtShqZqay1ebHwYKmqeuSr5Fq7_1j,SponsorTemplate.ait,application/pdf
1l_QFkBcEtUpY3SbL9Ab2TfqD6JUXR-7_,SponsorTemplateEvent.ait,application/pdf
1BXwhWkogpgpoGTnHYddRuSFa-VJ0Q-rp,CELA_ThirdPartyLogoGuidelines_February2021.pdf,application/pdf
17gXulkOE3MkFkuPOm13rfCK7aEc1wMls,README.pdf,application/pdf
1TF6Gyi6coJ2rhjhe2qq-p--l5e21lqBh7bdvMajAyQM,brilliant-revised-mou,application/vnd.google-apps.document
1UJW3oArlpb65ootxvSug90fy9xztWiHkq2-czjGH8pQ,Revised MoU_Programmiz,application/vnd.google-apps.document
1DKariIy0ashki0ReyL1fGdkZocQISQwTclZpmhq_C8A,MoU Dolphin Dive,application/vnd.google-apps.document
1hngZmq-GlvO_wr9zmofXAnsyZ_Dr0U7jmHtCFbcy1RM,MoU_Bhoos_updated,application/vnd.google-apps.document
1COHHjAUzfYp2GjBu6RhlvnUQ0Krb7k_CdM2c8ZbQcAE,MoU_Programmiz_updated,application/vnd.google-apps.document
1rJyLRQmUUOSOmb5tyd5hlT-EYgSaR9p_cNJl_WuyJOY,MoU_Genese_Academy,application/vnd.google-apps.document
182vLlQHCdLXwe3HaEqQhqIhqWzd97ra-l21iRrnmDuQ,MoU_Programmiz,application/vnd.google-apps.document
1q9ovGr2_e6dtMf09Q-JdNB6_99VuaAsbE4UuuvmxrG4,MoU_LIS,application/vnd.google-apps.document
1SqtnyR0wpXCbAS0cRl6y0pnLD3rnwuY85rB69-9hlLA,MoU_Fusemachines,application/vnd.google-apps.document
1hOvpvvIH1jWFAcsShMwk44MPz9qOt3USJZvIIgLKLb8,MoU_Fusemachines_Alternative,application/vnd.google-apps.document
1EimbwXGkN9BfFPdlcYGK5wopJoWA7774qe2-gcfcoQQ,MoU_Bhoos,application/vnd.google-apps.document
1fcCQNlOyL3CjElNqciLhRPtxATg_YdQ8wZjpfbvQyW4,MoU_AIMS_Consultancy,application/vnd.google-apps.document
1jGE5g-W0VLt2Nur3huURNHWAFoA-2tR-Sd6km-t-eGU,MoU_Okhati_Solutions,application/vnd.google-apps.document
1YiP1KXxY802XUgQzKNBOS69UW6UVulrdEWUOaId6j6w,MoU_Docsumo,application/vnd.google-apps.document
1-AClprSBB7OiPL9RxyBcbB8seGMpRKvCh5EzLQ6EALA,MoU_InspiringLab,application/vnd.google-apps.document
1ovtaQZQVDDVefmbK8DLMSQwyx0oxdQ8rzJYQRs5Pb4Y,MoU_Neek,application/vnd.google-apps.document
1MNAOR2Q1pcQNPZem8pHwq43p322A_xXwSSGB629pbOU,MoU_Logpoint,application/vnd.google-apps.document
1qyX9FTpnFiTz0zr5FD1rc52DepPd0Wi0UXcUmfcFcug,MoU_Togglecorp,application/vnd.google-apps.document
1TkA2tfHeIjaFpTRMyLjBt5NSzlcDfBUpcIHBrgOwOk0,MoU_Leapfrog,application/vnd.google-apps.document
1cqfpyC2a9uCr0SDNHxmADKj5v8paJy1VPDPWqKgSvOY,MoU_Itonics,application/vnd.google-apps.document
1mExDj199Aey5UBufDEQ5IZ6u8y74Yokm8P-quiV6XfA,MoU_Techpana,application/vnd.google-apps.document
1WimUkEH7XKJbexORlMRPMTQCWgN-1dZW,MoU_Gaming_Sansar_up.docx,application/vnd.openxmlformats-officedocument.wordprocessingml.document
1t8gNUVu1HwkuJvQEzW-l8g_65so56jUXIKP7CTgERNk,MoU_Khalti,application/vnd.google-apps.document
1Cd3H6Jk5YSAd33jkNsnD2rCAbKQwUhqV,Mou_Programiz_final.pdf,application/pdf
1Jx94_zyZOm9QqtDu-D0Xe1hF4HTCWdVV,MoU_GCA.pdf,application/pdf
1s2vqx7IaOjfUepBkxe8_r1HBfmDB3ZH7,MoU_Gaming_Sansar_up.docx.pdf,application/pdf
12RUBcaJnenLcp9-_Ur5gr-n-J56VginF,MoU_Khalti.pdf,application/pdf
1cJ5yDx6ODCgwxlzn7NgsvTqtiJmwAH5NDw2zJBdsIhs,Copy of Sponsorship details_updated,application/vnd.google-apps.document
13cqw3uUdAqwPu9WfN0hH0u7ocn0HleGeI5lJxqlH9Ok,Sponsorship details,application/vnd.google-apps.document
1mUO8mhoE-JyKucjs1jQIbMk2EeRVU50IJL33PsLKp4o,Sponsorship details_updated,application/vnd.google-apps.document
18yv_xMnjpIA15YHG5VTE6NDu49rpQ7C14xwVOk1eCa8,Copy of Sponsorship details,application/vnd.google-apps.document
1wb4SHT5oa1x4XQZHuCR94P1GMZxG6v6W5D7F5qMBn6w,Zerone Advertisement Specifics,application/vnd.google-apps.document
1VtD4TVmnT3isiKQ3LpDAkyeErdewX2rNJaM-3jFmFTY,Internet Partner,application/vnd.google-apps.document
14fXzv0pSxPMnNFKUg8mxAu8T-dgSkTsobMBfjiSnAYo,Partnership Proposal,application/vnd.google-apps.document
1EVJMG_Lux1KSAKCaj4pwfqBRHsR_8RXq,Partnership Proposal.pdf,application/pdf
1wzvb2lenY6IqWetW4BruEmhJZAuSpDBSPH9KTQ_n3Ew,Programiz_Pro,application/vnd.google-apps.spreadsheet
1u8Ie-r7o96Ekwin38ItGgrl6cj7EU73z,HFCYG-Final_round_score.pdf,application/pdf
1QaVXCcgrXdRNFxeRJBvOxuyjkSQ8w3Zq,HFCYG-Round-1_score.pdf,application/pdf
1KDnMPTAmDGn69K3Ti4qpJ7I_L9j3CaRO,component-list.xlsx,application/vnd.openxmlformats-officedocument.spreadsheetml.sheet
1HUP_CmvPsoBMZ7Ku7qilyhyoouylAS_8QY8kkCfPbKA,Event Details: Hardware Fellowship,application/vnd.google-apps.document
1ow9YthWdtEQLP3ydwoE4s2eSRpUNSNrRkzXlSGkvc8E,Event Details: RoboCup,application/vnd.google-apps.document
1oQhiSoogUQS2bplFRK-88LSh0jPgtYly0Y8KPQ70xeI,Press Release,application/vnd.google-apps.document
1IV8wvwRwpYXEJP9OYFs6oM27kqINZyPFFEK8g6aSzLI,Locus Cup expenses ,application/vnd.google-apps.spreadsheet
1YUcaZyPA1ndd4eGQ6VWrSWdbAc5hpMKH,LOCUS Form.pdf,application/pdf
1HNIcq0zFrXVo2FJoYt_W25iWT6biVDERNKQt9lA0sfo,goal sheet,application/vnd.google-apps.spreadsheet
1YLmaY4XxV_PqcJFkfXjwMMQHTqGorXfrkCDHBQrQ7Sc,Expenses,application/vnd.google-apps.spreadsheet
1cLVjjIKZIOah8YpUkcU1Nu2xl20kSw4P7tvf40hK52U,Press Release,application/vnd.google-apps.document
1y9ddI31duEYCm0v_FpoeY5rkorSnDzqzufouZakGxi4,Interview_Question,application/vnd.google-apps.document
1ab2ojYrdpfIhQ_qp1cOlwuzvmUKrDfIZGD91nlIvbEs,LOCUS Minor Project Registration Form (Responses),application/vnd.google-apps.spreadsheet
1uw-Hz4qPggBeyDvovMGFSOxgHQpDDXEt7Gv6N4912O4,Event Details,application/vnd.google-apps.document
1p7EspOBOQdj3PCvHCgVP55LKglvX-ZHC,DancingwithQubits.pdf,application/pdf
1OuGTIMEueIchQ5gcSTmWEbQ9_ZKCIBG8,Syllabus-QC.pdf,application/pdf
1D2JbYhVMCUC0W4kBvNDoSgJpNrqPYg7y2x5okUyIkYs,Untitled document,application/vnd.google-apps.document
1BNYBTlL5LzY6apJEs8b9R6MIwjZCuU7X,Basics of Hardware_ Assignment 5.pdf,application/pdf
1lJu0ZMFvUqhyHzOpmje6fCFUY-iHj-cV,final-ckt.pdf,application/pdf
1hXk1q8O2NfxqFlVEflgfP8tIY8H0-6w3,Basics of Hardware_ Assignment 4.pdf,application/pdf
18UoTFB_HW7LC6CGjq7iTq1mlRIQBpFRc,Basics of Hardware_ Assignment 3.pdf,application/pdf
1ppshzoksnIs_C_DWd_zbN7WV3tUk1GAV,Basics of Hardware_ Assignment 2.pdf,application/pdf
1-yMDqbef_MHlGDwuxnEsXgb1dE2l3mn6,Basics of Hardware_ Assignment #1.pdf,application/pdf
1tIOAH-HSnXkABLY58kLodI-faIlq9wTL,Banking Details .pdf,application/pdf
1lIhCdaqVSCxTg8iyLY7j-yzJD3L8urjMcTZ7j2kBKwQ,Banking Details ,application/vnd.google-apps.document
1Q1q9jjptI9nsL0dXu1gAjkKYtXXPruimnEB0nGDZ6tY,PUBG sponsorship draft,application/vnd.google-apps.document
1rMdqjL2QR0ouhV2Qm0B73BXpxjajIiEpG8MZAViNnuM,LOCUS PUBG Rulebook,application/vnd.google-apps.document
1ghwz7bEGML8JqBl_CUF3jlYbTQzAIjW7,PUBG sponsorship draft.pdf,application/pdf
1kSYXAklhVarbcyzexYS1NPnH3qnXNzJjxx93ZC-CMIM,Gaming Possible Sponsors List,application/vnd.google-apps.spreadsheet
1TH_XsPjBzZocZRJXxvnrfuZs49iu_ksor8AV0MECU40,Gaming Sponsorship Proposal,application/vnd.google-apps.document
1DdH3Jhn3Zs9_58d12mWW1u4jdsygN-BC,Gaming Sponsorship Proposal.pdf,application/pdf
17owcpGFDGrRE78ntuGaofNFb2neZyzho,GMT20210722-102344_Recording.txt,text/plain
18UkxtRhESA2Fs66n91D3rj3n5TljOK0CJuqZdekyhA4,Event Details,application/vnd.google-apps.document
1o91MZxVkyp187_T6lkaxOEroYc5KQIwL,Registration Details.docx,application/vnd.openxmlformats-officedocument.wordprocessingml.document
1ERp7TnnNiCR2Ez0KyxGJJwWpq_5G4W4S,Rulebook.docx,application/vnd.openxmlformats-officedocument.wordprocessingml.document
1GQvDX7bT_RXNknCyHdnIA2I18138UiSF,Event_Summary.docx,application/vnd.openxmlformats-officedocument.wordprocessingml.document
1S5jZLKl9nNbU3dwxwJcnGg3no0SbneKn,Group Division.xlsx,application/vnd.openxmlformats-officedocument.spreadsheetml.sheet
1unIPDw7jHd44kjT6NpPPBYWRbu5A5wNM,Gaming Format.docx,application/vnd.openxmlformats-officedocument.wordprocessingml.document
1ZZDS7uBvemiWF853D5YlbTozVJnra11wnkMjym4mwJw,certificate_names,application/vnd.google-apps.spreadsheet
1nubaF1rNba4HFnJCJaXDcmS2p3aRX7PH,eSewa_to_Siddhartha_Bank_Ltd_2024-07-04 - Saurav Prasai.pdf,application/pdf
1h1PbQBDQ6UKP9QT5yC-LYYTbyEscLpeR,receipt_1720025492842 - Umesh Subedi.pdf,application/pdf
1r2A1nqniJDSl20BRhHZE_d1WItLe6mlW,inbound4829408653265173780 - Abishek Jaiswal.pdf,application/pdf
118X4aH4Ax_rGH4vLjmWV15WCGxvzoizA,receipt_1720022482293 - 33 Svan.pdf,application/pdf
1fVOXHKrmJP9E58QZix_cc8jwOzGrwidT,receipt_1720020313624 - Nikesh Poudel.pdf,application/pdf
1Rsmaq36zTQBy2aIUbw8RBNcuba8Kwket,receipt_1720020313624 - Prashant Kafle.pdf,application/pdf
1lXaJLE2o8-zZSIrk9xpBZU_7Q5Y2h2Vg,Arpan Adhikari Payment - Arpan Adhikari.pdf,application/pdf
1OykAvqevi3QH7Pr4uq2Kuht2FoYRyppZ,inbound6951395351151204574 - madan belbase.pdf,application/pdf
1-dt8GkXDIf_s0nFQb5U1w4yP_sUAjwOL,receipt_1720019650708 - CHITRA RAJ JOSHI THA080BEI018.pdf,application/pdf
1vOa8LL1S0QC8OnOoae7NavAvdTgkdMBR,Payment receipt - Sanjog Sharma.pdf,application/pdf
1G-8E4LOkdOpTr3gVTqy0Dcj_rXbswXzA,receipt_1720012820855 - Umesh Kumar Rajbanshi.pdf,application/pdf
1M_85NFOESgPFspwgxrXaQ_Z2HfFT7YP5,eSewa_to_Siddhartha_Bank_Ltd_2024-07-03 (2) - Roshan Kunwar.pdf,application/pdf
1Eu5pzuA3BijHkgdylNDf5l_FlqUG6I0E,NMB-TRN-RECEIPT-459870-2024-07-03T18_27_29.263 - Rajan Shrestha.pdf,application/pdf
1vP7l3QAo66U8rDwI5nYrKk-HWIS3gQla,eSewa_to_Siddhartha_Bank_Ltd_2024-07-03 - Aryaman Mulmi.pdf,application/pdf
1W-PIvwB9srlSzkPnvbYXuB9EG6tuve6U,eSewa_to_Siddhartha_Bank_Ltd_2024-07-03 (1) - AMULYA POKHREL.pdf,application/pdf
19nb5aycBo9lAXpm7LBRmLsUmmvTL14LG,inbound3147073450236352159 - MUKESH SHAH.pdf,application/pdf
1P7AqVU6MtUBHofl5aO5z9ncNWLYs_j77,17200058831511720005885538 - PAPU CHAUDHARY.pdf,application/pdf
15m0zFsmySTw84RU-zFSbAUmC9Hd1aJP3,"Transaction_Receipt 3 Jul, 2024 03_41 pm - BIBEK GAUTAM.pdf",application/pdf
1QFn1Gsv40tVHceW_VeFTDPtkEq2zPau5,eSewa_to_Siddhartha_Bank_Ltd_2024-07-03 - P a t a a.pdf,application/pdf
1-fVOSt-JHxJFSUIPYvDRwX-T9_wklPyw,TransactionReport-PankajKumarMehta - Pankaj Kumar Mehta.pdf,application/pdf
1IyJGHjbvOcgtUOeIOuG_gIgOohqoWkA3,eSewa_to_Siddhartha_Bank_Ltd_2024-07-02 - Sushil Bhatt.pdf,application/pdf
1JHT4I9SSBngCxBqeqGUhtCSwSTf0bVdV,TransactionReport_232769208 - Samiksha Dhakal.pdf,application/pdf
1_BzWIFLPsqThq-JRU89RQ5dDpu2ZqTil,eSewa to Siddhartha Bank Ltd._1719929389.9462 - Pratik Dhungana.pdf,application/pdf
1zxDpsdeXe5mRonh-vqkx29uARFmAaQdV,eSewa_to_Siddhartha_Bank_Ltd_2024-07-02 (1) - Krishal Joshi.pdf,application/pdf
11rM1xfjpEagu97ESbQQRJUzeB1QzD7YQ,eSewa_to_Siddhartha_Bank_Ltd_2024-07-02 - Binod Adhikari.pdf,application/pdf
1qbYBGyWlv7sSIPkzQezf4PoydVBBR_3L,inbound7968271739733894306 - Anish Chaudhary.pdf,application/pdf
1y2_s92N3JrQcqZw9ZLD4OlHZxmPTX0sl,downloadfile - Aashish Acharya.pdf,application/pdf
1i4kebxBkLQ2TGNfvl4ZP3XneGqeOUE-m,eSewa_to_Siddhartha_Bank_Ltd_2024-07-01 - Alin Timilsana.pdf,application/pdf
1woEOCeO7dNk86q-WG6_V38n3n-WJ77Ya,TransactionReport_231288014 - ANURAG SHRESTHA.pdf,application/pdf
1leQq7i_F9kTgrmVu7wbwNxc1IeyM1RLY,TransactionReport_231283603 - ARUN BHATTA.pdf,application/pdf
1xbfccKYbEbJW-hjmMyMaM8dBRfGn6-9N,eSewa_to_Siddhartha_Bank_Ltd_2024-07-01 - Shishir Bhusal.pdf,application/pdf
13iPjL8UtuBhH7NcqtGi7IEbd9IllkuOc,"Transaction_Receipt 1 Jul, 2024 06_19 pm - PRINCE MAGAR.pdf",application/pdf
1medus6qx591ab6_QpbAjhD2CtMt2yOQ0,inbound8897084783083971176 - Prayush Khadka.pdf,application/pdf
16PF05Mqo0GoEzaVsBkvXrXJcx3RMFprJ,eSewa_to_Siddhartha_Bank_Ltd_2024-07-01 - Joshan Niraula.pdf,application/pdf
1j9UmDhw4bCX9mYHCZbypTG2inTj5gZtA,receipt_1719820494948 - Pra Tik.pdf,application/pdf
1j3UWztvjYNxAucx6vwDZUMrGiSFIde20,receipt_1719816650000 (1) - JENIF KHADKA.pdf,application/pdf
161vIvGcxm_mq1VEji9bs8N6DqXK9fOdC,receipt_1719816365347 - A P 》.pdf,application/pdf
11FXja3yjVFswh8KyX0AvHLS_Ro4LaRk1,inbound2427518395909670396 - Janak chhatkuli.pdf,application/pdf
1XZAbUZrjbbd4ZPrk97lwuvAyq998AxZ5,receipt_1719752932625 - SUBODH BHATTA THA080BCT045.pdf,application/pdf
1tdyr_HEwdtmJqPJmsjFqfSUK3NLTPtkU,inbound8667801850490800816 - Kritesh Bhattarai.pdf,application/pdf
1xcrW9tz3AWukHxHI2viLgSFVE_cINZuw,eSewa_to_Siddhartha_Bank_Ltd_2024-06-29 - Viraj Saud.pdf,application/pdf
1iFT-Jy9a71TckMWS8z9xbSTmR-7-x5xS,eSewa_to_Siddhartha_Bank_Ltd_2024-06-27 (1) - SHRISTI POKHREL.pdf,application/pdf
12pxWl9Ya7Shu0GKs0Fo4N4IvLhBG-RlU,Logo - Puzzlemandu.pdf,application/pdf
1Y0J0z05cWXJEPiPEC5NzSYOAYezSE80q,Payment for software Fellowship  - ARUNDIP ADHIKARI.pdf,application/pdf
1Cgy_E31eEreqIazCBd4CDrMqhV9Ap-UM,ITONICS_logo_claim_line.pdf,application/pdf
1tsbpkyjkprxet0E1U7IkrKgD5BO8oAqu,ITONICS_logo_solo.pdf,application/pdf
165W-hUkk6ZirxsJmJ7SNEH_tjOTsbA6R,ITONICS_logo_claim_block.pdf,application/pdf
1wC6BHLFwFFPO7HKcP5-jLmKVsEMDkmZm,fusemachines_digital guideline_final (1).pdf,application/pdf
170xDMwkYYwIj2a-WiDRUaXuWKUB7oq2Z,Rishav1.pdf,application/pdf
1vsgxf8jcmyZtMi0DMrb7Pr_VBDqSF0Sh,Saju1.pdf,application/pdf
1C-crMDk8MVyv-BO9ojB6SaFnncjhpSxA,Love1.pdf,application/pdf
1O-FAbija3Q84NQ5IBUVSoQWETNmGuW_W,Aasman1.pdf,application/pdf
1x3c5DOCWRcY4x3CnKycm_GKMKD7OKzo8,Prashant1.pdf,application/pdf
1hwP3XMACGLJFlf0kPDH5WJ3XqIN8ijr-,Abinash1.pdf,application/pdf
1JP-xJeZbIzFS-ZzrwAsWOhqSsd1oKQ6p,contact info.xlsx,application/vnd.openxmlformats-officedocument.spreadsheetml.sheet
1yyKjVvzV-0qXHg7bBitZwFaoWURZR_-2,contact info.xlsx,application/vnd.openxmlformats-officedocument.spreadsheetml.sheet
1Q3Gu6ufyjkfCYuS-TnXbv5YnWugAKsUk,Artboard 1@2x (4 files merged).pdf,application/pdf
1JJhkqx7k2AkmcFOFRUElRJFxecfk0fXs,Artboard 1@3x (4 files merged).pdf,application/pdf
1T3PUH_VXepk59n4DCxspJbWqOSwGjjF8,Cert_Gaming1st151.pdf,application/pdf
1y3bMsfCeDjsYwZyTae2YjUDutip6CH9M,Cert_Gaming2nd152.pdf,application/pdf
11IScPd8bau-P4yoajnv8kgyR4gxJvL0k,Cert_Gaming1st154.pdf,application/pdf
1wJ5jgUsilD6tOQ4plRWjXrY1N138vGym,Cert_Gaming2nd154.pdf,application/pdf
1-XYbgtjS3mJixuWbyUP9RgzjnOa6uc4f,Cert_Gaming1st153.pdf,application/pdf
1t2e-JhtdbpbPesLKs0a3zfVNnanPjyet,Cert_Gaming2nd153.pdf,application/pdf
1b5v1yA4YpFlogdlz1Xx75ZGxxlGJNvNs,Cert_Gaming2nd151.pdf,application/pdf
1aeHzpzvY8Y9DzIxb_Gfxteve7BJ04sI1,Cert_Gaming1st155.pdf,application/pdf
1uuOWGnoasj2ZNoZtfZNc4O8BkvR6EmtH,Cert_Gaming2nd155.pdf,application/pdf
1M5FfMK9oZ8qquvD8hGc0hBJDHY8wkmMo,Cert_Gaming1st152.pdf,application/pdf
15P_RM-0nL5wGnM4LXSQbHfRg4l054gMq,Cert_GamingTF.pdf,application/pdf
1REWbI5RJw7yxiCCw4ITyvKmbdeIY0hjU,PDFMailer15020.pdf,application/pdf
1tO-_R2DgQ-enDSK2B7SQUltTKTqndehw,PDFMailer15010.pdf,application/pdf
1MgJOZGpAcKKzJmbF8bMY58UQYWOrtSn6,PDFMailer15032.pdf,application/pdf
1WfspRMm_Qw5NmmWzfBfPyVDpo1087j7o,PDFMailer15037.pdf,application/pdf
1X4Z-pinZpleJfRHc2kWYKgQXSzJjpWKl,PDFMailer15017.pdf,application/pdf
1SjgDE5EhSSDLKwfPGusMA26CMMgbCEl8,PDFMailer15036.pdf,application/pdf
1wyRdnNgbjvQXH5lB7HDwhtCXsEbk92Kb,PDFMailer1503.pdf,application/pdf
1NhUISjcBBZ9L46_56NRHl-ClSrufeBsR,PDFMailer15028.pdf,application/pdf
1eQ-VO3wZrk9h4g7akhLmYq3pWPjmTpyA,PDFMailer15011.pdf,application/pdf
16w4BbB8B43bG5IXP1xjbUKcf_SFwdwM-,PDFMailer15023.pdf,application/pdf
1JZW_h0PnKQATmfebeOSmS44lCtBK8mrP,PDFMailer15034.pdf,application/pdf
1mc3zvt8RG3lS7KNY0UNTJkooVbWIir0G,PDFMailer15021.pdf,application/pdf
1QFoIuqjyx_IRZPQ00E3-cJAzyj-a2j9g,PDFMailer15050.pdf,application/pdf
1K0qaRC-i_KuiEPyA2UwxV5S88DmXH6GM,PDFMailer15047.pdf,application/pdf
1q0G44Kzu-vi7LoaQwk4_9JOndqR-LhPq,PDFMailer15015.pdf,application/pdf
1uzsNVQJLbfBjgzZY1Vrt9q8Z6AAjKAdM,PDFMailer15031.pdf,application/pdf
1ZiaGNMRt2_n9IXCLN3XU-ARciYv2Mlai,PDFMailer15025.pdf,application/pdf
1ongBXadQpyWdBPKUzxCZ5VCnUWJX23Ck,PDFMailer15016.pdf,application/pdf
1bo72bl1bq-QfxIjbfMHsyhjxuN_fYlAv,PDFMailer1507.pdf,application/pdf
1tjO5o9_lzyPwGFkLmuGU4B_5uDrnDNG4,PDFMailer15012.pdf,application/pdf
1ZdTvQB-0jf6zfyLoQDJNDDZA-qKzweP2,PDFMailer15013.pdf,application/pdf
1TD36M7QwnVvfDmOwxIcJnqYEwgAnj20B,PDFMailer15027.pdf,application/pdf
1dDRxU47JZtaWbkUPzHZdeZyXyzsMPl-t,PDFMailer1504.pdf,application/pdf
10_GHcrJuKUJ_AAwe6UgrwyA0pm5PdJNs,PDFMailer15022.pdf,application/pdf
1oVbUVNhAQkq2yvfEuzrkx1sNLozYdV0h,PDFMailer15042.pdf,application/pdf
1IYH7U9qULg7_PKEb_THBhwu96aHHWzXq,PDFMailer15045.pdf,application/pdf
1FKFAdFqxA3YCkWLeoEKzmyPcMpHrFxtk,PDFMailer15049.pdf,application/pdf
1TlM6ZRCnN2kx7PQVTCEmwAr1u5Y2JUHV,PDFMailer15039.pdf,application/pdf
1upv_8bKDoVI9zLc6dH9D4CkzWuZ6euP1,PDFMailer15029.pdf,application/pdf
1ea7XoQ5Zzdeyl5wj1110IyxKUXXhSeDs,PDFMailer15043.pdf,application/pdf
1bPDFaV6V5v3KErQMDDUlVPGOVWTaGVO6,PDFMailer15033.pdf,application/pdf
19uQ16QHGi35FF00FepOmjpjqwjhMI4d3,PDFMailer15014.pdf,application/pdf
1OmB-dSYecK2DvbjPMXLbgSCLpmH8T4k5,PDFMailer15046.pdf,application/pdf
1sb0Nd1F62RhlvdkpAUrWQW8wyvy2fbjb,PDFMailer15038.pdf,application/pdf
13Yj6u3cLF4H-2mXas6q0kqKRWFAi2Gmy,PDFMailer15035.pdf,application/pdf
1ML4KZrpvkUc8m2K7nv6xQ8mn1MYjcnYW,PDFMailer15041.pdf,application/pdf
1V5O494UXSNmsrW-g4tUZ3IwmKQ9nQkQy,PDFMailer15026.pdf,application/pdf
1n2T3rHXd2DL5-aB_NIrH-E6TzJuoem8A,PDFMailer15040.pdf,application/pdf
1RWmwuH1gU9GaXpWrytaJBHoK07iU19dB,PDFMailer1505.pdf,application/pdf
1Zvq5d_e0sHGiieN0tppvJkXukNygOX0c,PDFMailer1501.pdf,application/pdf
1fpeu4MLie1lXC7aKM_7lX32xmCKkh5fO,PDFMailer1502.pdf,application/pdf
1z7OTi5_4Osk6Qc0TYdQTFK3N6mSkBriw,PDFMailer15030.pdf,application/pdf
1CnRiCnAtAII2kCGYm68awI_IbMT6zA7J,PDFMailer1506.pdf,application/pdf
1xFq1auHwQ7tlfcccM34HWGA2UfticlLX,PDFMailer15044.pdf,application/pdf
1n6gkIWG1IGUmp667JgOY9V5ahTNrpfHl,PDFMailer1509.pdf,application/pdf
1dIy4J9ZYnZwMyqCrnE5G8q3O-5DPtkqM,PDFMailer15019.pdf,application/pdf
1d8eckbUY909KYa0eZCvx-TTwC-b9i-Gl,PDFMailer15048.pdf,application/pdf
1-VBlh-euNwDF4yeu5_PZbiBGO_urP4P-,PDFMailer15024.pdf,application/pdf
11sjIV3Xi4sO7eBMviKRtObCvxUedZJ_K,PDFMailer15018.pdf,application/pdf
1by80Bzyyl9lbIeeOLynJLkJH90onehwB,PDFMailer1508.pdf,application/pdf
1rLiT8PjlLw52NGA41gU9nOBGMeJFpgyR,CodeJam162.pdf,application/pdf
1VmRpUM4G1sYJ5EK55XFYXMi_cP2FSXWq,CodeJam165.pdf,application/pdf
1O2HlOWNId79kk4HVIf-jjlZf4DUlPDEd,CodeJam161.pdf,application/pdf
1WfrZtBCi-UawAt7O83s6mpQKoFxr4EDf,CodeJam164.pdf,application/pdf
1CiFbuxVHFNXuVCGA3dkrD7g-fES1_c0k,CodeJam163.pdf,application/pdf
1171USw_1OhZo5ppGB--IpN-qhsZK8XZF,CodeJam166.pdf,application/pdf
1Lk7K8xacU4Vy6DQVsiTnd00GxaNnUwKI,Cert_Creatives1274.pdf,application/pdf
1Od1g6Ondhl_k574xntzMr_OcZsN_PY02,Cert_Creatives1275.pdf,application/pdf
1pu3rEv7JWh6JFlDcDMXloB2k4XPDKkK-,Cert_Creatives12727.pdf,application/pdf
1PZvv-fHeurp6iWHOGFxUUNjqgA1blCKU,Cert_Creatives12723.pdf,application/pdf
1tpixRzH2AUjFyKlDMFbpjx6kEKKY0rB2,Cert_Creatives12724.pdf,application/pdf
1uEwu6-8kpFXfY6BdbJVHd5EKeZo2CT9w,Cert_Creatives12716.pdf,application/pdf
19gvDWXCGS4CocV0t74dVuiJ00SGPgty2,Cert_Creatives12710.pdf,application/pdf
13a-SHMn0b7Ee02sR7chK1Oj6GhhuQ6Gv,Cert_Creatives1272.pdf,application/pdf
1_DsKPowsHhgzLktGHuYWzJk1H5ph6U0s,Cert_Creatives12722.pdf,application/pdf
1SU33FUBQroiX-yq5Y_8XsMM3Yn4J-sGH,Cert_Creatives12718.pdf,application/pdf
1Y8B1co4wjjYLscRcYLCaaf0ArhFJTKCE,Cert_Creatives1273.pdf,application/pdf
1Z80dLS8NcecgaJ85FjhzkvuASRPwq1dq,Cert_Creatives12717.pdf,application/pdf
1Xy8jLpavlO8YzjpaupfZuZG2CFm8YbVD,Cert_Creatives12725.pdf,application/pdf
1AWqNEK8O8CZG0HIOolQOGza_Peh_TMOx,Cert_Creatives12720.pdf,application/pdf
1E_Tq5RtxsguHZyJ6Y7RpgAsIeKcxJOJI,Cert_Creatives12711.pdf,application/pdf
15f_8VgcPyuWwg4k8AFlgfAprVSvrAJrL,Cert_Creatives1278.pdf,application/pdf
17FDhuMcwniKBoMSEAWRg0Vks0J6-6LLO,Cert_Creatives12726.pdf,application/pdf
1cyzN5OzZ_DPtJ6tCsihL-Q2_lF_FEulj,Cert_Creatives12714.pdf,application/pdf
1baMIdMoDOVJ_JFuetsEhkABCkhsVMX1h,Cert_Creatives1271.pdf,application/pdf
1BHt3pjDK-DXm8NcuynyJ8lpvoxJWmXXv,Cert_Creatives12713.pdf,application/pdf
1sSSd5gZWn2TYrIOPSDYIxBmEbHUytWil,Cert_Creatives12721.pdf,application/pdf
1Zm4PXHaRmEjRc_mQkOBXXPuCIHRZ4OBo,Cert_Creatives1277.pdf,application/pdf
1XmzMSa2HjHwyxt3TUIatvmqYgIm3-jSU,Cert_Creatives1279.pdf,application/pdf
18-u3s4iODBaTlW-5dHtHER6x5JVLTW5I,Cert_Creatives12712.pdf,application/pdf
1nziDper0mxKC-umvNh0UwR_D75YUanOQ,Cert_Creatives12719.pdf,application/pdf
1d1qszOpSxXOC7ndHlh1vfVSUVAsqeg-_,Cert_Creatives1276.pdf,application/pdf
1A9g1DTP9YDxKHC4NPuvpVlll8xkFZU5E,Cert_Creatives12715.pdf,application/pdf
1ieXcAOP51I6Gq8Co6Bgla44V2UbyqQGp,H-A-W Organizers.pdf,application/pdf
1NJ3XnS6jwGkYlCraNCViRftQvWSpJq3O,PDFMailer47619.pdf,application/pdf
1swqdx_1QVFhxW0jaa1WbcMOxGlNhAR5x,PDFMailer47618.pdf,application/pdf
1Tsm8i8PLouCPWqC8m8Tbr1xOFUK4eqW6,PDFMailer476114.pdf,application/pdf
1LnJo_CB8iVeepHj3F5RwRrvNIjGdlB76,PDFMailer47615.pdf,application/pdf
10n-4rLlnTT0TQBvkJA_RqU9RoKOvguVL,PDFMailer47611.pdf,application/pdf
107dh13h480ao0aKBfT-Zbxfg_KlDRequ,PDFMailer476110.pdf,application/pdf
1FLisASdWPG5DphRvkPdgwl4byKI21bYv,PDFMailer47617.pdf,application/pdf
18Yybb4HdPpGIwvmuuGOmj--ewIZWGN1q,PDFMailer476111.pdf,application/pdf
1HnnRGNmKKfhRf_cBmHmH-PQfXKVsM7dT,PDFMailer47612.pdf,application/pdf
1YGnEB-LdhapO2XSwpH0BYlQp89SFBPiR,PDFMailer47613.pdf,application/pdf
1mJxE9GCdOhkdSd48QCJfQYlnIjaKwcRl,PDFMailer47616.pdf,application/pdf
1Grg6nQqI-AIyWnh42LStkPKB_dCfGI7U,PDFMailer47614.pdf,application/pdf
1Oh_fhOTQulnYipdtSp9NCPeHjhaLfzoA,PDFMailer476112.pdf,application/pdf
1kxxeRhvX1guXY1OCEA0QA_pPOmTbHI4Z,PDFMailer476115.pdf,application/pdf
1dSBjOmeYtWIgUlfI89-6NK2ycbn2GZTt,PDFMailer476113.pdf,application/pdf
1bUpYb3JFkG3qKY8BCwBULEtC_KfpcYH5,PDFMailer51617.pdf,application/pdf
1vFhzrM8GLGuA7whhjgv72dZFUkFj2ZzW,PDFMailer1507.pdf,application/pdf
16UdEk_rZpVO-sHJZzgrQZgzDy730ARRd,PDFMailer15037.pdf,application/pdf
1_2Y_IrOUc1QkeocxLxnLzY-js1Ze5K1q,PDFMailer15024.pdf,application/pdf
1SGbTqt0KfYdW7E7ikLfIlzx53BBbf0cA,PDFMailer15023.pdf,application/pdf
1ncgRtC_CVD8NXa3WAE8Vi9sY_zyWDK2i,PDFMailer1509.pdf,application/pdf
1N_Pqxe3TCiu-TAcStNxeFodoz8RH2NLx,PDFMailer15015.pdf,application/pdf
1GDlfo4rIW6DE3rPTk182MGl_5ctVVTGq,PDFMailer15011.pdf,application/pdf
1HMlsMhdmI8Pds7GormWGnL2lvUwbKKVj,PDFMailer51612.pdf,application/pdf
1G3vRjkUGTzti-o8syJSXY8cjaLcZT7Js,PDFMailer15039.pdf,application/pdf
1Crb00NTZAFXF0VkM8UscdpPaPwV3bHpc,PDFMailer1503.pdf,application/pdf
1JJsEu9o6F9HQrLgwuCnSvl8Tib7nDHLp,PDFMailer1502.pdf,application/pdf
1XSRPqaBYn76JSo3bEmbD5WsSr-cwYril,PDFMailer15045.pdf,application/pdf
1L8v6WWZahcn3cr00WKd01hlmNjsTIn0z,PDFMailer15032.pdf,application/pdf
1Zt2HlaipSZi3PBLRhcv_e_ftjuV9_aH_,PDFMailer15012.pdf,application/pdf
1MN_5u-DVmQIVAFzoBIHGk539nxGnFUsc,PDFMailer51615.pdf,application/pdf
1TUMr66uFvGLpV2SKZrxD4WoPeqzKZyUo,PDFMailer516110.pdf,application/pdf
1JyZrpjdOSaLGnKp90bUm-7mb5KeMoNSO,PDFMailer15046.pdf,application/pdf
1XsCDvdmdRYiMVi3eGZP4WYYO5YQijeQL,PDFMailer1501.pdf,application/pdf
1CrGgzMe4sIDcE8jKKEPzBg4xLLf8L61w,PDFMailer51614.pdf,application/pdf
1WLyJOVBZuEadfzADs03vzOWvXTZyQq_t,PDFMailer15026.pdf,application/pdf
1fTOmhLUod_Pog3PJv2ZTnlbHa92DPdA_,PDFMailer516111.pdf,application/pdf
1FdfMutDJQs-nl8H_-imce7KcB7292yNj,PDFMailer51613.pdf,application/pdf
1jsM6d0TO3YsZCezU6Et-HI186g-dsLqT,PDFMailer15043.pdf,application/pdf
1HKIa25bljXhFQFO_w5iwKYIUwQMQ2u39,PDFMailer15027.pdf,application/pdf
1U4RTZn0IxVyOrCQj4-q2is4gSdSe7YUG,PDFMailer15019.pdf,application/pdf
1Ro1yUuWPxxqX5Koi7Hl2j-X81sgkji6G,PDFMailer15041.pdf,application/pdf
13K0tOuigFrYy2mz5RKK7EDawORESkYQO,PDFMailer15014.pdf,application/pdf
1cClZxgl6KY9LmAx6A5UOa1WXs-tMDLbe,PDFMailer15049.pdf,application/pdf
1WxMvbAV58Z18Y4yCKud2nM73H1c4fQTP,PDFMailer15030.pdf,application/pdf
1soYckN7dWRB2ZTQe8AhQYOnWRY0JRiPy,PDFMailer15050.pdf,application/pdf
1wOH938hhE-yiicFgKhNHyo6VhOFGQWDA,PDFMailer15034.pdf,application/pdf
1ymmQhmS56LFMpOb7lipYh530scJanGZg,PDFMailer15017.pdf,application/pdf
1-ausy9uDQb8YrmyezdN7NpKF0ONkyF_q,PDFMailer1506.pdf,application/pdf
17sPyfGjTXE0FTBiIA36bJlvONiqqYMmV,PDFMailer15028.pdf,application/pdf
1hRSp8YDtJ6IFljtROa_O1CCyRIxnjLmQ,PDFMailer15044.pdf,application/pdf
16hHm4N5iyc-MoTsln8pWcegeEO-6rE0k,PDFMailer15013.pdf,application/pdf
1jOe7D_9sPeKYm9J9Y2dWLDXpqXsKS_nZ,PDFMailer15035.pdf,application/pdf
1-FFJ9Hc7NYLsgJNgAa2OKXCWV8UJksOA,PDFMailer15021.pdf,application/pdf
1SNW4zLCZ5MeEfBeEyxvXQR_0afc38r0C,PDFMailer15029.pdf,application/pdf
18RQTJcbEFiDLVNb_XUpmCF7EP30ZWl1z,PDFMailer15047.pdf,application/pdf
16NivaIoM3-2RhCrMPkTahR84ENhtIBIj,PDFMailer15038.pdf,application/pdf
1o7CyuXxuMOIev67kjEduwMB3po_PsRa8,PDFMailer15040.pdf,application/pdf
1fzmYcubIw2mfnISnQg9cG8szV6SYdvPr,PDFMailer15016.pdf,application/pdf
1sHhQxdJBWbU-zI4KTnCXyPkaVE9vDhnq,PDFMailer1504.pdf,application/pdf
1I_gqaT8KRFqb6CcRTrbwSDbygPmJu30C,PDFMailer15020.pdf,application/pdf
1EeoqWAf0hWq2MUeHB-W_xNV3HtZ1HQ-6,PDFMailer1508.pdf,application/pdf
19ZF2QcCSW1jy-kEgO153N9kIaqcuQKYs,PDFMailer15018.pdf,application/pdf
18GO3EEyZgX2CB9nFMEHkbklN3FqjNW28,PDFMailer15031.pdf,application/pdf
1e6zS1Vp9cTa1UrP3tKk-VsBkVsxIG6vE,PDFMailer15022.pdf,application/pdf
10Vqtm6V7vZkIhb5EEZgqSSQUzDqND9H4,PDFMailer51616.pdf,application/pdf
1UXF-H9V7h_TH8TfyfGqh_9uCxbJc6kl-,PDFMailer15033.pdf,application/pdf
1_85NSA1xF8rdoCcAPV7N0KKBQiN99n-R,PDFMailer51611.pdf,application/pdf
1m0_LcuSqH2WHLhUqJGsrwaxu7u4Y654d,PDFMailer15025.pdf,application/pdf
1frtQaLCx4nCrYqZJUkYECzxNcjCncqID,PDFMailer15036.pdf,application/pdf
1-W6I16IUv9Y3kkO8rxBIZnwyvmRm0wEw,PDFMailer51619.pdf,application/pdf
1KF5ro8phlAulZfr3DdduhRmmCTEazsyY,PDFMailer51618.pdf,application/pdf
1QyOWTGt_rnojFrYNTrqmGCkWFMLiv9it,PDFMailer15010.pdf,application/pdf
1Li1Q2a1cqCcLI5d1kuaGS9z9MkM8U8iq,PDFMailer15042.pdf,application/pdf
189LHEr7oS_fMg8Sv1790pix9PS9NK1by,PDFMailer15048.pdf,application/pdf
1i1RKfZSiRwUQw_hZqai5tuxrC5rJza_M,PDFMailer1505.pdf,application/pdf
1fV9WdBV1RuqojyAl3mpZzIRp48b4GAKb,fusemachines_digital guideline_final (1).pdf,application/pdf
1otQR7WvfHfRtJc5mmQqw6v5mxxyp-kGd,MergedDataRush.pdf,application/pdf
1eHfn35RGZJx7Nvh333ml3k8-TQCpgKT6,Cert_DataRushP13629.pdf,application/pdf
1_wa5WK5GVnzTB-Xw7q8itYjy0GFxUvlY,Cert_DataRushP13628.pdf,application/pdf
1ndR8iWRrk-hXNvVMaO5saZIqiBW4YmTa,Cert_DataRushP13622.pdf,application/pdf
1QMEdguYz-QiU87rlUucvOmW8FSCKSaMf,Cert_DataRushP13618.pdf,application/pdf
1ON7ixdhNpQVhgRFVSlCFbYgVnh0O6pP8,Cert_DataRushP13625.pdf,application/pdf
1hDYcXuaUGzQES14xDW-lMzme5Y-tavEm,Cert_DataRushP13617.pdf,application/pdf
1Im4nChglLxjMH87YWQMgI5ziJq6WdZzM,Cert_DataRushP13631.pdf,application/pdf
1sNKl2szJai6bpr429HQPGGFKNFj3grVJ,Cert_DataRushP13630.pdf,application/pdf
1NbkRkte_ePZMlwKieOWxtwrpmx87NstN,Cert_DataRushP13623.pdf,application/pdf
1JXsrT2ZMDB3eX-xrvTa1saWQrG3CU3Y0,Cert_DataRushP13624.pdf,application/pdf
13msGmzPFY9JZonY8_2YcL7aPIN7v248J,Cert_DataRushP13616.pdf,application/pdf
1-0yqASydi2BTPPbf5P8Y_HBVjNaU13x1,Cert_DataRushP13613.pdf,application/pdf
167gzpI0U9Bn2ujyBlgq5KFnxNAOpQmhS,Cert_DataRushP1369.pdf,application/pdf
1NZ-y679g_jaioGaMeq8jlOURLYoG76Ok,Cert_DataRushP13626.pdf,application/pdf
1Gv65NCZHPv75d6xWGawii0y2kJbO2nMS,Cert_DataRushP13634.pdf,application/pdf
1lO0un12Rf-QfEZz09LsGsKHLz-ylEMQK,Cert_DataRushP13633.pdf,application/pdf
15Ki6uSXd0yZoDZO1WSViSMu0vwdfUNdY,Cert_DataRushP13611.pdf,application/pdf
1GCHRqVMEHlLQi_RglcJQVtRffCJBPadq,Cert_DataRushP13635.pdf,application/pdf
1a-8LW4mrQQCsj-KcOn47XF3J7Uq2S0dq,Cert_DataRushP13610.pdf,application/pdf
1tOs3eelusIDX7ELhqyd1VYM7Qxjf0whn,Cert_DataRushP13612.pdf,application/pdf
1S1cCwbhgG8VyBlH4is5Ldobx6XRpydlO,Cert_DataRushP13627.pdf,application/pdf
1WW-728TYyCP-QdK8TnVM_L1ZyS0dFkRj,Cert_DataRushP13614.pdf,application/pdf
1lUgHlhid_37-7q3zgB0-nAl3say-4jA2,Cert_DataRushP13632.pdf,application/pdf
1-klIQDLG6JbK62nP32N6IEkX0UMb6Hkl,Cert_DataRushP13619.pdf,application/pdf
1uLWUps3vIg9qyw0kCeCG3WZtSO2NkBh7,Cert_DataRushP13636.pdf,application/pdf
1slD65lGbNMvQPRFtuIF9gKD_Dq7gdVzW,Cert_DataRushP13615.pdf,application/pdf
1NYp6w-r4GUGgFz55XUlODdhjySISLegg,Cert_DataRushP13620.pdf,application/pdf
1z5EiGjtRBHrfH8zp5IeA_MkrQx21dSZF,Cert_DataRushP13621.pdf,application/pdf
1eYyZDbIPgaKOfAtoNSXtuHKtsSNAVzFz,Cert_DataRushW187.pdf,application/pdf
1qC5vFQe7-Domt7fwd0HbCzbTEF2gNZF9,Cert_DataRushW183.pdf,application/pdf
1jzRn2OXHkYvn0N4FBbY9OHzNkbuxT8f9,Cert_DataRushW188.pdf,application/pdf
1CypWHh4qg4gkniKGS7OZBqFAQpQguNBg,Cert_DataRushW182.pdf,application/pdf
1L68ywIcP62gH74u9IVVYFnl6jRMeWrVx,Cert_DataRushW186.pdf,application/pdf
1yrZJlgTfQsELle--mFD4evElchUkWD32,Cert_DataRushW181.pdf,application/pdf
1YzAsljslbK1IximRavR4uEMeda2vOiiO,Cert_DataRushW185.pdf,application/pdf
1Zq5wsYOEmWZsxgAgBFRJr2a1uvOH2oY9,Cert_DataRushW184.pdf,application/pdf
1V-h-ebDmh82j88lUuYH1t68R6-mjdwd_,CR_Combined.pdf,application/pdf
1ZRNeqsst23dKm4fbgPJabFKODKsHgbaH,Cert_HFCYG1105.pdf,application/pdf
1wlEFA5M8HCvzYYfTT-T4H-7CLCBcr7sI,Cert_HFCYG1106.pdf,application/pdf
1xS6vwgHtQHMjKLC4NbA6iva6Dyu_wuGL,Cert_HFCYG1101.pdf,application/pdf
1f3Ka2-0E1Te-8-OFth1nrbcdYjoXH5fM,Cert_HFCYG1104.pdf,application/pdf
1ngAPxLx7Hr0Rm0-rCCYXM2fWkycunFj6,Cert_HFCYG1107.pdf,application/pdf
1t2JWr8cfE4WR5B2gvDYRWApArr6QCK4x,Cert_HFCYG1109.pdf,application/pdf
1p7xSYKJv4vKj5ShG35zsbYQ59MmU3AH5,Cert_HFCYG1102.pdf,application/pdf
1VRSPzXczCM7mASZHjeik4RU6DL0BApyG,Cert_HFCYG11010.pdf,application/pdf
1cRHMJPuDymyKNsZFqlSVHjTIatzXvzL8,Cert_HFCYG1103.pdf,application/pdf
1t6_XCiJ2lHd7Z0fucK0el3lG04Cm1DEr,Cert_HFCYG1108.pdf,application/pdf
1m6qyG5_LfD5H3aI0wjPltwzkzlqP_D3p,MergedCreatives.pdf,application/pdf
1hPkXQak390yBWxNgPmj9lgbD9Kj2wip9,MergedCommunityPartner.pdf,application/pdf
1nImguNDYJinvt4lCMla-EMbI-cIObX2g,EditedSponsors.pdf,application/pdf
1vgMpcWqy7AhLw5fbmWI3DM0STal4oNWX,LOCUS Cup Merged.pdf,application/pdf
1ncj5Z-y06PCDUR9_t7cxLU9CqS74FoOl,Winner.docx,application/vnd.openxmlformats-officedocument.wordprocessingml.document
1IXErhB03yZKMSa1UkmzAXtOAkjc0f1yP,Participation.docx,application/vnd.openxmlformats-officedocument.wordprocessingml.document
1ZjqIpIByDh40S5fdSqe5MgSX61CWHnmt,TeamTemplate.docx,application/vnd.openxmlformats-officedocument.wordprocessingml.document
1JnRZGk46mfDEKr6MTrvqm4W6ddPDn6xk,Certificate - Software.docx,application/vnd.openxmlformats-officedocument.wordprocessingml.document
1uwG8E-UOENDb8Wp-26uqTvlZTlcuvuzs,Certificate - TalkShow.docx,application/vnd.openxmlformats-officedocument.wordprocessingml.document
1OqM5C_uBKz_BjHmV7wjaYk64exdoH0YJ,Certificate - Software_Fellowship_Organizer.docx,application/vnd.openxmlformats-officedocument.wordprocessingml.document
1-JP4jvRIMwK3rC8M7NPXrsyOW5zfFxqU,Certificate - Quantum_Computing.docx,application/vnd.openxmlformats-officedocument.wordprocessingml.document
1AGHHHm3FXF-3gNDH_Ii7XkUkjyqLhg3W,Certificate - PUBG_Organizers.docx,application/vnd.openxmlformats-officedocument.wordprocessingml.document
1smY91IiimaLSBzjvAFz7OroRm5vsL3sq,Certificate - Proteus.docx,application/vnd.openxmlformats-officedocument.wordprocessingml.document
1fAjfV8rBjfc361XkjIpVImnc_GooxeIc,Certificate - Matlab.docx,application/vnd.openxmlformats-officedocument.wordprocessingml.document
1JCTGwYMFnLkpEgobWIbGsaTPZzUtDJJc,Certificate - LogpointCSW_Organizers.docx,application/vnd.openxmlformats-officedocument.wordprocessingml.document
1-EpqexXeBtBS0AsQGtKF7v5zH5MqxQ8p,Certificate - LOCUS_Cup_Organizers.docx,application/vnd.openxmlformats-officedocument.wordprocessingml.document
18Tk5r1ByPMFMLvHezLM5PDV3CTyEorRm,Certificate - LCSW_Participation.docx,application/vnd.openxmlformats-officedocument.wordprocessingml.document
1HRaC4N7l9KUZrRGhmKCMQ0HNkn2oFka_,Certificate - LCGF_Organizer.docx,application/vnd.openxmlformats-officedocument.wordprocessingml.document
1CW48WhUswxbAQvNoLVKYk7kCsmCmtM6V,Certificate - LCGF_Blank.docx,application/vnd.openxmlformats-officedocument.wordprocessingml.document
1-YEtayOGQiqbJDiYcONiPGBQVbmmqTND,Certificate - HWOrg.docx,application/vnd.openxmlformats-officedocument.wordprocessingml.document
145PIb6u0W6BYXI5MzfyCyGf-6LOMC7eH,Certificate - HFCYG_Winners.docx,application/vnd.openxmlformats-officedocument.wordprocessingml.document
1oNkZnWBvhErIsTf5gISB-jl2qK2WGXqz,Certificate - HFCYG_Organizer.docx,application/vnd.openxmlformats-officedocument.wordprocessingml.document
1YUldwiGhRXq-XGX8sbE83TOEP2sUxVlG,Certificate - HFCYG.docx,application/vnd.openxmlformats-officedocument.wordprocessingml.document
1t20Ksv77110JliIX1WvH0qHCHTX5QdZl,Certificate - HardwareFellowshipOrganizer.docx,application/vnd.openxmlformats-officedocument.wordprocessingml.document
1s79Cs96VH4lIWA_5xwlrYA3YqExkzcfZ,Certificate - Hardware.docx,application/vnd.openxmlformats-officedocument.wordprocessingml.document
13mSoPMg_BaIXhi8uqxm5QTLOnVYOPrdU,Certificate - HackaWeek.docx,application/vnd.openxmlformats-officedocument.wordprocessingml.document
1O7M5MN5FySNBcqr2mpEMSHohCsCaj7eF,Certificate - Energy_Hackathon_Organizer.docx,application/vnd.openxmlformats-officedocument.wordprocessingml.document
1fic29Uh3P9gwH4sCAxF-lB0mHi2vrD42,Certificate - GitWorkshop_Organizer.docx,application/vnd.openxmlformats-officedocument.wordprocessingml.document
1yc9iQKYqTenEFv0NmdPpuJcKoNpljFnp,Certificate - DataRushO.docx,application/vnd.openxmlformats-officedocument.wordprocessingml.document
1CAOyZOWQge451qqcA-hvwlszxxXrjYmG,Certificate - CodeJamOrganizers.docx,application/vnd.openxmlformats-officedocument.wordprocessingml.document
1womxbqUdLH1dRedngqD-rM4e4lNIBjlM,Certificate - BTCWinners.docx,application/vnd.openxmlformats-officedocument.wordprocessingml.document
1HcMG5LY_6e2kCxBMO-wjzDdZ2XnKIhpd,Certificate - BoHO.docx,application/vnd.openxmlformats-officedocument.wordprocessingml.document
12w_psXgPgI_oMYVJKySU2yWqB87DdQ9y,Certificate - BhoosTypingCompetition_Organizers2.docx,application/vnd.openxmlformats-officedocument.wordprocessingml.document
1ACUQH8eaKS-W1r5Mnr-nNkjHwBR-vsot,Certificate - AUTOCAD.docx,application/vnd.openxmlformats-officedocument.wordprocessingml.document
14fstJNw0o41YzhLL2mDJvfOqZ7gwDzmD,Certificate - EnergyHackathon_Winners.docx,application/vnd.openxmlformats-officedocument.wordprocessingml.document
1k_JWje89z0FKG3WEF4tiVk2bLg8mk0Ly,Certificate - Creatives.docx,application/vnd.openxmlformats-officedocument.wordprocessingml.document
1aV4WjLrv28kDwYRZXXM3CJwcX4A_ku0O,Certificate - HackaWeekMentors.docx,application/vnd.openxmlformats-officedocument.wordprocessingml.document
10oSYUUp9ptH3_iSaOUco9FNW9Qei2A2k,Certificate - GitP.docx,application/vnd.openxmlformats-officedocument.wordprocessingml.document
1HW_oLu-B4eKuco-J72l2kQ1FBurWumSn,Certificate - EnergyHackathonO.docx,application/vnd.openxmlformats-officedocument.wordprocessingml.document
1TbZ3NTBp9TREthmSfQG0E3FU3FSwM_t0,Certificate - HackaWeekVolunteers.docx,application/vnd.openxmlformats-officedocument.wordprocessingml.document
1J48byxjzj4cX9-hKC0qP0DZSiL15U3oT,Certificate - Basics_Of_Hardware.docx,application/vnd.openxmlformats-officedocument.wordprocessingml.document
1NeFTNp8YAx6zOn-aSnDwpzTSMvTQfCr_,Certificate - H-A-W_Mentors_Blank.docx,application/vnd.openxmlformats-officedocument.wordprocessingml.document
12lwB7dqwy47BRjkzurAkqbmsFAxattuv,Certificate - H-A-W_Organizers_Blank.docx,application/vnd.openxmlformats-officedocument.wordprocessingml.document
1sDNkSWQQskFr8MQ6prjRQ7P1I2f5AfOS,nmb logo.pdf,application/pdf
1tzV2wbPwoyKcemMZltDW3GdglMPSktNO,EW Logo.pdf,application/pdf
1H0c1HfjE0LZ7H_92f1yO7OlSp2j3WNjg,vianet-log-white-bg-black.pdf,application/pdf
1a9miMW9yEmY2yGAUfvIXtPyADiyizFd1,THE NEXT LOGO.pdf,application/pdf
1FyzeV89WTm1CCo0lulq4MRSzOdRcS0qu,LF Logo - CMYK.pdf,application/pdf
1oOHOvqaMzPcT96bCOjJ1TH6t8x06Cgot,Booklet.pdf,application/pdf
1OdjujAcarStQoBtCHzyy4JgHjLNBlkhN,BookletCheck.pdf,application/pdf
1V1vZpTScl2L4zMiXoa1bjXbCPfaiYYSm,EnergryHackathon Proposal.pdf,application/pdf
1-NrUN-ONOLgT5bO9HR0sWB0PbvHk76Mq,finaltokenforAll.pdf,application/pdf
1uObwWO5tu4kvjak7t5kLDugT-5tizO6e,shree-min.pdf,application/pdf
1ak4iIUItBZPPIObX0RSuIqNWemPpnmiT,shovit-min.pdf,application/pdf
1VhK5Q-7bwSgWjERv7PBJOitgIlllu0f8,Purushottam-min.pdf,application/pdf
16D-USPDJIxaGWuDnV-gFNQfI8TVu8WgK,oat-min.pdf,application/pdf
1lFNbj2k-h5T9gvC1OKZNSfhkjWLOQEyl,kamal-min.pdf,application/pdf
1B0ypS5FhohyNzRaDIq_DtYvJ3RQjBoqF,ghanashyam-min.pdf,application/pdf
1qHIwtOXkHfHj5dAGb_2rw__XTh4LEOXH,dibakar-min.pdf,application/pdf
1523Rcz9ihh2KQ2PL_JGKN0_rm6XY8p7Q,aman-min.pdf,application/pdf
1x2VvspxKyvadOJzd49ESMH1z3Jicg8XL,License premium.txt,text/plain
1pZMTWGL_JuL8FA0blVpYH8p8NTr29XY8,3959340.ai,application/pdf
15bYf6U9E-9qWQwto2bAtt_FAG2Gjx153,Aasman1-min.pdf,application/pdf
1OM5Q21Nu8tqpqXNQZYckyBhT1EpAuVZE,Prashant1-min.pdf,application/pdf
1-rAhwExDVLWW7ws_WCh4AVbSVqTdVStj,Rishav1-min.pdf,application/pdf
1q5hB74bkJszQuqKoIlfOl2KIVAZuDuxg,Saju1-min.pdf,application/pdf
15Ab-DlKrx_FHlll0tz9TVBKAlu__Trcn,Abinash1-min.pdf,application/pdf
1N8XzlG7t8ghY1VJNT6rLuka6H2jdmE-w,Love1-min.pdf,application/pdf
10uAkvLzIjPmSTWG7dyuQF2o4khxLNyru,Pawan1-min.pdf,application/pdf
11tFj4Syy8VEIw1BHemphT_FU64L3dXJu,Asim1-min.pdf,application/pdf
1Cd5DCa_BZFMfc9_RmZ2YpuFDq2Ieby9y,Shiva-min.pdf,application/pdf
1Gls9Gr8J-5ZdY25UkKI_nPqU_XU4IAjS,Susmita-min.pdf,application/pdf
11NyGTdnDQzIggxPJrn9cq07RTM263Q9I,locusBhushita.pdf,application/pdf
1sRwXKHA1dWbtfs8TnDiqHzDbfQ7edjLK,locusSanjeev-min.pdf,application/pdf
1H3mnPU3KV-9RJT6FXdbVD162rOQ3RqtY,locusNayan-min.pdf,application/pdf
1Z9DfZitzQhextDsP4e2BBe4dv5HL75xb,locusShishir-min.pdf,application/pdf
1a27pamdvx-I4WK5QUM0ZBZSzD0EKiTMX,locusDhruba-min.pdf,application/pdf
1vXTKAzWT3NGKh6L0n-Fr0ihKoj8Hnfdf,GMT20210722-102344_Recording.txt,text/plain
1QHUferEM-VR038sG99CVvbNagEiSKfcgIlqsnurVs9I,Event Details,application/vnd.google-apps.document
1WdHmhdUOLdZu7NLQUhE_8Q57QXLXsMfc,GMT20210730-124619_Recording.txt,text/plain
1i3QbsKI9fml2Zj-kNYJf1Esh5jkzVWhh,GMT20210722-102344_Recording.txt,text/plain
1qELhbQyH3NXOwElLv5rwWuWGxM9Cc6OAczuckHhCSZc,certificate_names,application/vnd.google-apps.spreadsheet
1s3MBkxotGRph7ypPsCjz2wvrV_GAvK3P,Event_Summary.docx,application/vnd.openxmlformats-officedocument.wordprocessingml.document
14J-ZRCY-_L9yvFtxiFBw2icXDu9F9oIx,Group Division.xlsx,application/vnd.openxmlformats-officedocument.spreadsheetml.sheet
1jdIhwYJmqjr6zvPXFZZsInm8l65tDD9f,Gaming Format.docx,application/vnd.openxmlformats-officedocument.wordprocessingml.document
11qyoBH6yEFL6u1OqZGTlrQXyWreXGFgc,Rulebook.docx,application/vnd.openxmlformats-officedocument.wordprocessingml.document
1IAot9rJOPfs_3ghZMrGxn1joaik4GGrx,Registration Details.docx,application/vnd.openxmlformats-officedocument.wordprocessingml.document
1alsOSsOxOQfrzJbyB4_1_dbyWv9PJOPP,Event Details_ LOCUS_PUBGM.docx,application/vnd.openxmlformats-officedocument.wordprocessingml.document
1Z46QNzHqDA4W31rmv0rJGuwLF8bM78Z3,Copy of PubgKhalti.pdf,application/pdf
1pZclUNWhYY-MvPLxeTMpar9a9udeXZL9,PUBG Locus Gaming 2020.pdf,application/pdf
1ORhN7YESs7E1bfvVHm-OtH0m0qZUSfc0,PUBG Locus Gaming.csv,text/csv
10DWiXc15b9edEyjrDkdAo8utHKA0evXI,commentary.docx,application/vnd.openxmlformats-officedocument.wordprocessingml.document
1vEHBQ2jXnyuxzY5alGmurUUp1ClNjVhb,Proposal - GOKARNA ADHIKARI.pdf,application/pdf
1QEKG_26_fNn4IRrr9kI9NIZ6U-sPWAad,Proposal - NISHA SHARMA.pdf,application/pdf
1DgvF11qd02a6Rcols-Khl6B9_RKl7pSv,inbound2522015470849541139 - PRASUN BHANDARI.pdf,application/pdf
1Zv0fgTHvkyYEU1jmHAA--ujpDEnmP9z3,proposal (1) - PRASHANT SHRESTHA.pdf,application/pdf
1zDacExLUXb_kVDlmkOPfrSWvjN4HCX6C,freelancing proposal - MILAN SHRESTHA.pdf,application/pdf
15jRO7rl9-9vH8E8bG_LNiGbnCrcSUEMF,Proposal_Final - ROHAN CHHETRY.pdf,application/pdf
1bKYNRhI_zsfKgkki2dD4oIn4XrnBUKkx,Minor_Project_Proposal___Final - PRABIN PAUDEL.pdf,application/pdf
1dEtsIFkU3GVlQwg4KktzBcGTQoff8gT5,Proposal - JANAK SHARMA.pdf,application/pdf
10oxahu9iDL-50PMmVbXPYDcsjOoIsZ-W,proposal.locus - PRATIBHA ARYAL.pdf,application/pdf
1rYPjkB93eCe8weKuLs1AdxQN3bNQlgDL,final.pdf,application/pdf
11tLVOpcPLizHGK-KBj0dVhUgwk9SrU-t,Photography Contest.pdf,application/pdf
1qyKB2zZP9-jK4slyf6MYxG5thUv4w7Q9,Template.pdf,application/pdf
17g43uJjEx8gk3AiKQ07Nrsy8Ek73gwbQ,names.csv,text/csv
1Pueh-mDXxI9WYjdsP4jBaeupfzit7AAo,Template.pdf,application/pdf
1_CS1JcbzBlHP_OSmOsSy1ieGEWkSyiGH,names.csv,text/csv
17UKxiNMWS1B8uh8jqG3MmkL18oiEmOgg,Template.pdf,application/pdf
1dL_Rp_Qmw9YuqYJ7KU-4qNfbzdDbp-PW,names.csv,text/csv
1OL8tAFWdH6ky2KHptb7vnQ43wx4ikO7U,Rinzin 01.pdf,application/pdf
1bjEZwQTGgf6__Yjxd2iULxS8RzEOTJrY,Nishchal.pdf,application/pdf
1y12DuHu04-iTgMIGXs4QNSCNU0t42BvW,Aayushma.pdf,application/pdf
1mFAFb04PkjGCraOw1tLBRXrTESYpoCoB,Yaman.pdf,application/pdf
1n8s9OdPClK5-2_c7F5y6sFWhSRB0f34y,Shreya Organizable.pdf,application/pdf
1O_BBy5z_om8GiU0lr1Wd_x_ciRJVIj2c,Template.pdf,application/pdf
1n65TJsTrx4MH1W_ZRh0tDO2n5eaBGpwl,gaming event winners.csv,text/csv
1pcscx4_wkQaJyeJA-AWc4-dJUYe7QO7S,Finalists.pdf,application/pdf
1Nmdt-diVgCeyZQCWksnYng88-s0Egsg8,Final.pdf,application/pdf
1xDrcuDJjnT2u_1H8NS3jTC3H-WQxeAZY,Template.pdf,application/pdf
15RBloNgD-QEZLk-4p2WDV6zMljd537c8,list_of_participants.csv,text/csv
1FUonbAvR7y_zcQBXWkUgUIRwqD3VIlhM,Template.pdf,application/pdf
1hKB1vBWT18pTf2w7CwnjNvBgO2nowlul,names.csv,text/csv
16bfFU5o6HvNqUGGJbBoJwi1GGJxrlKCb,Template.pdf,application/pdf
15CQxdisfUtX-crv987xhA2B6Ve5FWDfo,Energy Hackathon List.csv,text/csv
1ZpYKj46IwBTczjjNWOp2WnOL6mkWQO9F,ITONICS_logo_solo.pdf,application/pdf
1meJALBHchO34OyCgJ_pjWYUDoUPxnFSR,ITONICS_logo_claim_line.pdf,application/pdf
1T65GCrWynMcvunjafiYa3sAkMZGpMbTs,ITONICS_logo_claim_block.pdf,application/pdf
1s1Vlh6BbPRHoIw3Aa4qGAM8pBtRQGFxy,Cert_GamingP1365.pdf,application/pdf
1gFKxxAqtzHQeElbpznnNRHANlVCVyn77,Cert_GamingP1366.pdf,application/pdf
17I2cEDgxNophjsceKYr0bi9tqzRK-NMj,Cert_GamingP13612.pdf,application/pdf
1tuPVIuavGShKMuNQ9ahmLv24NfcCxRY1,Cert_GamingP13624.pdf,application/pdf
1wq3EnDQTOsQVoCLnbFnur1PdPYmxiQsN,Cert_GamingP13631.pdf,application/pdf
1MYZT0tzWK2ZXMCR04wijigeq5LWNYIRu,Cert_GamingP1363.pdf,application/pdf
1DXQ2NivBqTyamPUlLsItfK30htTjZRcn,Cert_GamingP13633.pdf,application/pdf
1tG4raupgGyRUYdAe9IoUeldB0LUYEHdC,Cert_GamingP13625.pdf,application/pdf
1qENYVkY45WRRYJybCF94ng5TLBrvPZrJ,Cert_GamingP1369.pdf,application/pdf
12WABdCiOeqlE01xiI3NAgX9mSaQo48S0,Cert_GamingP13614.pdf,application/pdf
1Tk1JxOsownKL84TMx0Uzu__fBYtKKQed,Cert_GamingP13620.pdf,application/pdf
1jTVZSti2tqTxoF-Gyvgye91obdCIHwSV,Cert_GamingP13623.pdf,application/pdf
1Tg2M4HNRv_G9hgp5YKGrU6xemUEgTh8l,Cert_GamingP13621.pdf,application/pdf
1L_BTqcRdEWZz7JSDvPBXdH5wshRCVxrk,Cert_GamingP13626.pdf,application/pdf
1v0qLJ4X_hrNZOGH1jbwARSECtNFGIuK9,Cert_GamingP13618.pdf,application/pdf
1mU6lRAbug9IEANKKaPM7iTN-F9t6jsHL,Cert_GamingP13634.pdf,application/pdf
17eO6LwedX-VqlxMWFReG0HGjlBI82e_h,Cert_GamingP1364.pdf,application/pdf
1XxQSddz24MG-geO3y9D6fD5ST-zFfv-B,Cert_GamingP13635.pdf,application/pdf
1I0OyYJ0q_nNrBR_zr9sd2GXuUYd4nrXY,Cert_GamingP13613.pdf,application/pdf
1k0h4R5wRHOs6ZBLIgd9Pee8MfKWrTv5q,Cert_GamingP13617.pdf,application/pdf
1oTIFMyZLV4imKwE6fJPCD0P9lpGMk8gv,Cert_GamingP13616.pdf,application/pdf
1nEvnTJX0H3VhQdgoh2MJj8tM2IBm01Tp,Cert_GamingP13628.pdf,application/pdf
1V_a6YRUbZ9nEWSvc8lzi7ljDJK8Bm4rw,Cert_GamingP1367.pdf,application/pdf
1I9UOVItsllbviQRumfzvVGTxyPc4azVu,Cert_GamingP13629.pdf,application/pdf
1ilT2rtLzXaorNzlhmU9OTdntgXZkZtNA,Cert_GamingP13615.pdf,application/pdf
1zAMGBUbiJ6VhekjfrFp2jL8nupk7Jc0x,Cert_GamingP13619.pdf,application/pdf
1gI9A73XARgm7jz07c4o7_-SPsCLGd1_v,Cert_GamingP1368.pdf,application/pdf
1UAZhfEjC0IQB6PIvIdwDdVbBr6IXQaQZ,Cert_GamingP13636.pdf,application/pdf
1SychZ8OSt5dLXoeajP-9XfIfLQqHmkuk,Cert_GamingP13611.pdf,application/pdf
1FLfezV8s3WtKUGnin1Jyw0ZgJdZwEl8H,Cert_GamingP13627.pdf,application/pdf
1zYuBI5xwvszwTQ2uZw3nFKfEj3x3llSE,Cert_GamingP1361.pdf,application/pdf
1_g0F01LI0wrIJljkT-kuX9TQK6kNdVOd,Cert_GamingP13610.pdf,application/pdf
1i-dOwYRGlT51KorZeELa2dOB-AGereEj,Cert_GamingP1362.pdf,application/pdf
1k_rgnfwDMwOO8UEbcQ1hK4Ew87_506pf,Cert_GamingP13632.pdf,application/pdf
1OcsXrx88uP79chMuFQ85v9ZjWtgcva2y,Cert_GamingP13622.pdf,application/pdf
1DAjjAcRDMBz_D270-jDMPtJ-1mx5f9xX,Cert_GamingP13630.pdf,application/pdf
1o8lemM9xZHXDiVi4sls0hmkaSmeInJB-,Cert_GamingFP1504.pdf,application/pdf
1Pew-Fs3R7nFcumN35VGOE4h4H_fYHXwl,Cert_GamingFP51702.pdf,application/pdf
1QK44BrW3ZAIDH2k5HMDymPGnhEHNU1NP,Cert_GamingFP15012.pdf,application/pdf
1NJ-FHQgh2USTcBe3_2HvNRUXCdVuAa6D,Cert_GamingFP517012.pdf,application/pdf
1Kiz45uiMl94Pm64G0_wPE3GRA9D-cF8t,Cert_GamingFP15018.pdf,application/pdf
1YGOGMHs7hQR3b4OCrK1JkQEPQMbPNQSP,Cert_GamingFP15010.pdf,application/pdf
12C-T4wql_ve7vCfOhslA2004VjM0RZQ6,Cert_GamingFP15042.pdf,application/pdf
1wROhXFL_Bz9YjimRhqcCgJZOXJrYR6Kc,Cert_GamingFP1507.pdf,application/pdf
10GQNCvR28xCGRv-dkpwFbMotcBulY414,Cert_GamingFP15039.pdf,application/pdf
1eHuIidexsOsRuQtl5Nylste_axt_bX_K,Cert_GamingFP15041.pdf,application/pdf
1ORbnpOq4jGScnHDlIfto5Y6OZGkOtZL7,Cert_GamingFP15029.pdf,application/pdf
14AHOTwjOLXVI8NtSNKQlXYLJTadgXpIQ,Cert_GamingFP15033.pdf,application/pdf
1tSnaZHnNuUe9oXaBJ0XEYeAngUpgUIcc,Cert_GamingFP15031.pdf,application/pdf
1gveaDhWhppl1TeR58ripI8O7GAfgXOu-,Cert_GamingFP517016.pdf,application/pdf
1nVKA_eJb_hnMPRDlMTGr5qkN5IizQsj6,Cert_GamingFP51708.pdf,application/pdf
1v79k9MxoKfSgkjWETxaIpN5q0ARGKNHx,Cert_GamingFP517019.pdf,application/pdf
1Lt65tkE79ZQTx9KF4TUuJ7-3q8zRYYry,Cert_GamingFP1501.pdf,application/pdf
1A80xJeBNhkXK4OvTFZKoWK_JmZRZ7k3J,Cert_GamingFP15048.pdf,application/pdf
1YRnuJly9ee8-oKPTMfnY5yZUuuiMWcJ-,Cert_GamingFP15014.pdf,application/pdf
1ICHdt61W-zodjpHUcpotAIsd0J2WntS_,Cert_GamingFP15024.pdf,application/pdf
19wJQZjK_RKVkrXUc-GTZ4ZTNmOol0RMz,Cert_GamingFP15015.pdf,application/pdf
1YAz_DitopfMS8jim85FRE7n-sfB0qp9G,Cert_GamingFP51707.pdf,application/pdf
1AmuFGlTA_1lTTLEw6-v-ZmwCnRoBXLmS,Cert_GamingFP15020.pdf,application/pdf
17LGHeI-qJm5GWaYwcXXNqsaP3StGKGz-,Cert_GamingFP1505.pdf,application/pdf
1xqAuAbJV6uhdzb28h7ObX0d7ltPjEtK4,Cert_GamingFP15035.pdf,application/pdf
1nXI68EwUj3v-eiRzjdAHLrWiK4rY-0Ha,Cert_GamingFP15016.pdf,application/pdf
14x86X7lIInHoAOpQ93uoRw9uzhPsTKvG,Cert_GamingFP15046.pdf,application/pdf
1N8K4aoB3mBcKZbs-fQOzubWss3V0ncMB,Cert_GamingFP15030.pdf,application/pdf
1sYCStr4Ox2UQ3HpU1AEvBuzgC6YlMc6O,Cert_GamingFP15021.pdf,application/pdf
1RLNst7iR7IA_tzM0UhvuAGwKHF57fP2I,Cert_GamingFP15013.pdf,application/pdf
1xttYqsRdkSKLfPMd4Q6UrqS2TseUPMi1,Cert_GamingFP15032.pdf,application/pdf
1k5wtF1f-Oki3dbKUDnjFZORjcpUvPpOt,Cert_GamingFP1508.pdf,application/pdf
1zZ2G7eF8vpI2LlHqYM9q-EjJ0A-2eSN-,Cert_GamingFP1503.pdf,application/pdf
1A7GiFyHKtbXicYGmyS2-XiOqfSbq5cq3,Cert_GamingFP517020.pdf,application/pdf
129L00XNghh4ttx_9uZk3wM5iKsry97N9,Cert_GamingFP15023.pdf,application/pdf
1cJMcVCbuJh1b9xSQGYEMZJoJlPMH-g0x,Cert_GamingFP15034.pdf,application/pdf
1zaKuw4cxFwAREwRGkgr7sFhUnoDcnZU2,Cert_GamingFP15019.pdf,application/pdf
1E0eF7kw0KhF8z1dg7q1aLTOBcyZ6be48,Cert_GamingFP15017.pdf,application/pdf
1QCTyGah_Qk_F6mZGuEv6OEKNx6wzqWx0,Cert_GamingFP51706.pdf,application/pdf
1OcGtbsqCw0dLBqSEDpebZGwwv3sfMYnB,Cert_GamingFP51709.pdf,application/pdf
16ERl6FG2Xf6r11XleKVx7XfDTVHowV6r,Cert_GamingFP15025.pdf,application/pdf
1BtPGhE17jqyCP49xtg_rYTYVbA1kgHJq,Cert_GamingFP15050.pdf,application/pdf
1lMuuXmIokMxxOFRDa0lok4bV5CWc2po3,Cert_GamingFP15036.pdf,application/pdf
1e8ek13ydPGGqU5hl1V1V870QjjcDU-DC,Cert_GamingFP15049.pdf,application/pdf
1sAg5OGXQIxAPSrVqD4LSHsyTiDmUx0UT,Cert_GamingFP15011.pdf,application/pdf
1dgp-MpbStR3pEtHY-DOlr070o9P5PUI5,Cert_GamingFP1502.pdf,application/pdf
1tBNCz0NrmNyqdVyZpIA8gw3dNqosXbQl,Cert_GamingFP15040.pdf,application/pdf
1eFK6TyTEHOEA1ZxIeZ8Huce3ipHVOYTQ,Cert_GamingFP15044.pdf,application/pdf
1emNTkunsjGd_Ts-Dq_YpnJXwST87D1Sy,Cert_GamingFP15045.pdf,application/pdf
1PSG6lbx4l1aGmqUft_uTiN1mlIXd279G,Cert_GamingFP51705.pdf,application/pdf
1aBdmWkEJElPLfoUNUnBgdXMe5x0TQ5N7,Cert_GamingFP15038.pdf,application/pdf
17FNQKMasJSbSjm-HRWx2MH1bMDMW_SzU,Cert_GamingFP517013.pdf,application/pdf
1k3KzdMZ3xNGhqJdGMzsQhLcO_TcVo7RC,Cert_GamingFP51704.pdf,application/pdf
14k7vlEhGiX8txv7RAGfSE2N7A7cVZtSl,Cert_GamingFP15028.pdf,application/pdf
1b6KGg315nipWKRZgO9fwGP5NkBsWdnQD,Cert_GamingFP1509.pdf,application/pdf
1yKx0mDBqji0LQriX1O7YWhcOtny-TDDO,Cert_GamingFP15037.pdf,application/pdf
1JFJ_IilOKw9Bw741kDCPy_IiWodJv18t,Cert_GamingFP517018.pdf,application/pdf
1SlSmreC0ljVA0aCVQA6p7kKfuZa90Syb,Cert_GamingFP517010.pdf,application/pdf
14tzVKFj3o1ditbem9tExyoP3lk5xLK_y,Cert_GamingFP1506.pdf,application/pdf
1THPw_Vn_SKMt6qaJiOtnx5tfql4R7stP,Cert_GamingFP517015.pdf,application/pdf
1-aT68reTQ5sFOTTpauFAA4fgRYPWrPbE,Cert_GamingFP15026.pdf,application/pdf
1PsUL4_lvVF_L9wLVEjF6PD04wibpUNJ3,Cert_GamingFP517017.pdf,application/pdf
10n8rVDEZOqItYB4Y9oEWTh2JZFCE6Yvi,Cert_GamingFP51701.pdf,application/pdf
1IF65pu4WFXcD7lvEkKEmXR0p5jEYM7LT,Cert_GamingFP517011.pdf,application/pdf
1jg3Z9jzF1LkE7WOpkDujdWirfmPP_Mu8,Cert_GamingFP15027.pdf,application/pdf
1w_w6HQgHRbYxQZHfbF54cRtI7spQ43M6,Cert_GamingFP15047.pdf,application/pdf
1fDerdb6JBc-ATsdxfMAp3fdHKFYtxb5k,Cert_GamingFP51703.pdf,application/pdf
1yoF4Da3s2rjfB2Vs38lW2hM65JN8LoXc,Cert_GamingFP517014.pdf,application/pdf
1tJ0_GcvBQTenpZYyfHrF09clYnKmBbus,Cert_GamingFP15022.pdf,application/pdf
1AvJ4088JL9shK_HiLWGwEF5olzPrAnOH,Cert_GamingFP15043.pdf,application/pdf
1_aaEMSEtMw6MzbNnaMOxWcnGJAhsueMr,ITONICS_logo_claim_block.pdf,application/pdf
1uToCRaT1m7cIzKq_9NHcBra7pRbVig92,ITONICS_logo_claim_line.pdf,application/pdf
16KC6WqKyFVGBsAJWjzumEhyZ0c5aF2rr,ITONICS_logo_solo.pdf,application/pdf
1ibb4PGhdvKQVxidN-IdfAuzKPhnti3s8,Cert_GamingTF.pdf,application/pdf
1GsbNX-CMFIinRzYnUMInwCxUlT6jw-7W,Cert_Gaming1st153.pdf,application/pdf
1cJvP5komU_db5Cxle6T8ydUFUn_YG1p4,Cert_Gaming1st155.pdf,application/pdf
1shFclKlp6x7jK7z4q7Qd3u7Mjy3yEFgd,Cert_Gaming1st151.pdf,application/pdf
1dnGrbahgbYm_tcFSNhI7X0xskvXjNF4L,Cert_Gaming1st154.pdf,application/pdf
19X6L_oQPEyGzDa_XDk0GsQAjwGdJ54vo,Cert_Gaming1st152.pdf,application/pdf
1Worz4J_tei7URaORNOxvLWnUItBd6l_A,Cert_Gaming2nd152.pdf,application/pdf
1bzPHzeV5NeRylJn6G2kujqWvlmb9i-pd,Cert_Gaming2nd153.pdf,application/pdf
1sqFKIpZBgVxJ5K86Tq-WDf3uDhdM4p7G,Cert_Gaming2nd154.pdf,application/pdf
1WAB8giCocqBCURofKMrVQSvMxLqxcjPR,Cert_Gaming2nd151.pdf,application/pdf
1oAWzDTuis3mYXY460NYop-JL6dAw33DJ,Cert_Gaming2nd155.pdf,application/pdf
1t4B1SVWObe5K1DSaGZETsNXXudGAoLhf,Cert_Missed1108.pdf,application/pdf
1Xp32pWdzRtzjyEVy3A_Kax_dhlBCGO7V,Cert_Missed1106.pdf,application/pdf
1aOnXe2_zkWCSHaiKWKxldgk3-0E39nM3,Cert_Missed1109.pdf,application/pdf
1VI6ULMCzV9CNCsUfhFjKNTyNu4kWmvR3,Cert_Missed11010.pdf,application/pdf
1ynH2LSRF3ce5vZ0gjsjZEm7E0FU5DI-Z,Cert_Missed1107.pdf,application/pdf
1L8OGgvM5mCN5BzZBf8gAoxhk12NZDJO1,Cert_Missed1105.pdf,application/pdf
13JWb9Zz0Zvo7TMiPBTAdrTPqLz8E0uw0,Cert_Missed1103.pdf,application/pdf
1aOaEU_9tllQONcBZ-zSzg777NpFVmRE7,Cert_Missed1102.pdf,application/pdf
1lQyarKQ0py0Wg6Pu7vZr1keKNPD2P2Ww,Cert_Missed1101.pdf,application/pdf
1G7jok3xy4S0aAGiIqh860FzOWGCTUQSw,Cert_Missed1104.pdf,application/pdf
1eOpiMAuNaqAawoPojQ9PEWgUSnTM2-GH,PDFMailer476114.pdf,application/pdf
1z45yzpWKFXt7kUW5Hzu3f5dPx_8OEC95,PDFMailer47615.pdf,application/pdf
1E7adIJObowb0b3knTlV0-byNIt7qsOJv,PDFMailer476111.pdf,application/pdf
1EPWAanZxp5dpKwEfFgrtZJB2sKBY_mPs,PDFMailer47619.pdf,application/pdf
1TqjR4ESTrk6Pmr9RcllWyzQmi-ggGrnF,PDFMailer47616.pdf,application/pdf
1VNEYTBvou737Ffr5zgfcTRMIgo0-4-4S,PDFMailer476110.pdf,application/pdf
1dgRNSyeTydRwfzpAR8tVZADgxfLBHcGK,PDFMailer476113.pdf,application/pdf
1K1u4aX0MJeQu-clEkZNisF-z2lNxVaE1,PDFMailer476115.pdf,application/pdf
1TELEmDDNJUlJnoYEvQGR2uXoDHLXTOtE,PDFMailer476112.pdf,application/pdf
1hiURGjO9YuTYgtHSez23JHFdaeuu7_-E,PDFMailer47614.pdf,application/pdf
1hbsQ7fMK6xo1L7uZPCde5o7mBIWPNQu9,PDFMailer47617.pdf,application/pdf
11JNdsQxuptFgcBLiZrAL2Yhb8fDhXmKb,PDFMailer47618.pdf,application/pdf
1S--AX3FTkOzvnxMxGgGWM4aV0SaKUUHn,PDFMailer47612.pdf,application/pdf
1IfQ-RdsEYEVuVF0v4QcKnyfkpt13Xpjf,PDFMailer47613.pdf,application/pdf
1S08szOqBxi3oWjd9zK7dQyMZ1Aw5-13P,PDFMailer47611.pdf,application/pdf
1hXG7Z72tsBQIKACDu6FOH3YzCzi3vg7y,H-A-W Organizers.pdf,application/pdf
1okgZonvuOgaUPM0Evf3B3gdDUOMrHwqK,PDFMailer51616.pdf,application/pdf
1p2GtMQa7mBlryR6h-N3f5UgDoQ4EMhmG,PDFMailer51617.pdf,application/pdf
1ZqQhaWFnXY5d0aszbzjhulAaXmMajTTn,PDFMailer516111.pdf,application/pdf
1suT2ikSg9J8kq88_74B-QFQykcLYSaEK,PDFMailer51614.pdf,application/pdf
1pr-Nso8RXnFquspJ06-VFVzaCf0kHv6B,PDFMailer51618.pdf,application/pdf
1AEszDY4oojcUkUGahoqk5TyjkViRCi6M,PDFMailer516110.pdf,application/pdf
1slGyYFkFR7xXEhY6AaEpuWazbyLAbfch,PDFMailer51615.pdf,application/pdf
1yByNWjTHLlHAhQpK_uUleSbhkshie8pS,PDFMailer51619.pdf,application/pdf
1KA2F6WMzzP6lDypbYJkGr4LN1MGfK1pU,PDFMailer51612.pdf,application/pdf
1x6Q_iEHm5BZfj50SF2KIH7KwJn7iMdNb,PDFMailer51611.pdf,application/pdf
1IioSd9LJUwWmTr9o0Bh3W8JEEaeeOLGZ,PDFMailer51613.pdf,application/pdf
1JOySirEDDFhatviteDCWT38aBSHio_jW,PDFMailer15050.pdf,application/pdf
1b9Bip9z4ezVMzUFU-ewtw9QM6YWVb6zx,PDFMailer15029.pdf,application/pdf
1v3mufJUelu6T_dItLwfU5qhAbpFu-370,PDFMailer15022.pdf,application/pdf
1d2rd8vZSKqq0Qbb1YMO8rmxeGqwhh9JJ,PDFMailer15043.pdf,application/pdf
1ocLNbEqYbSuUhr4NIvYK5oZDf54XaxBx,PDFMailer15027.pdf,application/pdf
1JH2s3RwAFieW0puLlCbQNxf4p02kE8OZ,PDFMailer15026.pdf,application/pdf
15cl2WKBvvekVlbcjEG-fVZDThV5pAGc9,PDFMailer15049.pdf,application/pdf
159zTfUtDPfsJivEpzhTsrawO2n26E0XY,PDFMailer15028.pdf,application/pdf
158AEjX-uBTIEAGgdjfjOzoOvzsfKdagw,PDFMailer15045.pdf,application/pdf
1Lw0VTplJfay9BIx0nMf8WkEW6gjyElgj,PDFMailer15025.pdf,application/pdf
1Bwfcq4LO22Cn07FnksUfArQRwxnYTJpF,PDFMailer15047.pdf,application/pdf
1kPV5kR7r7KGNUY31qGCUVm-0h5JUL57e,PDFMailer15023.pdf,application/pdf
1pPoALrlGraseyDz8xIMUWsZbw4NDGsW5,PDFMailer15038.pdf,application/pdf
1xczSmYVEh24bDDSTJOiDq7yPoPPIFenC,PDFMailer15021.pdf,application/pdf
1_Qh_ol6NMcLaalDHjj2BglALQy96H5_k,PDFMailer15033.pdf,application/pdf
1B57Xq4h7oOEsaidv7y8NIPSGBCuNvwtD,PDFMailer15030.pdf,application/pdf
16p77GloUj91XzyP3nw_bZDPeB8maJrZM,PDFMailer15031.pdf,application/pdf
1zKvQkNBl9FqdVTuQfJjT_S3ooQyxPJ46,PDFMailer15039.pdf,application/pdf
1kDaVJFUW4EZNZ6bOLijZR9opEdRpvEG8,PDFMailer15041.pdf,application/pdf
12goaYzc3aCHhpcuQpNaKJOQZq0b-vcfs,PDFMailer15037.pdf,application/pdf
10Z92d4xIiSaOrCdiCRh-qfdYR5GMVFf9,PDFMailer15035.pdf,application/pdf
1KDlK-AZNXHOCirlAUDLLPq5KJWFPbq4b,PDFMailer15040.pdf,application/pdf
1BEe4BhHGEOp6aHTYpDNqoQYivDJiJg23,PDFMailer15042.pdf,application/pdf
1oWSIgTreyv7bCaGnjRR07Vjdp0NyeBsi,PDFMailer15024.pdf,application/pdf
1FaArJ3nN4dohKl5J0S_CGUF6gVMmmC3h,PDFMailer15034.pdf,application/pdf
1HuSPu-873EPqw0D7suxyn9BGIoEOj97D,PDFMailer15036.pdf,application/pdf
1Hq0k0RAQOJfMMqTzpVu1IXUaifvm4MSG,PDFMailer15044.pdf,application/pdf
1CllPvMLEegpFsg12hKL50XiiIpU2oZpI,PDFMailer15032.pdf,application/pdf
1-hwZNeDcVN-1Klok_d9Lu9tZuaSfm37Y,PDFMailer15048.pdf,application/pdf
1pHTllGHQY-jsaVQaN3Eqf4Z8sIsjCwzN,PDFMailer15046.pdf,application/pdf
1XyF7hU4SuCeFOHCCixYJIidFOMe5_Oaj,PDFMailer1506.pdf,application/pdf
1NmWzUuUVaQxBpIeUGdaEH9U3bBRt1H80,PDFMailer1503.pdf,application/pdf
1srLDrjZ98aRX9QRhFnq1LajPOZhAHLb7,PDFMailer15010.pdf,application/pdf
1RyiKTgbXdtQqGO65b_wcx8bPKNWZWV8T,PDFMailer1502.pdf,application/pdf
1y4Tx03Piqgg0dDkN-QNi5SGnDlSZB2oW,PDFMailer15016.pdf,application/pdf
1eubTgtXso71vvQFxa7WP44qbtECeMahx,PDFMailer1505.pdf,application/pdf
12b1Tac1-8CIUTVa5EWKgRVu8UwOx-EsM,PDFMailer15020.pdf,application/pdf
1PjZ2A4v8VRIJpBMQp42VvzlKEgHcv2Ny,PDFMailer15014.pdf,application/pdf
140Rhcw2GYmy4PaRrQs00dsRtXIl_inA-,PDFMailer15019.pdf,application/pdf
17SbhsIjG3A2f9ZtbgQMK2OYltClvDSCU,PDFMailer15018.pdf,application/pdf
1at-VTrGPIw8or38P9PhvsLqc6cCj_0-J,PDFMailer1507.pdf,application/pdf
1lpyLsuCTyRUHslPQynDweQwsl10LPHw7,PDFMailer1501.pdf,application/pdf
19XhjaAujtfO3hX5nfXBZLOCBIcPpl5hq,PDFMailer15011.pdf,application/pdf
1qJQTFGIZ32q9SGSomc9z48Oqa7u8vj5a,PDFMailer15017.pdf,application/pdf
1Jtos3uw47Bt1OPbvVjmgaoUJTqafZFGW,PDFMailer15015.pdf,application/pdf
1G37j4V4oVAmPelmW8M7Yx58jGsun7HD_,PDFMailer15013.pdf,application/pdf
1SIytmm-i1XY3-c4dvOr2x-ny-G4s0Bun,PDFMailer1504.pdf,application/pdf
1X3eGB-b_2qCSQgxGBGJuTPZ91TTINOog,PDFMailer1509.pdf,application/pdf
1w0kUsNGMk9Fp00FpF2-eDU5xXhoB5ZCC,PDFMailer15012.pdf,application/pdf
14s1BqVqZ19cIrgaoYRmet_kS_ZQZBZ-f,PDFMailer1508.pdf,application/pdf
1FAwUvbYfj9d0_xUhSHjmAUxGt-miZjpt,Cert_Creatives12715.pdf,application/pdf
1KbFdvnKqhx0ZAurcqIr8gSaZMMxtLsRb,Cert_Creatives12710.pdf,application/pdf
1X5m8bdC7LiPY82-XPq6iFdfbxn3wsxVG,Cert_Creatives12721.pdf,application/pdf
1Bj-kRnn2smZJNxFQzOpKQYT0UEB4WylF,Cert_Creatives12727.pdf,application/pdf
1le052nXe3jsthGf8vh4ZHk0cR16AaLzO,Cert_Creatives12726.pdf,application/pdf
1dBGz2S4o_2Zkz-GvdzUNnovhshtAzPmd,Cert_Creatives1276.pdf,application/pdf
1IhYy2rNLbS9aV_EZ4KwglXg3mOgzxn1p,Cert_Creatives12713.pdf,application/pdf
12VFgEzT-0gW4vUKqNpYNxuIWa3BnslzH,Cert_Creatives12724.pdf,application/pdf
1yITa9G5N8EZ-kCqgvDV1MqIGX_Hpdjxq,Cert_Creatives12717.pdf,application/pdf
18C5DIr2v4qWDZMnhH6FO88b7th0RIFm4,Cert_Creatives12712.pdf,application/pdf
1jFe4UMu89znVnyF1AhC-Du1sjQJKcPxe,Cert_Creatives12719.pdf,application/pdf
1tQdO1r2XmkG9UlrorhrK0csqtU0qTTzN,Cert_Creatives12722.pdf,application/pdf
1vixyDKmsClx4mh2fhMaSU5k7-DLacKh1,Cert_Creatives12720.pdf,application/pdf
1AzquWI8Yq0IsekQkETI6Urgn4zdeWLPv,Cert_Creatives12725.pdf,application/pdf
1YWFIjIS0fb4HgUBcmGFQmtJc4FYVxJpX,Cert_Creatives12718.pdf,application/pdf
1QSiZjDyx2nyVP4yauVcoE38-VtpvSn3c,Cert_Creatives12711.pdf,application/pdf
17fs4ZIxvMcQvaA-ypt6KOWjZfdXxxD_V,Cert_Creatives12714.pdf,application/pdf
1PitUVRFPqM8Q0Y_EAYN0mL0zwpt5RIUR,Cert_Creatives12716.pdf,application/pdf
1XlWn0cItzYlzKReSy_C7kHpKjMsqomC8,Cert_Creatives1278.pdf,application/pdf
1xKZxKmKVZRvZi2G3QwgwEyoHVoGNq8nK,Cert_Creatives1279.pdf,application/pdf
1sFC0OMdjouIa43Tlt-h1FvIVN818w1Nh,Cert_Creatives12723.pdf,application/pdf
1pK4pm8E7NLarDvbHZ3MCAuUkFjQXLt4d,Cert_Creatives1277.pdf,application/pdf
15DVawT1Dvnxx7_O25dVGgg2jv27xfoMB,Cert_Creatives1272.pdf,application/pdf
11JxwRXjC7TBJHyC9i6wo6605feWHND6r,Cert_Creatives1275.pdf,application/pdf
15_DcfEdUTknzSVznKhHVOChg5DEPWKzA,Cert_Creatives1273.pdf,application/pdf
1yBZuMck9OFVWyTj_e57m-LYMeY-FuJlx,Cert_Creatives1271.pdf,application/pdf
1ckQWPIe4LHdWIA8_MGy8WpXAXc1sGbXs,Cert_Creatives1274.pdf,application/pdf
1tkYpq8kHT-9VPoGZKPgCmUCthJds_JFl,CodeJam165.pdf,application/pdf
1G0GmhKSnTgjz6K5Y3pcKQDp9Gb2Vxn-I,CodeJam163.pdf,application/pdf
1DC7iWSdb0KD39xaXWuzBxWl2nkoRlUgY,CodeJam166.pdf,application/pdf
1pxfk0hfshzXP54CR2uHb93hu80rRZk-T,CodeJam161.pdf,application/pdf
1JOqbtMCqRnBkAufpdrrjZ5Op1TaYEbti,CodeJam162.pdf,application/pdf
1BM9UDgbeM7ri4-4SP96vGW__aVFb0oTa,CodeJam164.pdf,application/pdf
1dDCaJlrcvyINjZ1DAfJIbfHHKqKiad-3,PDFMailer15032.pdf,application/pdf
1TXL9_tfrGPvCeB5zMlEEndh1rlE_fbGL,PDFMailer15027.pdf,application/pdf
1-ZAidCw2e6RS6IBzEapL1fZWq62uXk6o,PDFMailer15025.pdf,application/pdf
1U_3z-v6cxN1n_kQTvDrb7zglF0MHJ4hW,PDFMailer15021.pdf,application/pdf
1eLGIVMTSyzgKeJhZYLU-jZfvvR92PmE9,PDFMailer15048.pdf,application/pdf
1Vr66x9JnoDtRWJNed7iidm29kslDFZ7P,PDFMailer15047.pdf,application/pdf
1bV6wICiudRsjKgSuDzJ1Dz8i2dnRWDfP,PDFMailer15037.pdf,application/pdf
1GEBkI-mUlJknFs0XNllt3gT7Tqutt7ML,PDFMailer15039.pdf,application/pdf
1QPU6_cc-ydKT61hMABFuc8zO1ewYUqoI,PDFMailer15026.pdf,application/pdf
1FXG9piInj_Tf3sWcGZH47OwFMK1nPCvl,PDFMailer15050.pdf,application/pdf
127dJXokewnLuRAmO8d0vCCqxTqIWh1hL,PDFMailer15033.pdf,application/pdf
1w6Wb_y4e89ThTFKmaG9V9g07-tnLSwyI,PDFMailer15043.pdf,application/pdf
1MiLsXuDy8gG6pDzWUMZ6JblSeFLkOui4,PDFMailer15035.pdf,application/pdf
1f0yGwgY4QF1TstPY4w02OXIEPVUZTjfw,PDFMailer15023.pdf,application/pdf
1Er6xNzsKoB0GNTYyCWDhRRPlrX9gYt_1,PDFMailer15049.pdf,application/pdf
1R1mueaxiTHlbu5wrrzqhkSCj2EdOfn18,PDFMailer15034.pdf,application/pdf
1xYN7Gnma7lyxUjKJxd4-dazxUqy1KzZh,PDFMailer15042.pdf,application/pdf
1Ehc8Bis0bes4vjWqgBQbYKb0SLpURzz7,PDFMailer15044.pdf,application/pdf
1rXWawOq8e2gaMjYHsUDFzvmqYbWUU-fo,PDFMailer15024.pdf,application/pdf
1il79xXCvTxsyEWTE9r8nPaeqWRbj7Q9J,PDFMailer15029.pdf,application/pdf
1ZykJ8DwuxfF7Mo0GtsopjTBfbMFNMH-_,PDFMailer15040.pdf,application/pdf
1Q-9_ElmOb-30fR7rgbZ4Ml-qfyzSwJSy,PDFMailer15038.pdf,application/pdf
1jMZH5mMl3iIFL1R7_PC051erWbSlroAU,PDFMailer15046.pdf,application/pdf
17YcFAYJuivzk4EjJPCITXiVJqY_xinPa,PDFMailer15036.pdf,application/pdf
1opaP0a-L-5gody6-FPkCj_oJcTuP_8D-,PDFMailer15041.pdf,application/pdf
1QGLj1hLDQtqiBdN7DoaUn3FmBnCIt0HD,PDFMailer15030.pdf,application/pdf
19fGM5t3XEJrSqu1kAjPWKzNJMtqycwif,PDFMailer15031.pdf,application/pdf
1iQuVcf5PuhNmNUvI2ld51jQSBYyoYFcx,PDFMailer15045.pdf,application/pdf
14RYurhsCuk-oySfWMiK26xHZuXyWcSvc,PDFMailer15022.pdf,application/pdf
12TdFm34wLQx7b5f57BoPSaY0iXmooxJN,PDFMailer15028.pdf,application/pdf
1moHwd0WxwTD81u_u5WTX9JzpR71CzX1g,PDFMailer15012.pdf,application/pdf
1cU3jql6BCJ94OuYFOoV995WHsgct3yho,PDFMailer1502.pdf,application/pdf
1PO5Y1LSioWvjNbDtSy3-is16v9STetS_,PDFMailer15015.pdf,application/pdf
1MqL9KCInJlloQ3O0_el4ovGRXGjLsVce,PDFMailer1509.pdf,application/pdf
18TbBnDRhofqxwBm6OOWFAz3HZn0Eqs_x,PDFMailer1507.pdf,application/pdf
13kPfgM27PFKdnyxGpYd_MF-RL1d54DkG,PDFMailer1503.pdf,application/pdf
1DNAMScjIIbASWvlrbLZGtu_Tfl_iOB9v,PDFMailer15014.pdf,application/pdf
1vht_vZGWE4U2c2YCr2JvNFZrhFp4-p-o,PDFMailer15010.pdf,application/pdf
1Fqc8cD96g5If6TgpXhFEm25w8L_3_0-I,PDFMailer1508.pdf,application/pdf
1vz9wUzAPzKvEdmlQmd12MIAjWRQcZwse,PDFMailer15011.pdf,application/pdf
1kvD0GdxTOCutYS2FUrEwtT84ikwEvlY3,PDFMailer15018.pdf,application/pdf
1HYnbKFRo9GUMIPTbJTpGVqcc8y0jfv25,PDFMailer1506.pdf,application/pdf
13b3koAR2MLDhf4cLBBC5Wwmnay1_m3bH,PDFMailer1501.pdf,application/pdf
1V9ztL21DnJrFkYbtFIclm_y5l39Ezrtw,PDFMailer1504.pdf,application/pdf
1Bq1MmS_IJEYP8DgyPZ6Ak9DbzlF1JFD6,PDFMailer15017.pdf,application/pdf
18ZlA4rM7hI0nJJ5SX4u7Vy6HQU253qZM,PDFMailer15016.pdf,application/pdf
1MsdfddIngPgc5cXK6cYpqYFSzL9rziPl,PDFMailer15019.pdf,application/pdf
1tBpgnS8ctjj9ZQYIWexattRerr0AdQ_X,PDFMailer1505.pdf,application/pdf
1x_OWHL5jaBdK3OWOPgJXY28wT7g3N_IM,PDFMailer15020.pdf,application/pdf
1y8Cmga_x09fi4yrb0azSFWgBRvelvjuV,PDFMailer15013.pdf,application/pdf
1pu9khIT3NFF-Rb1SYehTrKqMzm94HYJR,fusemachines_digital guideline_final (1).pdf,application/pdf
10JgpPcBLhFT8dHbirS7Qtu7Sh17Sk9nI,Artboard 1@2x (4 files merged).pdf,application/pdf
1TooIWTy3KWZLy3n1pw4GuSsBgxkxDdAJ,Artboard 1@3x (4 files merged).pdf,application/pdf
1rJ9LJA6Ow9HkXTaQ8yIXhIRWHKi2ymHm,License premium.txt,text/plain
1sHNWru7dHTYwV5u3Pru5XGyCHGUqRBap,License free.txt,text/plain
1J3Un8DjYfdM0H8CHTM-hb-RhWpEUsUXd,License free.txt,text/plain
14siZ7mP56iSszmbQ7qAZDE3giw_3Y-Fz,contact info.xlsx,application/vnd.openxmlformats-officedocument.spreadsheetml.sheet
1s7Fg-5DE8putxJAfF9yir9b8DcMJQAlz,contact info.xlsx,application/vnd.openxmlformats-officedocument.spreadsheetml.sheet
1iIt1gxs3_Nv4i10tgQZ8rV8ECbOCeDlA,Aasman1.pdf,application/pdf
1_g5nvSrAJ20wLe9DlWjWFAuwb-_tNySy,Asim1.pdf,application/pdf
1bKb8S4WG1lO-4HfRB9CAuXVcYLZESGgR,Pawan1.pdf,application/pdf
1OMEN_pmV-3ojMY-jUuw-t7vMBcR40qZ7,Love1.pdf,application/pdf
1nOKTj43u3rbYiJFUntiff4KTs3rYTUcL,Abinash1.pdf,application/pdf
1WHO8rSADAB_qmCvFSBjjMygg4ttcWSm0,Saju1.pdf,application/pdf
1rbexPBLQKEkvL2zq4ERGqG0d-F0QcR0y,Rishav1.pdf,application/pdf
11n1qk53ZmX23kQH5DVz56dXVXGk1Mdmw,Prashant1.pdf,application/pdf
1Uxzzt71HuHgR-PJFTh8o6Aj0FnD2vFue,proposal.locus - PRATIBHA ARYAL.pdf,application/pdf
1_cCSPpQuAYC9S1Hd0RCa_InRTEnCk6ki,inbound2522015470849541139 - PRASUN BHANDARI.pdf,application/pdf
1o9xlaXEDGYcZ49_klnoQX_Xjq_N6e3ix,Proposal - JANAK SHARMA.pdf,application/pdf
1t2me188jS2xwQZ4jgSY23Yw1pgkx7Px8,Minor_Project_Proposal___Final - PRABIN PAUDEL.pdf,application/pdf
1aHp8PquL1ddU1X6kvkx_KfYr5lAev9Nb,freelancing proposal - MILAN SHRESTHA.pdf,application/pdf
1mJJSdJk7d7MP_g15-UCkdYIfG1VPnNEH,Proposal_Final - ROHAN CHHETRY.pdf,application/pdf
1UIifgyXT3wjt73LMXIUtnowTM77YXl7Z,proposal (1) - PRASHANT SHRESTHA.pdf,application/pdf
1j9cZOOoKT_1YHCKjYYEIjV7izxJO6Mh7,Proposal - NISHA SHARMA.pdf,application/pdf
1paYvLIW0xM7nuwrKeyfp7ncXmmmmkK08,Proposal - GOKARNA ADHIKARI.pdf,application/pdf
1qlbQ65hWFOzRSj20f9s-rRf_aamOlin_,Event Details_ LOCUS_PUBGM.docx,application/vnd.openxmlformats-officedocument.wordprocessingml.document
1Z-3FGMJ9MU1Yk7pTVrYb5n7VmFAAjxBh,commentary.docx,application/vnd.openxmlformats-officedocument.wordprocessingml.document
12v1nPt_PL4QYD9eWLWxbrF7YyudaeHbY,Copy of PubgKhalti.pdf,application/pdf
1XY1LW8NR_u-ga3v39mp7EZkRwMCOeYM_,PUBG Locus Gaming 2020.pdf,application/pdf
1Pzf_2iqwVbZmaMkhcX28wKKPV8PTp5jw,PUBG Locus Gaming.csv,text/csv
1iRb-jMkj0NN-0k6W8gT39GtiRLbTZU4U,Copy of Event Details_ LOCUS_PUBGM.docx,application/vnd.openxmlformats-officedocument.wordprocessingml.document
1gnNlxXIJcXaSol5CMIatrZuLh7X8G7zS,License.txt,text/plain
1lX41f6VC7LjU1trhfYhBbqSRe6ulVv9B,Cert_GamingFP517020.pdf,application/pdf
1NtU2jkzkR0KtVrsnxVc98ltuBFOrhLkF,Cert_GamingFP517018.pdf,application/pdf
1QEBLCsf8NJkw_9FHMcWrGGi3kAvEPJ6M,Cert_GamingFP517019.pdf,application/pdf
10oDWJdjcS-fJOsC_JLlhtEPjlNaUqzE8,Cert_GamingFP51709.pdf,application/pdf
1HvBKUhFbWPIp5JDQm6r0CZCjXDCyPJPK,Cert_GamingFP51702.pdf,application/pdf
1Ginm0r7hvOYsPSWM3DGIOr5c1HN0T2wP,Cert_GamingFP517014.pdf,application/pdf
1K9h_0L4FRS8jzYoy5Rq7lRSHxi5ti88D,Cert_GamingFP517010.pdf,application/pdf
1ikHYIsJTg7DDIO8jiIxAb0wzzwfRqKaB,Cert_GamingFP517015.pdf,application/pdf
19_5qP6_EvH4BepSYPej7FSCLNLwoWYFL,Cert_GamingFP51703.pdf,application/pdf
1CpkxkzAOE0hJw95DOY7OKdx_xbpXy1qP,Cert_GamingFP517011.pdf,application/pdf
1eEu3pOIr6Bn2AwkG2-_2szNCLb0kjJMA,Cert_GamingFP517012.pdf,application/pdf
15InCyiOOx0v6aWG8DmpCtgvO1glHLES_,Cert_GamingFP517013.pdf,application/pdf
1p9z4AWhBLl1B4JkcuZ1vUXqkMX_e3HcK,Cert_GamingFP517017.pdf,application/pdf
1OxweV6505jgGt9BdKScrMXPmbWno5FPC,Cert_GamingFP51707.pdf,application/pdf
19m2d4KAIHih2lfbakaUrNP6CAPg_CYY3,Cert_GamingFP51704.pdf,application/pdf
1HtPTmvlVSHoU-p7KgIW95UuBasjaGkwP,Cert_GamingFP51701.pdf,application/pdf
1WQcnUdx4uuV0XntL_EB2Bf1lurlqEEpn,Cert_GamingFP51708.pdf,application/pdf
1ojjEYEslhHgf-E26peiY6t5MkT_5Zb6A,Cert_GamingFP51705.pdf,application/pdf
1OuwvahLdW4dd9J9N8YZEHgvnuEbPmJSS,Cert_GamingFP51706.pdf,application/pdf
12wQbeAtltVw1grl7PK2_OEW_Emdv9dKx,Cert_GamingFP517016.pdf,application/pdf
1rpVTke0crXqHGrN0zHJls2oSYaJg6xDf,Cert_GamingFP15037.pdf,application/pdf
1qrQp4BHfGNPrXeQqYxcl87P6u5ncSa5i,Cert_GamingFP15042.pdf,application/pdf
1yxlTwNVP1CaEctlyfc6LvWTm90YEx-qL,Cert_GamingFP15040.pdf,application/pdf
1jph_dwBLVF58cbvaE_gHXWPZnORhooFx,Cert_GamingFP15045.pdf,application/pdf
1Zhj34ITaj4qNwSv2pVSIgLuQBkocwkw0,Cert_GamingFP15036.pdf,application/pdf
1-l41XZz6O3z5fvY7_azlm3PmqtLQMbyX,Cert_GamingFP15034.pdf,application/pdf
1b6b8WsWdOAcaApyQ285ww8QuWoMmfz1q,Cert_GamingFP15046.pdf,application/pdf
10AmarNQQi3aYm7B69d902lp2Gib-hiUf,Cert_GamingFP15041.pdf,application/pdf
1rIshpCMxWH1AWxDs-pYnKblYPw3znZjh,Cert_GamingFP15047.pdf,application/pdf
1NxQ_d9o6kHAHKdnvPJFeBD3yxWCS1LjL,Cert_GamingFP15049.pdf,application/pdf
14JNnBL9fvpFdXo-Wj01CQNS_4FWaZWX-,Cert_GamingFP15050.pdf,application/pdf
1x_wBcpinn-NJKGRNQrqQfDmQLM4cA4-x,Cert_GamingFP15038.pdf,application/pdf
14J-aXFXTTvC5c_SJiOezO0blVDa0HX0U,Cert_GamingFP15039.pdf,application/pdf
1sbbMrsvzwY2YL0AZvNrBzNaecqYJzc71,Cert_GamingFP15044.pdf,application/pdf
1S4B4XPKOwE4puCpTs0op39FkEZzPnkzb,Cert_GamingFP15035.pdf,application/pdf
1rJdCWCjPGdbKp2YLOh3U1x0cLMScyckW,Cert_GamingFP15048.pdf,application/pdf
1b0ajfgMY5mr2YwcYvYE8vF72_klSpohS,Cert_GamingFP15043.pdf,application/pdf
1rcW0YYB5PF4NBtXSkYCPxLhJm6bbygUd,Cert_GamingFP15022.pdf,application/pdf
1kDTd0kKOod98SrpgKLyH52RkZ5hzEd85,Cert_GamingFP15028.pdf,application/pdf
1dPtrFDHwNWMfabtrNQMYRmRo7UmwDhO2,Cert_GamingFP15027.pdf,application/pdf
1T23qGkmg5-cGZC3gJABPT8H6sCFsXFRd,Cert_GamingFP15017.pdf,application/pdf
1wKUylFCZImMrHyA-RaSlWxX9wY1mFsAW,Cert_GamingFP15012.pdf,application/pdf
1U020bZKBYTuhgXk1IXo_JJuX1a3ZX7s8,Cert_GamingFP15025.pdf,application/pdf
1NNmxVhZDkd9fS_Ma04pxy4zaIl_Q1_T1,Cert_GamingFP15026.pdf,application/pdf
1h3UDVAZYk2vyQPU5pbd3CwNiMJZD6ZpN,Cert_GamingFP1506.pdf,application/pdf
1cUrScS4EfJoI4YBM0kbu904Ih6easNQA,Cert_GamingFP15011.pdf,application/pdf
1LLEht38P--KJ7uzJR1HxDUi1DfqJzoU-,Cert_GamingFP15024.pdf,application/pdf
1A6qlqLMlAkt6AlGUM4EDfsP7BLSnfVHX,Cert_GamingFP15019.pdf,application/pdf
1fv2xAjpNy6vPAhlGcYwvohxWSmvxWUmD,Cert_GamingFP1503.pdf,application/pdf
1JnNv1jCXPMhPj2ZAcvg28yntCtG9L-p2,Cert_GamingFP15023.pdf,application/pdf
17dXrvVN1wE7dPLK499YOU9xXVRd46M_l,Cert_GamingFP15029.pdf,application/pdf
1qfkUTUjBk5h0OTKxz71dowrsgR4sxq1e,Cert_GamingFP1507.pdf,application/pdf
1a1ttm6Wm1V8MOFxRYVutroyWnxdyXebY,Cert_GamingFP15018.pdf,application/pdf
1zKvEm1dJWmRPOuAh-qa5dPi8RmOn1_D8,Cert_GamingFP15033.pdf,application/pdf
1TWFw_jyJMZ7KnLzJQMoDD66zluE91HkV,Cert_GamingFP1504.pdf,application/pdf
1MirbOVrm6Fe_V1xPrrLXIp4LWTOpINqE,Cert_GamingFP1508.pdf,application/pdf
1hyLEajuZFVwzLWaSuY-DkB7w9hwYaHbt,Cert_GamingFP1501.pdf,application/pdf
17o-RYBgtJUyt1QsEFlVxNU8Z8Dl9sb5G,Cert_GamingFP1509.pdf,application/pdf
1jm8Qv_ax4bafFrVMdyJA1FUehvEkom-y,Cert_GamingFP15014.pdf,application/pdf
1YBShmTCZOZFHsHWjVUDOoUWhtniovkZ2,Cert_GamingFP15010.pdf,application/pdf
1Kbu4M8xfj18tLv_tV04gsVHAHCINnDDb,Cert_GamingFP15016.pdf,application/pdf
1987UxOJafcGL9mzHuhW0BAaq60aNln_o,Cert_GamingFP15032.pdf,application/pdf
1d0INq8uSftnKD5RYzpM0GYWBNttm5IEp,Cert_GamingFP15015.pdf,application/pdf
1fgxr9JE7rYMp_xEMCDgUgvOZUMxJr81w,Cert_GamingFP15013.pdf,application/pdf
1BUzwLBBqqnR6nVK-t3c3t6O22n-0ObKz,Cert_GamingFP15020.pdf,application/pdf
1n9dzz004TACghx95BvEsg5iAeIWL73yB,Cert_GamingFP15021.pdf,application/pdf
1U9EtvxBdDaNPOhRQ5_JscOpRqyyOQC7m,Cert_GamingFP1505.pdf,application/pdf
1JZlDatOma0-LbXvexNT5UPVgL0BGZ5Uh,Cert_GamingFP15030.pdf,application/pdf
1qJl8Vb0jSbEYx0qylkpsS7VV91zUdKJe,Cert_GamingFP15031.pdf,application/pdf
1sjWLJJs8j1mKK3TGmb7mdcnSXfPKg5Un,Cert_GamingP1366.pdf,application/pdf
1buMPnVBGTcE2EiK2juQIET_nRjWGMxsx,Cert_GamingP13635.pdf,application/pdf
1ecFSPfQ06KiHK-NcJQvLmAL1CXJBOq3L,Cert_GamingP13623.pdf,application/pdf
1JGJc3YAixHBKQrSqsoYHesBUKAGVuILK,Cert_GamingP13632.pdf,application/pdf
1DzOLwW7hULdDD5-yAqn5XTg3Mw7YJ4nu,Cert_GamingP13620.pdf,application/pdf
1En99UfHQ-3A-2YuW0Yi3IrXC-LUN_X6k,Cert_GamingP13629.pdf,application/pdf
1cc0VL5-Gp0-dAssYa11tW4z3Nh-v5yFg,Cert_GamingP13634.pdf,application/pdf
1ut3xSZV3fFIvoa7llMVbLYQnMdncJlvd,Cert_GamingP1365.pdf,application/pdf
12B8zMY1hU2GMaJTQHMX04r-aAF-yhMSi,Cert_GamingP13631.pdf,application/pdf
1cBDOOjxtqKDRWu1JX1dr24elb6HvhUt6,Cert_GamingP1367.pdf,application/pdf
1MZcvX8aI8Ns5iSHMCoZ2Exm9hpsr12Y8,Cert_GamingP1364.pdf,application/pdf
1x8OCa8HPrDTdTy035CD2rLZArWagRG79,Cert_GamingP13612.pdf,application/pdf
155dBukgTSv-hDbVJDOpnFfydb2JZQ7TW,Cert_GamingP13624.pdf,application/pdf
1l64sj6dTGeB9HC1dAnVSMXTc9F9U40-h,Cert_GamingP13610.pdf,application/pdf
1PUXIK84GMQXTbUCDeeLFWW_QMfoNDTan,Cert_GamingP13616.pdf,application/pdf
1LKiWiKN1XB1G1QVsg33QEz9UPVaYdioL,Cert_GamingP13636.pdf,application/pdf
1hbSqWqnO0V2E7rFp6xRIwOhdFAbvt_kL,Cert_GamingP13619.pdf,application/pdf
17vNfQwlNu6--Y7XhCJ_EtTvBUDd0l1sP,Cert_GamingP13633.pdf,application/pdf
18_Ki_i4Q1z0D3_as_g04r079GCMSp6yd,Cert_GamingP13625.pdf,application/pdf
1Llw1c7C_NkEzd1KOIFwIGGIfsBuT3gHO,Cert_GamingP13617.pdf,application/pdf
1OlW9X11-fw37wf2-o7ErtRAKC3pAOH-9,Cert_GamingP1369.pdf,application/pdf
1ltS7FtiCpmiJQIJCpOJB9nqEjZupKhnT,Cert_GamingP13614.pdf,application/pdf
18JwYCaFwIwqE-Fj-rpVgJnaTWCgodYnw,Cert_GamingP13630.pdf,application/pdf
1d6hja8nSY_T8Vh6kifwc5M8FidcG9sCh,Cert_GamingP13618.pdf,application/pdf
1WOOwvVaFQ4aYP6w5ajFO3QLwj67rOr2M,Cert_GamingP13611.pdf,application/pdf
1nvaRFGkGSTZzCF4Gfs-RAFy_9J1lSgvc,Cert_GamingP13627.pdf,application/pdf
15RmtP6D5XgD0v133jAi82-V6QLbM1EXU,Cert_GamingP13613.pdf,application/pdf
11fSmOY5qLxljjz1QaAbVJqxuUZI7ngT-,Cert_GamingP13622.pdf,application/pdf
126yjH8LBy1N_tYHDNzaQ_VK3k8MADDOy,Cert_GamingP13626.pdf,application/pdf
1j_rgAn57E3r0LPUX4gIJexTkc1psUKj5,Cert_GamingP13628.pdf,application/pdf
152Gw2ZZDKbUSAzkjLhsr7rZGULa8NEQh,Cert_GamingP13615.pdf,application/pdf
1i6Q6YTJH4oL7mS8alDLy-TmlXMJZr1mx,Cert_GamingP13621.pdf,application/pdf
16He8tSZpEtGOUlFKpOHZbA_9_4OkxIGD,Cert_GamingP1368.pdf,application/pdf
1yCHgQiR_CEUGrp_-gHS2OSHsJaIfHsUW,Cert_GamingP1361.pdf,application/pdf
1zeMVGLCDNSJz-yDF5hCNOl3uVRp8L83U,Cert_GamingP1363.pdf,application/pdf
1OxSrZjz7dlO5r3_2utiyGTAvriIKCYSi,Cert_GamingP1362.pdf,application/pdf
1AGjI-cPNMHpk9Pl9stPVFdmtCsWr0whr,ITONICS_logo_solo.pdf,application/pdf
1WkVhZnr2m0hdjmwHvErKxwqr3f4U71Ga,ITONICS_logo_claim_block.pdf,application/pdf
1iFhN5xWnMPn0BBFXZO0PU_iOO4yNTf5o,ITONICS_logo_claim_line.pdf,application/pdf
1XmZCgTpXCMoVia0V_MHEHVkIzZZlASSj,Copy of Event Details_ LOCUS_PUBGM.docx,application/vnd.openxmlformats-officedocument.wordprocessingml.document
